min;id;players;playersList;totalRemainingTokens;totalUsedTokens;totalIdeas;rootIdeaId;totalItems;totalComments;totalIdeasWithBets;nbVoteGraph;weightVoteGraph;persuasionGraph;InnovNationGraph;playerId;playerRemainingTokens;playerUsedTokens;playerIdeas;playerItems;playerComments;playerVotes;playerTimeSinceAction;playerBestIdeaScore;playerItemUsage;playerIdeaUsage;playerCommentUsage;playercreativite;playerpertinence;playerpersuasion;playeradaptation;rankcreativite;rankpertinence;rankpersuasion;rankadaptation;itemCreationTime;ideaId;ideaOwnerId;ideaCreationTime;ideaDepthMin;ideaDepthMax;ideaItems;ideaComments;PositiveComments;NegativeComments;PositiveProportion;NegativeProportion;NulProportion;ideaVotes;ideaTokens;ideaTokensMax;ideaShortLength;ideaLongLength;ideaParentsId;ideaParents;ideaParentItems;ideaParentItemsMin;ideaParentItemsMax;ideaParentComments;ideaParentCommentsMin;ideaParentCommentsMax;ideaParentVotes;ideaParentVotesMin;ideaParentVotesMax;ideaParentCreationTimeMin;ideaParentCreationTimeMax;ideaParentItemMean;ideaParentCommentsMean;ideaParentVotesMean;ideaParentCreationTimeMean;ideaHasSameOwnerParent;ideaSameOwnerParents;childrens;commentId;commentIdeaId;commentOwnerId;commentCreationTime;commentSize;commentRank;voteTokens;voteValence;voteInceptions;voteOutceptions;abstract
3;2;8;[2:3:4:5:6:7:8];80;0;3;1;0;1;0;[[2]];[[2]];[[2]];[[3:1:0]:[1:2:0]:[1:3:0]:[1:4:0]:[1:5:1]:[1:6:1]:[1:7:3]:[1:8:3]:[2:9:3:[1]:5]:[6:5:9:3]:[5:9:1:3]:[2:10:3:[1]:8]:[6:8:10:3]:[5:10:1:3]:[4:7:9:3:0:11:9:7:[[3:0:-1]]]:[2:12:3:[1]:3]:[6:3:12:3]:[5:12:1:3]];2;10;0;0;0;0;0;228;0;0;0;0;0.0;0.0;0.0;0.0;0.0;0.0;0.0;0.0;0;0;0;0;0;0;0;0;0;0;0;0;0;0;0;0;0;0;[];0;0;0;0;0;0;0.0;0.0;0.0;0.0;0;0;0;0;0;0;0;0;0;0;0;0;0;0;0;0;0;0;0;0
3;3;8;[2:3:4:5:6:7:8];80;0;3;1;0;1;0;[[3]];[[3]];[[3]];[];3;10;0;1;0;0;0;198;0;0;0;0;0.0;0.0;0.0;0.0;7.0;7.0;7.0;7.0;0;0;0;0;0;0;0;0;0;0;0;0;0;0;0;0;0;0;[];0;0;0;0;0;0;0.0;0.0;0.0;0.0;0;0;0;0;0;0;0;0;0;0;0;0;0;0;0;0;0;0;0;0
3;4;8;[2:3:4:5:6:7:8];80;0;3;1;0;1;0;[[4]];[[4]];[[4]];[];4;10;0;0;0;0;0;180;0;0;0;0;0.0;0.0;0.0;0.0;0.0;0.0;0.0;0.0;0;0;0;0;0;0;0;0;0;0;0;0;0;0;0;0;0;0;[];0;0;0;0;0;0;0.0;0.0;0.0;0.0;0;0;0;0;0;0;0;0;0;0;0;0;0;0;0;0;0;0;0;0
3;5;8;[2:3:4:5:6:7:8];80;0;3;1;0;1;0;[[5]];[[5]];[[5]];[];5;10;0;1;0;0;0;27;0;0;0;0;0.0;0.0;0.0;0.0;7.0;7.0;7.0;7.0;0;0;0;0;0;0;0;0;0;0;0;0;0;0;0;0;0;0;[];0;0;0;0;0;0;0.0;0.0;0.0;0.0;0;0;0;0;0;0;0;0;0;0;0;0;0;0;0;0;0;0;0;0
3;6;8;[2:3:4:5:6:7:8];80;0;3;1;0;1;0;[[6]];[[6]];[[6]];[];6;10;0;0;0;0;0;121;0;0;0;0;0.0;0.0;0.0;0.0;0.0;0.0;0.0;0.0;0;0;0;0;0;0;0;0;0;0;0;0;0;0;0;0;0;0;[];0;0;0;0;0;0;0.0;0.0;0.0;0.0;0;0;0;0;0;0;0;0;0;0;0;0;0;0;0;0;0;0;0;0
3;7;8;[2:3:4:5:6:7:8];80;0;3;1;0;1;0;[[7]:[7:5:1:3]];[[7]:[7:5:0:3]];[[7]];[];7;10;0;0;0;1;0;3;0;0;0;0;0.0;0.0;0.0;0.0;7.0;7.0;7.0;7.0;0;0;0;0;0;0;0;0;0;0;0;0;0;0;0;0;0;0;[];0;0;0;0;0;0;0.0;0.0;0.0;0.0;0;0;0;0;0;0;0;0;0;0;0;0;0;0;0;0;0;0;0;0
3;8;8;[2:3:4:5:6:7:8];80;0;3;1;0;1;0;[[8]];[[8]];[[8]];[];8;10;0;1;0;0;0;13;0;0;0;0;0.0;0.0;0.0;0.0;7.0;7.0;7.0;7.0;0;0;0;0;0;0;0;0;0;0;0;0;0;0;0;0;0;0;[];0;0;0;0;0;0;0.0;0.0;0.0;0.0;0;0;0;0;0;0;0;0;0;0;0;0;0;0;0;0;0;0;0;0
4;2;8;[2:3:4:5:6:7:8];75;5;10;1;0;6;0;[];[];[];[[2:13:4:[10]:8]:[6:8:13:4]:[5:13:10:4]:[4:6:12:4:0:14:12:6:[[4:0:0]]]:[4:7:10:4:1:15:10:7:[[4:1:1]]]:[2:16:4:[13]:8]:[6:8:16:4]:[5:16:13:4]:[4:6:10:4:2:17:10:6:[[4:2:1]]]:[2:18:4:[16:1]:4]:[6:4:18:4]:[5:18:16:4]:[5:18:1:4]:[2:19:4:[16]:5]:[6:5:19:4]:[5:19:16:4]:[2:20:4:[9]:8]:[6:8:20:4]:[5:20:9:4]:[4:5:18:4:2:21:18:5:[[4:2:0]]]:[2:22:4:[20]:8]:[6:8:22:4]:[5:22:20:4]:[4:4:18:4:0:23:18:4:[[4:0:1]]]:[2:24:4:[1]:7]:[6:7:24:4]:[5:24:1:4]];2;10;0;0;0;0;0;288;0;0;0;0;0.0;0.0;0.0;0.0;0.0;0.0;0.0;0.0;0;0;0;0;0;0;0;0;0;0;0;0;0;0;0;0;0;0;[];0;0;0;0;0;0;0.0;0.0;0.0;0.0;0;0;0;0;0;0;0;0;0;0;0;0;0;0;0;0;0;0;0;0
4;3;8;[2:3:4:5:6:7:8];75;5;10;1;0;6;0;[];[];[];[];3;10;0;1;0;0;0;60;0;0;0;0;0.0;0.0;0.0;0.0;7.0;7.0;7.0;7.0;0;0;0;0;0;0;0;0;0;0;0;0;0;0;0;0;0;0;[];0;0;0;0;0;0;0.0;0.0;0.0;0.0;0;0;0;0;0;0;0;0;0;0;0;0;0;0;0;0;0;0;0;0
4;4;8;[2:3:4:5:6:7:8];75;5;10;1;0;6;0;[[4:4:1:4]];[[4:4:0:4]];[];[];4;10;0;1;0;1;0;0;0;0;0;0;2.0;0.0;0.0;0.0;2.0;7.0;7.0;7.0;0;0;0;0;0;0;0;0;0;0;0;0;0;0;0;0;0;0;[];0;0;0;0;0;0;0.0;0.0;0.0;0.0;0;0;0;0;0;0;0;0;0;0;0;0;0;0;0;0;0;0;0;0
4;5;8;[2:3:4:5:6:7:8];75;5;10;1;0;6;0;[[5:4:1:4]];[[5:4:2:4]];[[5:4:200:4]];[];5;8;2;2;0;1;1;5;0;0;1;0;0.0;0.0;0.0;0.0;7.0;7.0;7.0;7.0;0;0;0;0;0;0;0;0;0;0;0;0;0;0;0;0;0;0;[];0;0;0;0;0;0;0.0;0.0;0.0;0.0;0;0;0;0;0;0;0;0;0;0;0;0;0;0;0;0;0;0;0;0
4;6;8;[2:3:4:5:6:7:8];75;5;10;1;0;6;0;[[6:3:1:4]:[6:8:1:4]];[[6:3:0:4]:[6:8:2:4]];[];[];6;8;2;0;0;2;1;27;0;0;0;0;0.0;0.0;0.0;2.0;7.0;7.0;7.0;1.0;0;0;0;0;0;0;0;0;0;0;0;0;0;0;0;0;0;0;[];0;0;0;0;0;0;0.0;0.0;0.0;0.0;0;0;0;0;0;0;0;0;0;0;0;0;0;0;0;0;0;0;0;0
4;7;8;[2:3:4:5:6:7:8];75;5;10;1;0;6;0;[[7:8:1:4]];[[7:8:1:4]];[[7:6:-100:4]];[];7;9;1;1;0;2;1;46;0;0;0;0;0.0;2.0;2.0;0.0;7.0;1.0;1.0;7.0;0;0;0;0;0;0;0;0;0;0;0;0;0;0;0;0;0;0;[];0;0;0;0;0;0;0.0;0.0;0.0;0.0;0;0;0;0;0;0;0;0;0;0;0;0;0;0;0;0;0;0;0;0
4;8;8;[2:3:4:5:6:7:8];75;5;10;1;0;6;0;[];[];[];[];8;10;0;5;0;0;0;0;0;0;5;0;3.0;0.0;0.0;0.0;1.0;7.0;7.0;7.0;0;0;0;0;0;0;0;0;0;0;0;0;0;0;0;0;0;0;[];0;0;0;0;0;0;0.0;0.0;0.0;0.0;0;0;0;0;0;0;0;0;0;0;0;0;0;0;0;0;0;0;0;0
5;2;8;[2:3:4:5:6:7:8];67;13;11;1;0;10;0;[];[];[];[[4:3:24:5:1:25:24:3:[[5:1:0]]]:[4:7:24:5:3:26:24:7:[[5:3:0]]]:[4:5:24:5:1:27:24:5:[[5:1:1]]]:[4:6:18:5:3:28:18:6:[[5:3:1]]]:[2:29:5:[22]:8]:[6:8:29:5]:[5:29:22:5]];2;10;0;0;0;0;0;332;0;0;0;0;0.0;0.0;0.0;0.0;0.0;0.0;0.0;0.0;0;0;0;0;0;0;0;0;0;0;0;0;0;0;0;0;0;0;[];0;0;0;0;0;0;0.0;0.0;0.0;0.0;0;0;0;0;0;0;0;0;0;0;0;0;0;0;0;0;0;0;0;0
5;3;8;[2:3:4:5:6:7:8];67;13;11;1;0;10;0;[[3:7:1:5]];[[3:7:1:5]];[[3:7:-200:5]:[3:5:200:5]];[];3;9;1;1;0;1;1;30;0;0;0;0;0.0;0.0;0.0;0.0;7.0;7.0;7.0;7.0;0;0;0;0;0;0;0;0;0;0;0;0;0;0;0;0;0;0;[];0;0;0;0;0;0;0.0;0.0;0.0;0.0;0;0;0;0;0;0;0;0;0;0;0;0;0;0;0;0;0;0;0;0
5;4;8;[2:3:4:5:6:7:8];67;13;11;1;0;10;0;[];[];[[4:6:-300:5]];[];4;10;0;1;0;1;0;44;0;0;0;0;2.0;0.0;0.0;0.0;2.0;7.0;7.0;7.0;0;0;0;0;0;0;0;0;0;0;0;0;0;0;0;0;0;0;[];0;0;0;0;0;0;0.0;0.0;0.0;0.0;0;0;0;0;0;0;0;0;0;0;0;0;0;0;0;0;0;0;0;0
5;5;8;[2:3:4:5:6:7:8];67;13;11;1;0;10;0;[[5:7:1:5]];[[5:7:1:5]];[[5:6:-300:5]];[];5;7;3;2;0;2;2;26;0;0;1;0;0.0;0.0;0.0;0.0;7.0;7.0;7.0;7.0;0;0;0;0;0;0;0;0;0;0;0;0;0;0;0;0;0;0;[];0;0;0;0;0;0;0.0;0.0;0.0;0.0;0;0;0;0;0;0;0;0;0;0;0;0;0;0;0;0;0;0;0;0
5;6;8;[2:3:4:5:6:7:8];67;13;11;1;0;10;0;[[6:4:1:5]];[[6:4:3:5]];[];[];6;5;5;0;0;3;2;13;0;0;0;0;0.0;0.0;0.0;5.0;7.0;7.0;7.0;1.0;0;0;0;0;0;0;0;0;0;0;0;0;0;0;0;0;0;0;[];0;0;0;0;0;0;0.0;0.0;0.0;0.0;0;0;0;0;0;0;0;0;0;0;0;0;0;0;0;0;0;0;0;0
5;7;8;[2:3:4:5:6:7:8];67;13;11;1;0;10;0;[[7:7:1:5]];[[7:7:3:5]];[[7:5:200:5]];[];7;6;4;1;0;3;2;28;4;0;0;0;1.0;2.0;2.0;0.0;3.0;2.0;1.0;7.0;0;0;0;0;0;0;0;0;0;0;0;0;0;0;0;0;0;0;[];0;0;0;0;0;0;0.0;0.0;0.0;0.0;0;0;0;0;0;0;0;0;0;0;0;0;0;0;0;0;0;0;0;0
5;8;8;[2:3:4:5:6:7:8];67;13;11;1;0;10;0;[];[];[];[];8;10;0;6;0;0;0;44;0;0;6;0;3.0;0.0;0.0;0.0;2.0;7.0;7.0;7.0;0;0;0;0;0;0;0;0;0;0;0;0;0;0;0;0;0;0;[];0;0;0;0;0;0;0.0;0.0;0.0;0.0;0;0;0;0;0;0;0;0;0;0;0;0;0;0;0;0;0;0;0;0
6;2;9;[2:3:4:5:6:7:8:30];76;14;14;1;0;13;0;[];[];[];[[1:30:5]:[4:30:18:6:1:31:18:30:[[6:1:1]]]:[2:32:6:[1]:4]:[6:4:32:6]:[5:32:1:6]:[2:33:6:[1]:8]:[6:8:33:6]:[5:33:1:6]:[4:3:19:6:1:34:19:3:[[6:1:0]]]:[4:3:19:6:1:34:19:3:[[6:1:0]:[6:-1:0]]]:[2:36:6:[33]:8]:[6:8:36:6]:[5:36:33:6]];2;10;0;0;0;0;0;412;0;0;0;0;0.0;0.0;0.0;0.0;0.0;0.0;0.0;0.0;0;0;0;0;0;0;0;0;0;0;0;0;0;0;0;0;0;0;[];0;0;0;0;0;0;0.0;0.0;0.0;0.0;0;0;0;0;0;0;0;0;0;0;0;0;0;0;0;0;0;0;0;0
6;3;9;[2:3:4:5:6:7:8:30];76;14;14;1;0;13;0;[[3:5:1:6]:[3:5:2:6]];[[3:5:1:6]:[3:5:0:6]];[];[];3;9;1;1;0;3;3;3;0;0;0;0;0.0;4.0;0.0;0.0;8.0;3.0;8.0;8.0;0;0;0;0;0;0;0;0;0;0;0;0;0;0;0;0;0;0;[];0;0;0;0;0;0;0.0;0.0;0.0;0.0;0;0;0;0;0;0;0;0;0;0;0;0;0;0;0;0;0;0;0;0
6;4;9;[2:3:4:5:6:7:8:30];76;14;14;1;0;13;0;[];[];[[4:30:100:6]];[];4;10;0;2;0;1;0;20;0;0;0;0;6.0;0.0;3.5;0.0;1.0;8.0;1.0;8.0;0;0;0;0;0;0;0;0;0;0;0;0;0;0;0;0;0;0;[];0;0;0;0;0;0;0.0;0.0;0.0;0.0;0;0;0;0;0;0;0;0;0;0;0;0;0;0;0;0;0;0;0;0
6;5;9;[2:3:4:5:6:7:8:30];76;14;14;1;0;13;0;[];[];[[5:30:100:6]];[];5;7;3;2;0;2;2;106;0;0;1;0;0.0;0.0;0.0;0.0;7.0;7.0;7.0;7.0;0;0;0;0;0;0;0;0;0;0;0;0;0;0;0;0;0;0;[];0;0;0;0;0;0;0.0;0.0;0.0;0.0;0;0;0;0;0;0;0;0;0;0;0;0;0;0;0;0;0;0;0;0
6;6;9;[2:3:4:5:6:7:8:30];76;14;14;1;0;13;0;[];[];[[6:30:200:6]];[];6;5;5;0;0;3;2;93;0;0;0;0;0.0;0.0;0.0;5.0;7.0;7.0;7.0;1.0;0;0;0;0;0;0;0;0;0;0;0;0;0;0;0;0;0;0;[];0;0;0;0;0;0;0.0;0.0;0.0;0.0;0;0;0;0;0;0;0;0;0;0;0;0;0;0;0;0;0;0;0;0
6;7;9;[2:3:4:5:6:7:8:30];76;14;14;1;0;13;0;[];[];[];[];7;6;4;1;0;3;2;108;4;0;0;0;1.0;2.0;2.0;0.0;3.0;2.0;1.0;7.0;0;0;0;0;0;0;0;0;0;0;0;0;0;0;0;0;0;0;[];0;0;0;0;0;0;0.0;0.0;0.0;0.0;0;0;0;0;0;0;0;0;0;0;0;0;0;0;0;0;0;0;0;0
6;8;9;[2:3:4:5:6:7:8:30];76;14;14;1;0;13;0;[];[];[];[];8;10;0;8;0;0;0;15;0;0;7;0;3.0;0.0;0.0;0.0;2.0;8.0;8.0;8.0;0;0;0;0;0;0;0;0;0;0;0;0;0;0;0;0;0;0;[];0;0;0;0;0;0;0.0;0.0;0.0;0.0;0;0;0;0;0;0;0;0;0;0;0;0;0;0;0;0;0;0;0;0
6;30;9;[2:3:4:5:6:7:8:30];76;14;14;1;0;13;0;[[30]:[30:4:1:6]];[[30]:[30:4:1:6]];[[30]];[];30;9;1;0;0;1;1;27;0;0;0;0;0.0;0.0;0.0;1.5;8.0;8.0;8.0;2.0;0;0;0;0;0;0;0;0;0;0;0;0;0;0;0;0;0;0;[];0;0;0;0;0;0;0.0;0.0;0.0;0.0;0;0;0;0;0;0;0;0;0;0;0;0;0;0;0;0;0;0;0;0
7;2;9;[2:3:4:5:6:7:8:30];76;14;18;1;0;15;0;[];[];[];[[2:37:7:[32]:6]:[6:6:37:7]:[5:37:32:7]:[4:4:32:7:0:38:32:4:[[7:0:0]]]:[2:39:7:[32]:8]:[6:8:39:7]:[5:39:32:7]:[4:5:36:7:0:40:36:5:[[7:0:-1]]]:[2:41:7:[32]:4]:[6:4:41:7]:[5:41:32:7]:[2:42:7:[1]:8]:[6:8:42:7]:[5:42:1:7]];2;10;0;0;0;0;0;465;0;0;0;0;0.0;0.0;0.0;0.0;0.0;0.0;0.0;0.0;0;0;0;0;0;0;0;0;0;0;0;0;0;0;0;0;0;0;[];0;0;0;0;0;0;0.0;0.0;0.0;0.0;0;0;0;0;0;0;0;0;0;0;0;0;0;0;0;0;0;0;0;0
7;3;9;[2:3:4:5:6:7:8:30];76;14;18;1;0;15;0;[];[];[];[];3;9;1;1;0;3;3;56;0;0;0;0;0.0;4.0;0.0;0.0;8.0;3.0;8.0;8.0;0;0;0;0;0;0;0;0;0;0;0;0;0;0;0;0;0;0;[];0;0;0;0;0;0;0.0;0.0;0.0;0.0;0;0;0;0;0;0;0;0;0;0;0;0;0;0;0;0;0;0;0;0
7;4;9;[2:3:4:5:6:7:8:30];76;14;18;1;0;15;0;[[4:4:1:7]:[4:4:1:4:6]];[[4:4:0:7]:[4:4:0:4:6]];[];[];4;10;0;3;0;2;0;13;0;0;3;0;6.0;0.0;3.5;0.0;1.0;8.0;1.0;8.0;0;0;0;0;0;0;0;0;0;0;0;0;0;0;0;0;0;0;[];0;0;0;0;0;0;0.0;0.0;0.0;0.0;0;0;0;0;0;0;0;0;0;0;0;0;0;0;0;0;0;0;0;0
7;5;9;[2:3:4:5:6:7:8:30];76;14;18;1;0;15;0;[[5:8:1:7]];[[5:8:0:7]];[];[];5;7;3;2;0;3;2;28;0;0;1;0;1.0;8.0;0.0;0.0;4.0;1.0;8.0;8.0;0;0;0;0;0;0;0;0;0;0;0;0;0;0;0;0;0;0;[];0;0;0;0;0;0;0.0;0.0;0.0;0.0;0;0;0;0;0;0;0;0;0;0;0;0;0;0;0;0;0;0;0;0
7;6;9;[2:3:4:5:6:7:8:30];76;14;18;1;0;15;0;[];[];[];[];6;5;5;1;0;3;2;46;0;0;0;0;0.0;3.0;1.0;5.0;8.0;4.0;3.0;1.0;0;0;0;0;0;0;0;0;0;0;0;0;0;0;0;0;0;0;[];0;0;0;0;0;0;0.0;0.0;0.0;0.0;0;0;0;0;0;0;0;0;0;0;0;0;0;0;0;0;0;0;0;0
7;7;9;[2:3:4:5:6:7:8:30];76;14;18;1;0;15;0;[];[];[];[];7;6;4;1;0;3;2;161;4;0;0;0;1.0;2.0;2.0;0.0;3.0;2.0;1.0;7.0;0;0;0;0;0;0;0;0;0;0;0;0;0;0;0;0;0;0;[];0;0;0;0;0;0;0.0;0.0;0.0;0.0;0;0;0;0;0;0;0;0;0;0;0;0;0;0;0;0;0;0;0;0
7;8;9;[2:3:4:5:6:7:8:30];76;14;18;1;0;15;0;[];[];[];[];8;10;0;10;0;0;0;33;0;0;7;0;3.0;0.0;0.0;0.0;2.0;8.0;8.0;8.0;0;0;0;0;0;0;0;0;0;0;0;0;0;0;0;0;0;0;[];0;0;0;0;0;0;0.0;0.0;0.0;0.0;0;0;0;0;0;0;0;0;0;0;0;0;0;0;0;0;0;0;0;0
7;30;9;[2:3:4:5:6:7:8:30];76;14;18;1;0;15;0;[];[];[];[];30;9;1;0;0;1;1;80;0;0;0;0;0.0;0.0;0.0;1.5;8.0;8.0;8.0;2.0;0;0;0;0;0;0;0;0;0;0;0;0;0;0;0;0;0;0;[];0;0;0;0;0;0;0.0;0.0;0.0;0.0;0;0;0;0;0;0;0;0;0;0;0;0;0;0;0;0;0;0;0;0
8;2;9;[2:3:4:5:6:7:8:30];65;25;24;1;0;18;0;[];[];[];[[2:43:8:[42]:8]:[6:8:43:8]:[5:43:42:8]:[2:44:8:[1]:30]:[6:30:44:8]:[5:44:1:8]:[2:45:8:[42]:8]:[6:8:45:8]:[5:45:42:8]:[4:6:41:8:2:46:41:6:[[8:2:-1]]]:[2:47:8:[42]:8]:[6:8:47:8]:[5:47:42:8]:[4:30:44:8:9:48:44:30:[[8:9:1]]]:[2:49:8:[42]:4]:[6:4:49:8]:[5:49:42:8]:[2:50:8:[1]:5]:[6:5:50:8]:[5:50:1:8]:[4:4:49:8:0:51:49:4:[[8:0:1]]]];2;10;0;0;0;0;0;533;0;0;0;0;0.0;0.0;0.0;0.0;0.0;0.0;0.0;0.0;0;0;0;0;0;0;0;0;0;0;0;0;0;0;0;0;0;0;[];0;0;0;0;0;0;0.0;0.0;0.0;0.0;0;0;0;0;0;0;0;0;0;0;0;0;0;0;0;0;0;0;0;0
8;3;9;[2:3:4:5:6:7:8:30];65;25;24;1;0;18;0;[];[];[];[];3;9;1;1;0;3;3;124;0;0;0;0;0.0;4.0;0.0;0.0;8.0;3.0;8.0;8.0;0;0;0;0;0;0;0;0;0;0;0;0;0;0;0;0;0;0;[];0;0;0;0;0;0;0.0;0.0;0.0;0.0;0;0;0;0;0;0;0;0;0;0;0;0;0;0;0;0;0;0;0;0
8;4;9;[2:3:4:5:6:7:8:30];65;25;24;1;0;18;0;[[4:4:1:7:7]:[4:4:1:8]];[[4:4:0:7:7]:[4:4:0:8]];[];[];4;10;0;4;0;3;0;23;0;0;3;0;8.0;0.0;3.5;0.0;1.0;8.0;1.0;8.0;0;0;0;0;0;0;0;0;0;0;0;0;0;0;0;0;0;0;[];0;0;0;0;0;0;0.0;0.0;0.0;0.0;0;0;0;0;0;0;0;0;0;0;0;0;0;0;0;0;0;0;0;0
8;5;9;[2:3:4:5:6:7:8:30];65;25;24;1;0;18;0;[];[];[];[];5;7;3;3;0;3;2;19;0;0;1;0;1.0;8.0;0.0;0.0;4.0;1.0;8.0;8.0;0;0;0;0;0;0;0;0;0;0;0;0;0;0;0;0;0;0;[];0;0;0;0;0;0;0.0;0.0;0.0;0.0;0;0;0;0;0;0;0;0;0;0;0;0;0;0;0;0;0;0;0;0
8;6;9;[2:3:4:5:6:7:8:30];65;25;24;1;0;18;0;[[6:4:1:5:7]:[6:4:1:8]];[[6:4:3:5:7]:[6:4:2:8]];[];[];6;3;7;1;0;4;3;38;0;0;0;0;0.0;3.0;1.0;5.0;8.0;4.0;3.0;1.0;0;0;0;0;0;0;0;0;0;0;0;0;0;0;0;0;0;0;[];0;0;0;0;0;0;0.0;0.0;0.0;0.0;0;0;0;0;0;0;0;0;0;0;0;0;0;0;0;0;0;0;0;0
8;7;9;[2:3:4:5:6:7:8:30];65;25;24;1;0;18;0;[];[];[];[];7;6;4;1;0;3;2;229;4;0;0;0;1.0;2.0;2.0;0.0;3.0;2.0;1.0;7.0;0;0;0;0;0;0;0;0;0;0;0;0;0;0;0;0;0;0;[];0;0;0;0;0;0;0.0;0.0;0.0;0.0;0;0;0;0;0;0;0;0;0;0;0;0;0;0;0;0;0;0;0;0
8;8;9;[2:3:4:5:6:7:8:30];65;25;24;1;0;18;0;[];[];[];[];8;10;0;13;0;0;0;29;0;0;11;0;3.0;0.0;0.0;0.0;2.0;8.0;8.0;8.0;0;0;0;0;0;0;0;0;0;0;0;0;0;0;0;0;0;0;[];0;0;0;0;0;0;0.0;0.0;0.0;0.0;0;0;0;0;0;0;0;0;0;0;0;0;0;0;0;0;0;0;0;0
8;30;9;[2:3:4:5:6:7:8:30];65;25;24;1;0;18;0;[[30:30:1:8]];[[30:30:9:8]];[];[];30;0;10;1;0;2;2;28;9;0;0;0;0.0;0.0;0.0;1.5;8.0;8.0;8.0;2.0;0;0;0;0;0;0;0;0;0;0;0;0;0;0;0;0;0;0;[];0;0;0;0;0;0;0.0;0.0;0.0;0.0;0;0;0;0;0;0;0;0;0;0;0;0;0;0;0;0;0;0;0;0
9;2;9;[2:3:4:5:6:7:8:30];46;44;28;1;0;23;0;[];[];[];[[2:52:9:[42]:5]:[6:5:52:9]:[5:52:42:9]:[4:8:42:9:10:53:42:8:[[9:10:0]]]:[2:54:9:[1]:7]:[6:7:54:9]:[5:54:1:9]:[2:55:9:[42]:8]:[6:8:55:9]:[5:55:42:9]:[4:7:54:9:3:56:54:7:[[9:3:0]]]:[2:57:9:[55]:8]:[6:8:57:9]:[5:57:55:9]:[4:6:52:9:1:58:52:6:[[9:1:1]]]:[4:4:18:4:0:23:18:4:[[4:0:1]:[9:3:0]]]:[4:7:13:9:2:60:13:7:[[9:2:0]]]];2;10;0;0;0;0;0;589;0;0;0;0;0.0;0.0;0.0;0.0;0.0;0.0;0.0;0.0;0;0;0;0;0;0;0;0;0;0;0;0;0;0;0;0;0;0;[];0;0;0;0;0;0;0.0;0.0;0.0;0.0;0;0;0;0;0;0;0;0;0;0;0;0;0;0;0;0;0;0;0;0
9;3;9;[2:3:4:5:6:7:8:30];46;44;28;1;0;23;0;[];[];[];[];3;9;1;1;0;3;3;180;0;0;0;0;0.0;4.0;0.0;0.0;8.0;3.0;8.0;8.0;0;0;0;0;0;0;0;0;0;0;0;0;0;0;0;0;0;0;[];0;0;0;0;0;0;0.0;0.0;0.0;0.0;0;0;0;0;0;0;0;0;0;0;0;0;0;0;0;0;0;0;0;0
9;4;9;[2:3:4:5:6:7:8:30];46;44;28;1;0;23;0;[];[];[];[];4;7;3;4;0;4;1;9;9;0;3;0;8.0;0.0;3.5;4.5;1.0;8.0;1.0;2.0;0;0;0;0;0;0;0;0;0;0;0;0;0;0;0;0;0;0;[];0;0;0;0;0;0;0.0;0.0;0.0;0.0;0;0;0;0;0;0;0;0;0;0;0;0;0;0;0;0;0;0;0;0
9;5;9;[2:3:4:5:6:7:8:30];46;44;28;1;0;23;0;[];[];[[5:4:200:4:8]:[5:4:160:9]];[];5;7;3;4;0;3;2;50;0;0;1;0;1.0;8.0;0.0;0.0;4.0;1.0;8.0;8.0;0;0;0;0;0;0;0;0;0;0;0;0;0;0;0;0;0;0;[];0;0;0;0;0;0;0.0;0.0;0.0;0.0;0;0;0;0;0;0;0;0;0;0;0;0;0;0;0;0;0;0;0;0
9;6;9;[2:3:4:5:6:7:8:30];46;44;28;1;0;23;0;[[6:5:1:9]];[[6:5:1:9]];[[6:4:-50:9]];[];6;2;8;1;0;5;4;12;0;0;0;0;0.0;3.0;1.0;5.0;8.0;4.0;3.0;1.0;0;0;0;0;0;0;0;0;0;0;0;0;0;0;0;0;0;0;[];0;0;0;0;0;0;0.0;0.0;0.0;0.0;0;0;0;0;0;0;0;0;0;0;0;0;0;0;0;0;0;0;0;0
9;7;9;[2:3:4:5:6:7:8:30];46;44;28;1;0;23;0;[[7:7:1:5:8]:[7:7:1:9]:[7:8:1:4:8]:[7:8:1:9]];[[7:7:3:5:8]:[7:7:3:9]:[7:8:1:4:8]:[7:8:2:9]];[];[];7;1;9;2;0;5;4;19;4;0;0;0;2.0;5.0;2.0;0.0;4.0;3.0;4.0;8.0;0;0;0;0;0;0;0;0;0;0;0;0;0;0;0;0;0;0;[];0;0;0;0;0;0;0.0;0.0;0.0;0.0;0;0;0;0;0;0;0;0;0;0;0;0;0;0;0;0;0;0;0;0
9;8;9;[2:3:4:5:6:7:8:30];46;44;28;1;0;23;0;[[8:8:1:9]];[[8:8:10:9]];[];[];8;0;10;15;0;1;1;13;10;0;14;0;3.0;0.0;0.0;0.0;2.0;8.0;8.0;8.0;0;0;0;0;0;0;0;0;0;0;0;0;0;0;0;0;0;0;[];0;0;0;0;0;0;0.0;0.0;0.0;0.0;0;0;0;0;0;0;0;0;0;0;0;0;0;0;0;0;0;0;0;0
9;30;9;[2:3:4:5:6:7:8:30];46;44;28;1;0;23;0;[];[];[];[];30;0;10;1;0;2;2;84;9;0;0;0;0.0;0.0;0.0;1.5;8.0;8.0;8.0;2.0;0;0;0;0;0;0;0;0;0;0;0;0;0;0;0;0;0;0;[];0;0;0;0;0;0;0.0;0.0;0.0;0.0;0;0;0;0;0;0;0;0;0;0;0;0;0;0;0;0;0;0;0;0
10;2;9;[2:3:4:5:6:7:8:30];46;44;28;1;0;26;0;[];[];[];[[4:30:54:10:0:61:54:30:[[10:0:1]]]:[4:8:42:9:10:53:42:8:[[9:10:0]:[10:0:0]]]:[4:30:1:10:0:63:1:30:[[10:0:1]]]];2;10;0;0;0;0;0;648;0;0;0;0;0.0;0.0;0.0;0.0;0.0;0.0;0.0;0.0;0;0;0;0;0;0;0;0;0;0;0;0;0;0;0;0;0;0;[];0;0;0;0;0;0;0.0;0.0;0.0;0.0;0;0;0;0;0;0;0;0;0;0;0;0;0;0;0;0;0;0;0;0
10;3;9;[2:3:4:5:6:7:8:30];46;44;28;1;0;26;0;[];[];[];[];3;9;1;1;0;3;3;239;0;0;0;0;0.0;4.0;0.0;0.0;8.0;3.0;8.0;8.0;0;0;0;0;0;0;0;0;0;0;0;0;0;0;0;0;0;0;[];0;0;0;0;0;0;0.0;0.0;0.0;0.0;0;0;0;0;0;0;0;0;0;0;0;0;0;0;0;0;0;0;0;0
10;4;9;[2:3:4:5:6:7:8:30];46;44;28;1;0;26;0;[];[];[];[];4;7;3;4;0;4;1;68;9;0;3;0;8.0;0.0;3.5;4.5;1.0;8.0;1.0;2.0;0;0;0;0;0;0;0;0;0;0;0;0;0;0;0;0;0;0;[];0;0;0;0;0;0;0.0;0.0;0.0;0.0;0;0;0;0;0;0;0;0;0;0;0;0;0;0;0;0;0;0;0;0
10;5;9;[2:3:4:5:6:7:8:30];46;44;28;1;0;26;0;[];[];[];[];5;7;3;4;0;3;2;109;0;0;1;0;1.0;8.0;0.0;0.0;4.0;1.0;8.0;8.0;0;0;0;0;0;0;0;0;0;0;0;0;0;0;0;0;0;0;[];0;0;0;0;0;0;0.0;0.0;0.0;0.0;0;0;0;0;0;0;0;0;0;0;0;0;0;0;0;0;0;0;0;0
10;6;9;[2:3:4:5:6:7:8:30];46;44;28;1;0;26;0;[];[];[];[];6;2;8;1;0;5;4;71;0;0;0;0;0.0;3.0;1.0;5.0;8.0;4.0;3.0;1.0;0;0;0;0;0;0;0;0;0;0;0;0;0;0;0;0;0;0;[];0;0;0;0;0;0;0.0;0.0;0.0;0.0;0;0;0;0;0;0;0;0;0;0;0;0;0;0;0;0;0;0;0;0
10;7;9;[2:3:4:5:6:7:8:30];46;44;28;1;0;26;0;[];[];[[7:30:300:10]];[];7;1;9;2;0;5;4;59;4;0;0;0;2.0;5.0;2.0;0.0;4.0;3.0;4.0;8.0;0;0;0;0;0;0;0;0;0;0;0;0;0;0;0;0;0;0;[];0;0;0;0;0;0;0.0;0.0;0.0;0.0;0;0;0;0;0;0;0;0;0;0;0;0;0;0;0;0;0;0;0;0
10;8;9;[2:3:4:5:6:7:8:30];46;44;28;1;0;26;0;[[8:8:1:9:9]:[8:8:2:10]];[[8:8:10:9:9]:[8:8:10:10]];[];[];8;0;10;15;0;2;1;2;10;0;14;0;5.0;0.0;0.0;0.0;2.0;8.0;8.0;8.0;0;0;0;0;0;0;0;0;0;0;0;0;0;0;0;0;0;0;[];0;0;0;0;0;0;0.0;0.0;0.0;0.0;0;0;0;0;0;0;0;0;0;0;0;0;0;0;0;0;0;0;0;0
10;30;9;[2:3:4:5:6:7:8:30];46;44;28;1;0;26;0;[[30:7:1:10]:[30:root:1:10]];[[30:7:0:10]:[30:root:0:10]];[];[];30;0;10;1;0;4;2;50;9;0;0;0;0.0;3.0;3.0;1.5;8.0;5.0;2.0;3.0;0;0;0;0;0;0;0;0;0;0;0;0;0;0;0;0;0;0;[];0;0;0;0;0;0;0.0;0.0;0.0;0.0;0;0;0;0;0;0;0;0;0;0;0;0;0;0;0;0;0;0;0;0
11;2;9;[2:3:4:5:6:7:8:30];45;45;31;1;0;29;0;[];[];[];[[2:64:11:[29]:4]:[6:4:64:11]:[5:64:29:11]:[2:65:11:[42]:8]:[6:8:65:11]:[5:65:42:11]:[2:66:11:[42]:5]:[6:5:66:11]:[5:66:42:11]:[4:4:57:11:0:67:57:4:[[11:0:-1]]]:[4:4:65:11:1:68:65:4:[[11:1:1]]]:[4:8:66:11:0:69:66:8:[[11:0:0]]]];2;10;0;0;0;0;0;705;0;0;0;0;0.0;0.0;0.0;0.0;0.0;0.0;0.0;0.0;0;0;0;0;0;0;0;0;0;0;0;0;0;0;0;0;0;0;[];0;0;0;0;0;0;0.0;0.0;0.0;0.0;0;0;0;0;0;0;0;0;0;0;0;0;0;0;0;0;0;0;0;0
11;3;9;[2:3:4:5:6:7:8:30];45;45;31;1;0;29;0;[];[];[];[];3;9;1;1;0;3;3;296;0;0;0;0;0.0;4.0;0.0;0.0;8.0;3.0;8.0;8.0;0;0;0;0;0;0;0;0;0;0;0;0;0;0;0;0;0;0;[];0;0;0;0;0;0;0.0;0.0;0.0;0.0;0;0;0;0;0;0;0;0;0;0;0;0;0;0;0;0;0;0;0;0
11;4;9;[2:3:4:5:6:7:8:30];45;45;31;1;0;29;0;[[4:8:1:11]];[[4:8:0:11]:[4:8:1:11]];[];[];4;6;4;5;0;6;2;7;9;0;3;0;8.0;0.0;3.5;4.5;1.0;8.0;1.0;2.0;0;0;0;0;0;0;0;0;0;0;0;0;0;0;0;0;0;0;[];0;0;0;0;0;0;0.0;0.0;0.0;0.0;0;0;0;0;0;0;0;0;0;0;0;0;0;0;0;0;0;0;0;0
11;5;9;[2:3:4:5:6:7:8:30];45;45;31;1;0;29;0;[];[];[];[];5;7;3;5;0;3;2;19;0;0;1;0;2.0;14.0;0.0;0.0;4.0;1.0;8.0;8.0;0;0;0;0;0;0;0;0;0;0;0;0;0;0;0;0;0;0;[];0;0;0;0;0;0;0.0;0.0;0.0;0.0;0;0;0;0;0;0;0;0;0;0;0;0;0;0;0;0;0;0;0;0
11;6;9;[2:3:4:5:6:7:8:30];45;45;31;1;0;29;0;[];[];[];[];6;2;8;1;0;5;4;128;0;0;0;0;0.0;3.0;1.0;5.0;8.0;4.0;3.0;1.0;0;0;0;0;0;0;0;0;0;0;0;0;0;0;0;0;0;0;[];0;0;0;0;0;0;0.0;0.0;0.0;0.0;0;0;0;0;0;0;0;0;0;0;0;0;0;0;0;0;0;0;0;0
11;7;9;[2:3:4:5:6:7:8:30];45;45;31;1;0;29;0;[];[];[];[];7;1;9;2;0;5;4;116;4;0;0;0;2.0;5.0;2.0;0.0;4.0;3.0;4.0;8.0;0;0;0;0;0;0;0;0;0;0;0;0;0;0;0;0;0;0;[];0;0;0;0;0;0;0.0;0.0;0.0;0.0;0;0;0;0;0;0;0;0;0;0;0;0;0;0;0;0;0;0;0;0
11;8;9;[2:3:4:5:6:7:8:30];45;45;31;1;0;29;0;[[8:5:1:11]];[[8:5:0:11]];[];[];8;0;10;16;0;3;1;20;10;0;17;0;6.0;0.0;0.0;0.0;2.0;8.0;8.0;8.0;0;0;0;0;0;0;0;0;0;0;0;0;0;0;0;0;0;0;[];0;0;0;0;0;0;0.0;0.0;0.0;0.0;0;0;0;0;0;0;0;0;0;0;0;0;0;0;0;0;0;0;0;0
11;30;9;[2:3:4:5:6:7:8:30];45;45;31;1;0;29;0;[];[];[];[];30;0;10;1;0;4;2;57;9;0;0;0;0.0;3.0;3.0;1.5;8.0;5.0;2.0;3.0;0;0;0;0;0;0;0;0;0;0;0;0;0;0;0;0;0;0;[];0;0;0;0;0;0;0.0;0.0;0.0;0.0;0;0;0;0;0;0;0;0;0;0;0;0;0;0;0;0;0;0;0;0
12;2;9;[2:3:4:5:6:7:8:30];45;45;31;1;0;32;0;[];[];[];[[4:30:45:12:0:70:45:30:[[12:0:0]]]:[4:5:42:12:0:71:42:5:[[12:0:-1]]]:[4:8:42:9:10:53:42:8:[[9:10:0]:[10:0:0]:[12:0:0]]]];2;10;0;0;0;0;0;762;0;0;0;0;0.0;0.0;0.0;0.0;0.0;0.0;0.0;0.0;0;0;0;0;0;0;0;0;0;0;0;0;0;0;0;0;0;0;[];0;0;0;0;0;0;0.0;0.0;0.0;0.0;0;0;0;0;0;0;0;0;0;0;0;0;0;0;0;0;0;0;0;0
12;3;9;[2:3:4:5:6:7:8:30];45;45;31;1;0;32;0;[];[];[];[];3;9;1;1;0;3;3;353;0;0;0;0;0.0;4.0;0.0;0.0;8.0;3.0;8.0;8.0;0;0;0;0;0;0;0;0;0;0;0;0;0;0;0;0;0;0;[];0;0;0;0;0;0;0.0;0.0;0.0;0.0;0;0;0;0;0;0;0;0;0;0;0;0;0;0;0;0;0;0;0;0
12;4;9;[2:3:4:5:6:7:8:30];45;45;31;1;0;32;0;[];[];[];[];4;6;4;5;0;6;2;64;9;0;3;0;8.0;0.0;3.5;4.5;1.0;8.0;1.0;2.0;0;0;0;0;0;0;0;0;0;0;0;0;0;0;0;0;0;0;[];0;0;0;0;0;0;0.0;0.0;0.0;0.0;0;0;0;0;0;0;0;0;0;0;0;0;0;0;0;0;0;0;0;0
12;5;9;[2:3:4:5:6:7:8:30];45;45;31;1;0;32;0;[[5:8:1:12]:[5:8:1:7:11]];[[5:8:0:12]:[5:8:0:7:11]];[];[];5;7;3;5;0;4;2;25;0;0;1;0;2.0;14.0;0.0;0.0;4.0;1.0;8.0;8.0;0;0;0;0;0;0;0;0;0;0;0;0;0;0;0;0;0;0;[];0;0;0;0;0;0;0.0;0.0;0.0;0.0;0;0;0;0;0;0;0;0;0;0;0;0;0;0;0;0;0;0;0;0
12;6;9;[2:3:4:5:6:7:8:30];45;45;31;1;0;32;0;[];[];[];[];6;2;8;1;0;5;4;185;0;0;0;0;0.0;3.0;1.0;5.0;8.0;4.0;3.0;1.0;0;0;0;0;0;0;0;0;0;0;0;0;0;0;0;0;0;0;[];0;0;0;0;0;0;0.0;0.0;0.0;0.0;0;0;0;0;0;0;0;0;0;0;0;0;0;0;0;0;0;0;0;0
12;7;9;[2:3:4:5:6:7:8:30];45;45;31;1;0;32;0;[];[];[];[];7;1;9;2;0;5;4;173;4;0;0;0;2.0;5.0;2.0;0.0;4.0;3.0;4.0;8.0;0;0;0;0;0;0;0;0;0;0;0;0;0;0;0;0;0;0;[];0;0;0;0;0;0;0.0;0.0;0.0;0.0;0;0;0;0;0;0;0;0;0;0;0;0;0;0;0;0;0;0;0;0
12;8;9;[2:3:4:5:6:7:8:30];45;45;31;1;0;32;0;[[8:8:2:10:11]:[8:8:3:12]];[[8:8:10:10:11]:[8:8:10:12]];[];[];8;0;10;16;0;4;1;57;10;0;17;0;6.0;0.0;0.0;0.0;2.0;8.0;8.0;8.0;0;0;0;0;0;0;0;0;0;0;0;0;0;0;0;0;0;0;[];0;0;0;0;0;0;0.0;0.0;0.0;0.0;0;0;0;0;0;0;0;0;0;0;0;0;0;0;0;0;0;0;0;0
12;30;9;[2:3:4:5:6:7:8:30];45;45;31;1;0;32;0;[[30:8:1:12]];[[30:8:0:12]];[];[];30;0;10;1;0;5;2;38;9;0;0;0;0.0;3.0;3.0;1.5;8.0;5.0;2.0;3.0;0;0;0;0;0;0;0;0;0;0;0;0;0;0;0;0;0;0;[];0;0;0;0;0;0;0.0;0.0;0.0;0.0;0;0;0;0;0;0;0;0;0;0;0;0;0;0;0;0;0;0;0;0
13;2;10;[2:3:4:5:6:7:8:30:76];54;46;32;1;0;36;0;[];[];[];[[4:4:42:13:0:73:42:4:[[13:0:-1]]]:[4:5:39:13:0:74:39:5:[[13:0:-1]]]:[4:7:42:13:0:75:42:7:[[13:0:1]]]:[1:76:13]:[2:77:13:[42]:8]:[6:8:77:13]:[5:77:42:13]:[4:7:77:13:1:78:77:7:[[13:1:1]]]];2;10;0;0;0;0;0;817;0;0;0;0;0.0;0.0;0.0;0.0;0.0;0.0;0.0;0.0;0;0;0;0;0;0;0;0;0;0;0;0;0;0;0;0;0;0;[];0;0;0;0;0;0;0.0;0.0;0.0;0.0;0;0;0;0;0;0;0;0;0;0;0;0;0;0;0;0;0;0;0;0
13;3;10;[2:3:4:5:6:7:8:30:76];54;46;32;1;0;36;0;[];[];[];[];3;9;1;1;0;3;3;408;0;0;0;0;0.0;4.0;0.0;0.0;8.0;3.0;8.0;8.0;0;0;0;0;0;0;0;0;0;0;0;0;0;0;0;0;0;0;[];0;0;0;0;0;0;0.0;0.0;0.0;0.0;0;0;0;0;0;0;0;0;0;0;0;0;0;0;0;0;0;0;0;0
13;4;10;[2:3:4:5:6:7:8:30:76];54;46;32;1;0;36;0;[[4:8:1:11:12]:[4:8:1:13]];[[4:8:1:11:12]:[4:8:0:13]];[];[];4;6;4;5;0;7;2;35;9;0;3;0;8.0;0.0;3.5;4.5;1.0;8.0;1.0;2.0;0;0;0;0;0;0;0;0;0;0;0;0;0;0;0;0;0;0;[];0;0;0;0;0;0;0.0;0.0;0.0;0.0;0;0;0;0;0;0;0;0;0;0;0;0;0;0;0;0;0;0;0;0
13;5;10;[2:3:4:5:6:7:8:30:76];54;46;32;1;0;36;0;[[5:8:1:12:12]:[5:8:1:13]];[[5:8:0:12:12]:[5:8:0:13]];[];[];5;7;3;5;0;5;2;24;0;0;1;0;2.0;14.0;0.0;0.0;4.0;1.0;8.0;8.0;0;0;0;0;0;0;0;0;0;0;0;0;0;0;0;0;0;0;[];0;0;0;0;0;0;0.0;0.0;0.0;0.0;0;0;0;0;0;0;0;0;0;0;0;0;0;0;0;0;0;0;0;0
13;6;10;[2:3:4:5:6:7:8:30:76];54;46;32;1;0;36;0;[];[];[];[];6;2;8;1;0;5;4;240;0;0;0;0;0.0;3.0;1.0;5.0;8.0;4.0;3.0;1.0;0;0;0;0;0;0;0;0;0;0;0;0;0;0;0;0;0;0;[];0;0;0;0;0;0;0.0;0.0;0.0;0.0;0;0;0;0;0;0;0;0;0;0;0;0;0;0;0;0;0;0;0;0
13;7;10;[2:3:4:5:6:7:8:30:76];54;46;32;1;0;36;0;[[7:8:1:9:12]:[7:8:1:13]];[[7:8:2:9:12]:[7:8:0:13]:[7:8:1:13]];[];[];7;0;10;2;0;7;5;23;4;0;0;0;2.0;5.0;2.0;0.0;4.0;3.0;4.0;9.0;0;0;0;0;0;0;0;0;0;0;0;0;0;0;0;0;0;0;[];0;0;0;0;0;0;0.0;0.0;0.0;0.0;0;0;0;0;0;0;0;0;0;0;0;0;0;0;0;0;0;0;0;0
13;8;10;[2:3:4:5:6:7:8:30:76];54;46;32;1;0;36;0;[];[];[];[];8;0;10;17;0;4;1;10;10;0;18;0;6.0;0.0;0.0;0.0;2.0;9.0;9.0;9.0;0;0;0;0;0;0;0;0;0;0;0;0;0;0;0;0;0;0;[];0;0;0;0;0;0;0.0;0.0;0.0;0.0;0;0;0;0;0;0;0;0;0;0;0;0;0;0;0;0;0;0;0;0
13;30;10;[2:3:4:5:6:7:8:30:76];54;46;32;1;0;36;0;[];[];[[30:4:-66:9]];[];30;0;10;1;0;5;2;93;9;0;0;0;0.0;3.0;3.0;1.5;8.0;5.0;2.0;3.0;0;0;0;0;0;0;0;0;0;0;0;0;0;0;0;0;0;0;[];0;0;0;0;0;0;0.0;0.0;0.0;0.0;0;0;0;0;0;0;0;0;0;0;0;0;0;0;0;0;0;0;0;0
13;76;10;[2:3:4:5:6:7:8:30:76];54;46;32;1;0;36;0;[[76]];[[76]];[[76]];[];76;10;0;0;0;0;0;14;0;0;0;0;0.0;0.0;0.0;0.0;0.0;0.0;0.0;0.0;0;0;0;0;0;0;0;0;0;0;0;0;0;0;0;0;0;0;[];0;0;0;0;0;0;0.0;0.0;0.0;0.0;0;0;0;0;0;0;0;0;0;0;0;0;0;0;0;0;0;0;0;0
14;2;10;[2:3:4:5:6:7:8:30:76];52;48;35;1;0;41;0;[];[];[];[[4:5:77:14:0:79:77:5:[[14:0:-1]]]:[2:80:14:[42]:4]:[6:4:80:14]:[5:80:42:14]:[4:30:44:8:9:48:44:30:[[8:9:1]:[14:-1:0]]]:[4:30:80:14:1:82:80:30:[[14:1:0]]]:[4:4:80:14:1:83:80:4:[[14:1:1]]]:[4:5:44:14:1:84:44:5:[[14:1:1]]]:[2:85:14:[1]:8]:[6:8:85:14]:[5:85:1:14]:[2:86:14:[85]:8]:[6:8:86:14]:[5:86:85:14]];2;10;0;0;0;0;0;890;0;0;0;0;0.0;0.0;0.0;0.0;0.0;0.0;0.0;0.0;0;0;0;0;0;0;0;0;0;0;0;0;0;0;0;0;0;0;[];0;0;0;0;0;0;0.0;0.0;0.0;0.0;0;0;0;0;0;0;0;0;0;0;0;0;0;0;0;0;0;0;0;0
14;3;10;[2:3:4:5:6:7:8:30:76];52;48;35;1;0;41;0;[];[];[];[];3;9;1;1;0;3;3;481;0;0;0;0;0.0;4.0;0.0;0.0;8.0;3.0;8.0;8.0;0;0;0;0;0;0;0;0;0;0;0;0;0;0;0;0;0;0;[];0;0;0;0;0;0;0.0;0.0;0.0;0.0;0;0;0;0;0;0;0;0;0;0;0;0;0;0;0;0;0;0;0;0
14;4;10;[2:3:4:5:6:7:8:30:76];52;48;35;1;0;41;0;[[4:4:1:8:13]:[4:4:1:14]];[[4:4:0:8:13]:[4:4:1:14]];[];[];4;5;5;6;0;8;3;23;9;0;3;0;9.0;0.0;3.5;4.5;1.0;9.0;1.0;2.0;0;0;0;0;0;0;0;0;0;0;0;0;0;0;0;0;0;0;[];0;0;0;0;0;0;0.0;0.0;0.0;0.0;0;0;0;0;0;0;0;0;0;0;0;0;0;0;0;0;0;0;0;0
14;5;10;[2:3:4:5:6:7:8:30:76];52;48;35;1;0;41;0;[[5:8:1:13:13]:[5:8:1:14]:[5:30:1:14]];[[5:8:0:13:13]:[5:8:0:14]:[5:30:1:14]];[];[];5;6;4;5;0;7;3;22;0;0;1;0;2.0;14.0;0.0;0.5;4.0;1.0;9.0;4.0;0;0;0;0;0;0;0;0;0;0;0;0;0;0;0;0;0;0;[];0;0;0;0;0;0;0.0;0.0;0.0;0.0;0;0;0;0;0;0;0;0;0;0;0;0;0;0;0;0;0;0;0;0
14;6;10;[2:3:4:5:6:7:8:30:76];52;48;35;1;0;41;0;[];[];[];[];6;2;8;1;0;5;4;313;0;0;0;0;0.0;3.0;1.0;5.0;8.0;4.0;3.0;1.0;0;0;0;0;0;0;0;0;0;0;0;0;0;0;0;0;0;0;[];0;0;0;0;0;0;0.0;0.0;0.0;0.0;0;0;0;0;0;0;0;0;0;0;0;0;0;0;0;0;0;0;0;0
14;7;10;[2:3:4:5:6:7:8:30:76];52;48;35;1;0;41;0;[];[];[[7:5:200:5:13]:[7:5:300:14]];[];7;0;10;2;0;7;5;73;4;0;0;0;2.0;5.0;2.0;0.0;4.0;3.0;4.0;9.0;0;0;0;0;0;0;0;0;0;0;0;0;0;0;0;0;0;0;[];0;0;0;0;0;0;0.0;0.0;0.0;0.0;0;0;0;0;0;0;0;0;0;0;0;0;0;0;0;0;0;0;0;0
14;8;10;[2:3:4:5:6:7:8:30:76];52;48;35;1;0;41;0;[];[];[];[];8;0;10;19;0;4;1;10;10;0;20;0;7.0;0.0;0.0;0.0;2.0;9.0;9.0;9.0;0;0;0;0;0;0;0;0;0;0;0;0;0;0;0;0;0;0;[];0;0;0;0;0;0;0.0;0.0;0.0;0.0;0;0;0;0;0;0;0;0;0;0;0;0;0;0;0;0;0;0;0;0
14;30;10;[2:3:4:5:6:7:8:30:76];52;48;35;1;0;41;0;[[30:30:1:8:13]:[30:30:2:14]:[30:4:1:6:13]:[30:4:1:14]];[[30:30:9:8:13]:[30:30:8:14]:[30:4:1:6:13]:[30:4:1:14]];[[30:5:200:14]];[];30;0;10;1;0;7;4;34;9;0;0;0;0.0;3.0;3.0;1.5;9.0;5.0;2.0;3.0;0;0;0;0;0;0;0;0;0;0;0;0;0;0;0;0;0;0;[];0;0;0;0;0;0;0.0;0.0;0.0;0.0;0;0;0;0;0;0;0;0;0;0;0;0;0;0;0;0;0;0;0;0
14;76;10;[2:3:4:5:6:7:8:30:76];52;48;35;1;0;41;0;[];[];[];[];76;10;0;0;0;0;0;87;0;0;0;0;0.0;0.0;0.0;0.0;0.0;0.0;0.0;0.0;0;0;0;0;0;0;0;0;0;0;0;0;0;0;0;0;0;0;[];0;0;0;0;0;0;0.0;0.0;0.0;0.0;0;0;0;0;0;0;0;0;0;0;0;0;0;0;0;0;0;0;0;0
15;2;10;[2:3:4:5:6:7:8:30:76];52;48;38;1;0;44;0;[];[];[];[[2:87:15:[1]:30]:[6:30:87:15]:[5:87:1:15]:[2:88:15:[85]:8]:[6:8:88:15]:[5:88:85:15]:[2:89:15:[1]:5]:[6:5:89:15]:[5:89:1:15]:[4:4:87:15:0:90:87:4:[[15:0:-1]]]:[4:7:87:15:0:91:87:7:[[15:0:-1]]]:[4:6:87:15:0:92:87:6:[[15:0:0]]]];2;10;0;0;0;0;0;922;0;0;0;0;0.0;0.0;0.0;0.0;0.0;0.0;0.0;0.0;0;0;0;0;0;0;0;0;0;0;0;0;0;0;0;0;0;0;[];0;0;0;0;0;0;0.0;0.0;0.0;0.0;0;0;0;0;0;0;0;0;0;0;0;0;0;0;0;0;0;0;0;0
15;3;10;[2:3:4:5:6:7:8:30:76];52;48;38;1;0;44;0;[];[];[];[];3;9;1;1;0;3;3;513;0;0;0;0;0.0;4.0;0.0;0.0;8.0;3.0;8.0;8.0;0;0;0;0;0;0;0;0;0;0;0;0;0;0;0;0;0;0;[];0;0;0;0;0;0;0.0;0.0;0.0;0.0;0;0;0;0;0;0;0;0;0;0;0;0;0;0;0;0;0;0;0;0
15;4;10;[2:3:4:5:6:7:8:30:76];52;48;38;1;0;44;0;[[4:30:1:15]];[[4:30:0:15]];[];[];4;5;5;6;0;9;3;10;9;0;3;0;9.0;0.0;3.5;4.5;1.0;9.0;2.0;2.0;0;0;0;0;0;0;0;0;0;0;0;0;0;0;0;0;0;0;[];0;0;0;0;0;0;0.0;0.0;0.0;0.0;0;0;0;0;0;0;0;0;0;0;0;0;0;0;0;0;0;0;0;0
15;5;10;[2:3:4:5:6:7:8:30:76];52;48;38;1;0;44;0;[];[];[];[];5;6;4;6;0;7;3;17;0;0;1;0;2.0;14.0;0.0;0.5;4.0;1.0;9.0;4.0;0;0;0;0;0;0;0;0;0;0;0;0;0;0;0;0;0;0;[];0;0;0;0;0;0;0.0;0.0;0.0;0.0;0;0;0;0;0;0;0;0;0;0;0;0;0;0;0;0;0;0;0;0
15;6;10;[2:3:4:5:6:7:8:30:76];52;48;38;1;0;44;0;[[6:30:1:15]];[[6:30:0:15]];[];[];6;2;8;1;0;6;4;345;0;0;0;0;0.0;12.0;2.5;5.0;9.0;3.0;3.0;1.0;0;0;0;0;0;0;0;0;0;0;0;0;0;0;0;0;0;0;[];0;0;0;0;0;0;0.0;0.0;0.0;0.0;0;0;0;0;0;0;0;0;0;0;0;0;0;0;0;0;0;0;0;0
15;7;10;[2:3:4:5:6:7:8:30:76];52;48;38;1;0;44;0;[[7:30:1:15]];[[7:30:0:15]];[];[];7;0;10;2;0;8;5;2;4;0;0;0;2.0;5.0;2.0;0.0;4.0;4.0;4.0;9.0;0;0;0;0;0;0;0;0;0;0;0;0;0;0;0;0;0;0;[];0;0;0;0;0;0;0.0;0.0;0.0;0.0;0;0;0;0;0;0;0;0;0;0;0;0;0;0;0;0;0;0;0;0
15;8;10;[2:3:4:5:6:7:8:30:76];52;48;38;1;0;44;0;[];[];[];[];8;0;10;20;0;4;1;23;10;0;21;0;7.0;0.0;0.0;0.0;2.0;9.0;9.0;9.0;0;0;0;0;0;0;0;0;0;0;0;0;0;0;0;0;0;0;[];0;0;0;0;0;0;0.0;0.0;0.0;0.0;0;0;0;0;0;0;0;0;0;0;0;0;0;0;0;0;0;0;0;0
15;30;10;[2:3:4:5:6:7:8:30:76];52;48;38;1;0;44;0;[];[];[];[];30;0;10;2;0;7;4;25;9;0;0;0;1.0;12.0;3.5;1.5;5.0;3.0;2.0;3.0;0;0;0;0;0;0;0;0;0;0;0;0;0;0;0;0;0;0;[];0;0;0;0;0;0;0.0;0.0;0.0;0.0;0;0;0;0;0;0;0;0;0;0;0;0;0;0;0;0;0;0;0;0
15;76;10;[2:3:4:5:6:7:8:30:76];52;48;38;1;0;44;0;[];[];[];[];76;10;0;0;0;0;0;119;0;0;0;0;0.0;0.0;0.0;0.0;0.0;0.0;0.0;0.0;0;0;0;0;0;0;0;0;0;0;0;0;0;0;0;0;0;0;[];0;0;0;0;0;0;0.0;0.0;0.0;0.0;0;0;0;0;0;0;0;0;0;0;0;0;0;0;0;0;0;0;0;0
16;2;10;[2:3:4:5:6:7:8:30:76];52;48;40;1;0;46;0;[];[];[];[[2:93:16:[1]:5]:[6:5:93:16]:[5:93:1:16]:[2:94:16:[1]:30]:[6:30:94:16]:[5:94:1:16]:[4:8:94:16:0:95:94:8:[[16:0:-1]]]:[4:4:93:16:0:96:93:4:[[16:0:1]]]];2;10;0;0;0;0;0;1003;0;0;0;0;0.0;0.0;0.0;0.0;0.0;0.0;0.0;0.0;0;0;0;0;0;0;0;0;0;0;0;0;0;0;0;0;0;0;[];0;0;0;0;0;0;0.0;0.0;0.0;0.0;0;0;0;0;0;0;0;0;0;0;0;0;0;0;0;0;0;0;0;0
16;3;10;[2:3:4:5:6:7:8:30:76];52;48;40;1;0;46;0;[];[];[];[];3;9;1;1;0;3;3;594;0;0;0;0;0.0;4.0;0.0;0.0;8.0;3.0;8.0;8.0;0;0;0;0;0;0;0;0;0;0;0;0;0;0;0;0;0;0;[];0;0;0;0;0;0;0.0;0.0;0.0;0.0;0;0;0;0;0;0;0;0;0;0;0;0;0;0;0;0;0;0;0;0
16;4;10;[2:3:4:5:6:7:8:30:76];52;48;40;1;0;46;0;[[4:5:1:16]];[[4:5:0:16]];[];[];4;5;5;6;0;10;3;91;9;0;3;0;9.0;0.0;3.5;4.5;1.0;9.0;2.0;2.0;0;0;0;0;0;0;0;0;0;0;0;0;0;0;0;0;0;0;[];0;0;0;0;0;0;0.0;0.0;0.0;0.0;0;0;0;0;0;0;0;0;0;0;0;0;0;0;0;0;0;0;0;0
16;5;10;[2:3:4:5:6:7:8:30:76];52;48;40;1;0;46;0;[];[];[];[];5;6;4;7;0;7;3;37;0;0;1;0;2.0;14.0;0.0;0.5;4.0;1.0;9.0;4.0;0;0;0;0;0;0;0;0;0;0;0;0;0;0;0;0;0;0;[];0;0;0;0;0;0;0.0;0.0;0.0;0.0;0;0;0;0;0;0;0;0;0;0;0;0;0;0;0;0;0;0;0;0
16;6;10;[2:3:4:5:6:7:8:30:76];52;48;40;1;0;46;0;[];[];[];[];6;2;8;1;0;6;4;81;0;0;0;0;0.0;12.0;2.5;5.0;9.0;3.0;3.0;1.0;0;0;0;0;0;0;0;0;0;0;0;0;0;0;0;0;0;0;[];0;0;0;0;0;0;0.0;0.0;0.0;0.0;0;0;0;0;0;0;0;0;0;0;0;0;0;0;0;0;0;0;0;0
16;7;10;[2:3:4:5:6:7:8:30:76];52;48;40;1;0;46;0;[];[];[];[];7;0;10;2;0;8;5;83;4;0;0;0;2.0;5.0;2.0;0.0;4.0;4.0;4.0;9.0;0;0;0;0;0;0;0;0;0;0;0;0;0;0;0;0;0;0;[];0;0;0;0;0;0;0.0;0.0;0.0;0.0;0;0;0;0;0;0;0;0;0;0;0;0;0;0;0;0;0;0;0;0
16;8;10;[2:3:4:5:6:7:8:30:76];52;48;40;1;0;46;0;[[8:30:1:16]];[[8:30:0:16]];[];[];8;0;10;20;0;5;1;6;10;0;21;0;7.0;0.0;0.0;0.0;2.0;9.0;9.0;9.0;0;0;0;0;0;0;0;0;0;0;0;0;0;0;0;0;0;0;[];0;0;0;0;0;0;0.0;0.0;0.0;0.0;0;0;0;0;0;0;0;0;0;0;0;0;0;0;0;0;0;0;0;0
16;30;10;[2:3:4:5:6:7:8:30:76];52;48;40;1;0;46;0;[];[];[];[];30;0;10;3;0;7;4;19;9;0;0;0;1.0;12.0;3.5;1.5;5.0;3.0;2.0;3.0;0;0;0;0;0;0;0;0;0;0;0;0;0;0;0;0;0;0;[];0;0;0;0;0;0;0.0;0.0;0.0;0.0;0;0;0;0;0;0;0;0;0;0;0;0;0;0;0;0;0;0;0;0
16;76;10;[2:3:4:5:6:7:8:30:76];52;48;40;1;0;46;0;[];[];[];[];76;10;0;0;0;0;0;200;0;0;0;0;0.0;0.0;0.0;0.0;0.0;0.0;0.0;0.0;0;0;0;0;0;0;0;0;0;0;0;0;0;0;0;0;0;0;[];0;0;0;0;0;0;0.0;0.0;0.0;0.0;0;0;0;0;0;0;0;0;0;0;0;0;0;0;0;0;0;0;0;0
17;2;11;[2:3:4:5:6:7:8:30:76:99];68;42;42;1;0;53;0;[];[];[];[[2:97:17:[93]:4]:[6:4:97:17]:[5:97:93:17]:[4:6:97:17:2:98:97:6:[[17:2:1]]]:[1:99:17]:[4:8:42:9:10:53:42:8:[[9:10:0]:[10:0:0]:[12:0:0]:[17:-4:0]]]:[4:8:97:17:1:101:97:8:[[17:1:0]]]:[2:102:17:[1:77:87:24]:7]:[6:7:102:17]:[5:102:1:17]:[5:102:77:17]:[5:102:87:17]:[5:102:24:17]:[4:4:97:17:1:103:97:4:[[17:1:1]]]:[4:30:102:17:0:104:102:30:[[17:0:1]]]:[4:3:102:17:0:105:102:3:[[17:0:0]]]:[4:8:42:9:10:53:42:8:[[9:10:0]:[10:0:0]:[12:0:0]:[17:-4:0]:[17:-6:0]]]];2;10;0;0;0;0;0;1064;0;0;0;0;0.0;0.0;0.0;0.0;0.0;0.0;0.0;0.0;0;0;0;0;0;0;0;0;0;0;0;0;0;0;0;0;0;0;[];0;0;0;0;0;0;0.0;0.0;0.0;0.0;0;0;0;0;0;0;0;0;0;0;0;0;0;0;0;0;0;0;0;0
17;3;11;[2:3:4:5:6:7:8:30:76:99];68;42;42;1;0;53;0;[[3:7:1:17]:[3:7:1:5:16]];[[3:7:0:17]:[3:7:1:5:16]];[];[];3;9;1;1;0;4;3;4;0;0;0;0;0.0;4.0;0.0;0.0;10.0;5.0;9.0;10.0;0;0;0;0;0;0;0;0;0;0;0;0;0;0;0;0;0;0;[];0;0;0;0;0;0;0.0;0.0;0.0;0.0;0;0;0;0;0;0;0;0;0;0;0;0;0;0;0;0;0;0;0;0
17;4;11;[2:3:4:5:6:7:8:30:76:99];68;42;42;1;0;53;0;[[4:4:1:14:16]:[4:4:1:17]];[[4:4:1:14:16]:[4:4:1:17]];[[4:8:-100:17]:[4:8:-150:17]];[];4;4;6;7;0;11;4;23;9;0;3;0;12.0;0.0;5.5;5.0;1.0;10.0;1.0;2.0;0;0;0;0;0;0;0;0;0;0;0;0;0;0;0;0;0;0;[];0;0;0;0;0;0;0.0;0.0;0.0;0.0;0;0;0;0;0;0;0;0;0;0;0;0;0;0;0;0;0;0;0;0
17;5;11;[2:3:4:5:6:7:8:30:76:99];68;42;42;1;0;53;0;[];[];[[5:8:-80:17]:[5:8:-120:17]];[];5;6;4;7;0;7;3;98;0;0;2;0;2.0;14.0;0.0;0.5;4.0;1.0;9.0;4.0;0;0;0;0;0;0;0;0;0;0;0;0;0;0;0;0;0;0;[];0;0;0;0;0;0;0.0;0.0;0.0;0.0;0;0;0;0;0;0;0;0;0;0;0;0;0;0;0;0;0;0;0;0
17;6;11;[2:3:4:5:6:7:8:30:76:99];68;42;42;1;0;53;0;[[6:4:1:8:16]:[6:4:1:17]];[[6:4:2:8:16]:[6:4:2:17]];[[6:8:100:17]];[];6;0;10;1;0;7;5;36;0;0;0;0;0.0;12.0;2.5;5.0;9.0;3.0;3.0;1.0;0;0;0;0;0;0;0;0;0;0;0;0;0;0;0;0;0;0;[];0;0;0;0;0;0;0.0;0.0;0.0;0.0;0;0;0;0;0;0;0;0;0;0;0;0;0;0;0;0;0;0;0;0
17;7;11;[2:3:4:5:6:7:8:30:76:99];68;42;42;1;0;53;0;[];[];[[7:8:100:17]:[7:8:150:17]];[];7;0;10;3;0;8;5;25;4;0;1;0;2.0;5.0;-2.0;0.0;4.0;4.0;10.0;10.0;0;0;0;0;0;0;0;0;0;0;0;0;0;0;0;0;0;0;[];0;0;0;0;0;0;0.0;0.0;0.0;0.0;0;0;0;0;0;0;0;0;0;0;0;0;0;0;0;0;0;0;0;0
17;8;11;[2:3:4:5:6:7:8:30:76:99];68;42;42;1;0;53;0;[[8:8:3:12:16]:[8:8:4:17]:[8:4:1:17]:[8:8:5:17]];[[8:8:10:12:16]:[8:8:6:17]:[8:4:1:17]:[8:8:0:17]];[];[];8;9;1;20;0;8;4;28;10;0;22;0;7.0;1.0;0.0;0.19999999999999996;2.0;6.0;9.0;5.0;0;0;0;0;0;0;0;0;0;0;0;0;0;0;0;0;0;0;[];0;0;0;0;0;0;0.0;0.0;0.0;0.0;0;0;0;0;0;0;0;0;0;0;0;0;0;0;0;0;0;0;0;0
17;30;11;[2:3:4:5:6:7:8:30:76:99];68;42;42;1;0;53;0;[[30:7:1:10:16]:[30:7:1:17]];[[30:7:0:10:16]:[30:7:0:17]];[];[];30;0;10;3;0;8;4;12;9;0;1;0;1.0;12.0;3.5;1.5;5.0;3.0;3.0;3.0;0;0;0;0;0;0;0;0;0;0;0;0;0;0;0;0;0;0;[];0;0;0;0;0;0;0.0;0.0;0.0;0.0;0;0;0;0;0;0;0;0;0;0;0;0;0;0;0;0;0;0;0;0
17;76;11;[2:3:4:5:6:7:8:30:76:99];68;42;42;1;0;53;0;[];[];[];[];76;10;0;0;0;0;0;261;0;0;0;0;0.0;0.0;0.0;0.0;0.0;0.0;0.0;0.0;0;0;0;0;0;0;0;0;0;0;0;0;0;0;0;0;0;0;[];0;0;0;0;0;0;0.0;0.0;0.0;0.0;0;0;0;0;0;0;0;0;0;0;0;0;0;0;0;0;0;0;0;0
17;99;11;[2:3:4:5:6:7:8:30:76:99];68;42;42;1;0;53;0;[[99]];[[99]];[[99]];[];99;10;0;0;0;0;0;33;0;0;0;0;0.0;0.0;0.0;0.0;0.0;0.0;0.0;0.0;0;0;0;0;0;0;0;0;0;0;0;0;0;0;0;0;0;0;[];0;0;0;0;0;0;0.0;0.0;0.0;0.0;0;0;0;0;0;0;0;0;0;0;0;0;0;0;0;0;0;0;0;0
18;2;12;[2:3:4:5:6:7:8:30:76:99];79;41;44;1;0;56;0;[];[];[];[[4:7:10:4:1:15:10:7:[[4:1:1]:[18:-1:0]]]:[4:7:13:9:2:60:13:7:[[9:2:0]:[18:-2:0]]]:[2:109:18:[85]:8]:[6:8:109:18]:[5:109:85:18]:[4:99:44:18:2:110:44:99:[[18:2:0]]]:[2:111:18:[109]:3]:[6:3:111:18]:[5:111:109:18]];2;10;0;0;0;0;0;1122;0;0;0;0;0.0;0.0;0.0;0.0;0.0;0.0;0.0;0.0;0;0;0;0;0;0;0;0;0;0;0;0;0;0;0;0;0;0;[];0;0;0;0;0;0;0.0;0.0;0.0;0.0;0;0;0;0;0;0;0;0;0;0;0;0;0;0;0;0;0;0;0;0
18;3;12;[2:3:4:5:6:7:8:30:76:99];79;41;44;1;0;56;0;[];[];[];[];3;9;1;2;0;4;3;62;0;0;0;0;0.0;4.0;0.0;0.0;10.0;4.0;9.0;9.0;0;0;0;0;0;0;0;0;0;0;0;0;0;0;0;0;0;0;[];0;0;0;0;0;0;0.0;0.0;0.0;0.0;0;0;0;0;0;0;0;0;0;0;0;0;0;0;0;0;0;0;0;0
18;4;12;[2:3:4:5:6:7:8:30:76:99];79;41;44;1;0;56;0;[];[];[];[];4;4;6;7;0;11;4;81;9;0;3;0;12.0;0.0;5.5;5.0;1.0;10.0;1.0;2.0;0;0;0;0;0;0;0;0;0;0;0;0;0;0;0;0;0;0;[];0;0;0;0;0;0;0.0;0.0;0.0;0.0;0;0;0;0;0;0;0;0;0;0;0;0;0;0;0;0;0;0;0;0
18;5;12;[2:3:4:5:6:7:8:30:76:99];79;41;44;1;0;56;0;[];[];[[5:99:-25:18]];[];5;6;0;0;0;0;0;21;0;0;0;0;2.0;14.0;0.0;0.5;4.0;1.0;9.0;4.0;0;0;0;0;0;0;0;0;0;0;0;0;0;0;0;0;0;0;[];0;0;0;0;0;0;0.0;0.0;0.0;0.0;0;0;0;0;0;0;0;0;0;0;0;0;0;0;0;0;0;0;0;0
18;6;12;[2:3:4:5:6:7:8:30:76:99];79;41;44;1;0;56;0;[];[];[[6:7:21:18]];[];6;0;10;1;0;7;5;94;0;0;0;0;0.0;12.0;2.5;5.0;9.0;3.0;3.0;1.0;0;0;0;0;0;0;0;0;0;0;0;0;0;0;0;0;0;0;[];0;0;0;0;0;0;0.0;0.0;0.0;0.0;0;0;0;0;0;0;0;0;0;0;0;0;0;0;0;0;0;0;0;0
18;7;12;[2:3:4:5:6:7:8:30:76:99];79;41;44;1;0;56;0;[];[];[];[];7;3;7;3;0;10;7;44;4;0;1;0;2.0;3.0;-5.0;-1.0;4.0;5.0;10.0;10.0;0;0;0;0;0;0;0;0;0;0;0;0;0;0;0;0;0;0;[];0;0;0;0;0;0;0.0;0.0;0.0;0.0;0;0;0;0;0;0;0;0;0;0;0;0;0;0;0;0;0;0;0;0
18;8;12;[2:3:4:5:6:7:8:30:76:99];79;41;44;1;0;56;0;[];[];[];[];8;9;1;21;0;8;4;29;10;0;24;0;7.0;1.0;0.0;0.19999999999999996;2.0;6.0;9.0;5.0;0;0;0;0;0;0;0;0;0;0;0;0;0;0;0;0;0;0;[];0;0;0;0;0;0;0.0;0.0;0.0;0.0;0;0;0;0;0;0;0;0;0;0;0;0;0;0;0;0;0;0;0;0
18;30;12;[2:3:4:5:6:7:8:30:76:99];79;41;44;1;0;56;0;[];[];[[30:99:25:18]];[];30;0;10;3;0;8;4;70;9;0;1;0;1.0;12.0;3.5;1.5;5.0;3.0;3.0;3.0;0;0;0;0;0;0;0;0;0;0;0;0;0;0;0;0;0;0;[];0;0;0;0;0;0;0.0;0.0;0.0;0.0;0;0;0;0;0;0;0;0;0;0;0;0;0;0;0;0;0;0;0;0
18;76;12;[2:3:4:5:6:7:8:30:76:99];79;41;44;1;0;56;0;[];[];[];[];76;10;0;0;0;0;0;319;0;0;0;0;0.0;0.0;0.0;0.0;0.0;0.0;0.0;0.0;0;0;0;0;0;0;0;0;0;0;0;0;0;0;0;0;0;0;[];0;0;0;0;0;0;0.0;0.0;0.0;0.0;0;0;0;0;0;0;0;0;0;0;0;0;0;0;0;0;0;0;0;0
18;99;12;[2:3:4:5:6:7:8:30:76:99];79;41;44;1;0;56;0;[[99:30:1:18]];[[99:30:2:18]];[];[];99;8;2;0;0;1;1;13;0;0;0;0;0.0;0.0;0.0;2.6666666666666665;10.0;10.0;9.0;3.0;0;0;0;0;0;0;0;0;0;0;0;0;0;0;0;0;0;0;[];0;0;0;0;0;0;0.0;0.0;0.0;0.0;0;0;0;0;0;0;0;0;0;0;0;0;0;0;0;0;0;0;0;0
19;2;12;[2:3:4:5:6:7:8:30:76:99];76;44;47;1;0;66;0;[];[];[];[[4:8:39:19:0:112:39:8:[[19:0:0]]]:[2:113:19:[1:64:65:66:77:9:10:12:13:85:16:87:19:86:18:80:20:22:93:24:94:89:29:88:102:32:33:39:36:97:37:42:43:109:41:47:44:45:50:49:55:54:52:57:111]:7]:[6:7:113:19]:[5:113:1:19]:[5:113:64:19]:[5:113:65:19]:[5:113:66:19]:[5:113:77:19]:[5:113:9:19]:[5:113:10:19]:[5:113:12:19]:[5:113:13:19]:[5:113:85:19]:[5:113:16:19]:[5:113:87:19]:[5:113:19:19]:[5:113:86:19]:[5:113:18:19]:[5:113:80:19]:[5:113:20:19]:[5:113:22:19]:[5:113:93:19]:[5:113:24:19]:[5:113:94:19]:[5:113:89:19]:[5:113:29:19]:[5:113:88:19]:[5:113:102:19]:[5:113:32:19]:[5:113:33:19]:[5:113:39:19]:[5:113:36:19]:[5:113:97:19]:[5:113:37:19]:[5:113:42:19]:[5:113:43:19]:[5:113:109:19]:[5:113:41:19]:[5:113:47:19]:[5:113:44:19]:[5:113:45:19]:[5:113:50:19]:[5:113:49:19]:[5:113:55:19]:[5:113:54:19]:[5:113:52:19]:[5:113:57:19]:[5:113:111:19]:[2:114:19:[1]:99]:[6:99:114:19]:[5:114:1:19]:[4:3:113:19:0:115:113:3:[[19:0:0]]]:[4:7:113:19:3:116:113:7:[[19:3:0]]]:[4:30:113:19:0:117:113:30:[[19:0:-1]]]:[2:118:19:[1:114]:4]:[6:4:118:19]:[5:118:1:19]:[5:118:114:19]:[4:5:113:19:0:119:113:5:[[19:0:-1]]]:[4:7:54:9:3:56:54:7:[[9:3:0]:[19:-3:0]]]:[4:7:77:13:1:78:77:7:[[13:1:1]:[19:-1:0]]]:[4:7:24:5:3:26:24:7:[[5:3:0]:[19:-3:0]]]:[4:7:113:19:3:116:113:7:[[19:3:0]:[19:7:0]]]:[4:8:113:19:0:124:113:8:[[19:0:0]]]];2;10;0;0;0;0;0;1182;0;0;0;0;0.0;0.0;0.0;0.0;0.0;0.0;0.0;0.0;0;0;0;0;0;0;0;0;0;0;0;0;0;0;0;0;0;0;[];0;0;0;0;0;0;0.0;0.0;0.0;0.0;0;0;0;0;0;0;0;0;0;0;0;0;0;0;0;0;0;0;0;0
19;3;12;[2:3:4:5:6:7:8:30:76:99];76;44;47;1;0;66;0;[[3:7:1:17:18]:[3:7:1:19]];[[3:7:0:17:18]:[3:7:0:19]];[[3:7:-200:5:18]:[3:7:-200:19]:[3:30:0:19]:[3:7:-172:19]];[];3;9;1;2;0;5;3;18;0;0;2;0;0.0;4.0;0.0;0.0;10.0;4.0;9.0;9.0;0;0;0;0;0;0;0;0;0;0;0;0;0;0;0;0;0;0;[];0;0;0;0;0;0;0.0;0.0;0.0;0.0;0;0;0;0;0;0;0;0;0;0;0;0;0;0;0;0;0;0;0;0
19;4;12;[2:3:4:5:6:7:8:30:76:99];76;44;47;1;0;66;0;[];[];[];[];4;4;6;8;0;11;4;8;9;0;10;0;12.0;0.0;7.5;5.0;1.0;10.0;1.0;2.0;0;0;0;0;0;0;0;0;0;0;0;0;0;0;0;0;0;0;[];0;0;0;0;0;0;0.0;0.0;0.0;0.0;0;0;0;0;0;0;0;0;0;0;0;0;0;0;0;0;0;0;0;0
19;5;12;[2:3:4:5:6:7:8:30:76:99];76;44;47;1;0;66;0;[[5:7:1:19]:[5:7:1:5:18]];[[5:7:0:19]:[5:7:1:5:18]];[[5:7:-20:19]:[5:7:8:19]];[];5;6;0;0;0;1;0;7;0;0;7;0;2.0;16.0;4.2;0.5;5.0;3.0;2.0;5.0;0;0;0;0;0;0;0;0;0;0;0;0;0;0;0;0;0;0;[];0;0;0;0;0;0;0.0;0.0;0.0;0.0;0;0;0;0;0;0;0;0;0;0;0;0;0;0;0;0;0;0;0;0
19;6;12;[2:3:4:5:6:7:8:30:76:99];76;44;47;1;0;66;0;[];[];[];[];6;0;10;1;0;7;5;154;0;0;1;0;0.0;12.0;2.5;5.0;9.0;3.0;3.0;1.0;0;0;0;0;0;0;0;0;0;0;0;0;0;0;0;0;0;0;[];0;0;0;0;0;0;0.0;0.0;0.0;0.0;0;0;0;0;0;0;0;0;0;0;0;0;0;0;0;0;0;0;0;0
19;7;12;[2:3:4:5:6:7:8:30:76:99];76;44;47;1;0;66;0;[[7:7:1:19]:[7:7:1:9:18]:[7:8:1:13:18]:[7:8:2:19]:[7:7:2:19]];[[7:7:3:19]:[7:7:3:9:18]:[7:8:1:13:18]:[7:8:0:19]:[7:7:10:19]];[[7:30:300:10:18]:[7:30:600:19]:[7:30:1000:19]];[];7;0;10;4;0;15;12;2;10;0;4;0;2.0;0.0;-5.0;-16.5;5.0;10.0;10.0;10.0;0;0;0;0;0;0;0;0;0;0;0;0;0;0;0;0;0;0;[];0;0;0;0;0;0;0.0;0.0;0.0;0.0;0;0;0;0;0;0;0;0;0;0;0;0;0;0;0;0;0;0;0;0
19;8;12;[2:3:4:5:6:7:8:30:76:99];76;44;47;1;0;66;0;[[8:8:5:17:18]:[8:8:1:19]:[8:7:1:19]];[[8:8:0:17:18]:[8:8:0:19]:[8:7:0:19]];[];[];8;9;1;21;0;10;4;43;10;0;45;0;7.0;1.0;0.0;0.19999999999999996;2.0;5.0;7.0;6.0;0;0;0;0;0;0;0;0;0;0;0;0;0;0;0;0;0;0;[];0;0;0;0;0;0;0.0;0.0;0.0;0.0;0;0;0;0;0;0;0;0;0;0;0;0;0;0;0;0;0;0;0;0
19;30;12;[2:3:4:5:6:7:8:30:76:99];76;44;47;1;0;66;0;[[30:7:1:17:18]:[30:7:1:19]];[[30:7:0:17:18]:[30:7:0:19]];[[30:7:33:19]];[];30;0;10;3;0;9;4;10;9;0;4;0;3.0;28.0;4.166666666666666;1.5;3.0;1.0;3.0;4.0;0;0;0;0;0;0;0;0;0;0;0;0;0;0;0;0;0;0;[];0;0;0;0;0;0;0.0;0.0;0.0;0.0;0;0;0;0;0;0;0;0;0;0;0;0;0;0;0;0;0;0;0;0
19;76;12;[2:3:4:5:6:7:8:30:76:99];76;44;47;1;0;66;0;[];[];[];[];76;10;0;0;0;0;0;379;0;0;0;0;0.0;0.0;0.0;0.0;0.0;0.0;0.0;0.0;0;0;0;0;0;0;0;0;0;0;0;0;0;0;0;0;0;0;[];0;0;0;0;0;0;0.0;0.0;0.0;0.0;0;0;0;0;0;0;0;0;0;0;0;0;0;0;0;0;0;0;0;0
19;99;12;[2:3:4:5:6:7:8:30:76:99];76;44;47;1;0;66;0;[];[];[];[];99;8;2;1;0;1;1;32;0;0;1;0;0.0;0.0;0.0;2.6666666666666665;10.0;10.0;9.0;3.0;0;0;0;0;0;0;0;0;0;0;0;0;0;0;0;0;0;0;[];0;0;0;0;0;0;0.0;0.0;0.0;0.0;0;0;0;0;0;0;0;0;0;0;0;0;0;0;0;0;0;0;0;0
20;2;12;[2:3:4:5:6:7:8:30:76:99];75;45;49;1;0;68;0;[];[];[];[[4:30:97:20:0:125:97:30:[[20:0:0]]]:[2:126:20:[113]:3]:[6:3:126:20]:[5:126:113:20]:[2:127:20:[1]:7]:[6:7:127:20]:[5:127:1:20]:[4:8:126:20:1:128:126:8:[[20:1:0]]]];2;10;0;0;0;0;0;1245;0;0;0;0;0.0;0.0;0.0;0.0;0.0;0.0;0.0;0.0;0;0;0;0;0;0;0;0;0;0;0;0;0;0;0;0;0;0;[];0;0;0;0;0;0;0.0;0.0;0.0;0.0;0;0;0;0;0;0;0;0;0;0;0;0;0;0;0;0;0;0;0;0
20;3;12;[2:3:4:5:6:7:8:30:76:99];75;45;49;1;0;68;0;[];[];[];[];3;9;1;3;0;5;3;10;0;0;2;0;0.0;1.0;0.0;0.0;10.0;5.0;7.0;9.0;0;0;0;0;0;0;0;0;0;0;0;0;0;0;0;0;0;0;[];0;0;0;0;0;0;0.0;0.0;0.0;0.0;0;0;0;0;0;0;0;0;0;0;0;0;0;0;0;0;0;0;0;0
20;4;12;[2:3:4:5:6:7:8:30:76:99];75;45;49;1;0;68;0;[];[];[[4:30:100:6:19]:[4:30:133:20]];[];4;4;6;8;0;11;4;71;9;0;10;0;12.0;0.0;7.5;5.0;1.0;10.0;1.0;2.0;0;0;0;0;0;0;0;0;0;0;0;0;0;0;0;0;0;0;[];0;0;0;0;0;0;0.0;0.0;0.0;0.0;0;0;0;0;0;0;0;0;0;0;0;0;0;0;0;0;0;0;0;0
20;5;12;[2:3:4:5:6:7:8:30:76:99];75;45;49;1;0;68;0;[];[];[];[];5;6;0;0;0;1;0;70;0;0;7;0;2.0;16.0;4.2;0.5;5.0;3.0;2.0;5.0;0;0;0;0;0;0;0;0;0;0;0;0;0;0;0;0;0;0;[];0;0;0;0;0;0;0.0;0.0;0.0;0.0;0;0;0;0;0;0;0;0;0;0;0;0;0;0;0;0;0;0;0;0
20;6;12;[2:3:4:5:6:7:8:30:76:99];75;45;49;1;0;68;0;[];[];[[6:30:200:6:19]:[6:30:233:20]];[];6;0;10;1;0;7;5;217;0;0;1;0;0.0;12.0;2.5;5.0;9.0;3.0;3.0;1.0;0;0;0;0;0;0;0;0;0;0;0;0;0;0;0;0;0;0;[];0;0;0;0;0;0;0.0;0.0;0.0;0.0;0;0;0;0;0;0;0;0;0;0;0;0;0;0;0;0;0;0;0;0
20;7;12;[2:3:4:5:6:7:8:30:76:99];75;45;49;1;0;68;0;[];[];[];[];7;0;10;5;0;15;12;1;10;0;5;0;2.0;0.0;-5.0;-16.5;5.0;10.0;10.0;10.0;0;0;0;0;0;0;0;0;0;0;0;0;0;0;0;0;0;0;[];0;0;0;0;0;0;0.0;0.0;0.0;0.0;0;0;0;0;0;0;0;0;0;0;0;0;0;0;0;0;0;0;0;0
20;8;12;[2:3:4:5:6:7:8:30:76:99];75;45;49;1;0;68;0;[[8:3:1:20]];[[8:3:1:20]];[[8:30:33:20]];[];8;8;2;21;0;11;5;63;10;0;45;0;7.0;1.0;0.0;0.19999999999999996;2.0;5.0;7.0;6.0;0;0;0;0;0;0;0;0;0;0;0;0;0;0;0;0;0;0;[];0;0;0;0;0;0;0.0;0.0;0.0;0.0;0;0;0;0;0;0;0;0;0;0;0;0;0;0;0;0;0;0;0;0
20;30;12;[2:3:4:5:6:7:8:30:76:99];75;45;49;1;0;68;0;[[30:4:1:14:19]:[30:4:1:20]];[[30:4:1:14:19]:[30:4:0:20]];[];[];30;0;10;3;0;10;4;28;9;0;4;0;3.0;28.0;-2.333333333333334;1.5;3.0;1.0;8.0;4.0;0;0;0;0;0;0;0;0;0;0;0;0;0;0;0;0;0;0;[];0;0;0;0;0;0;0.0;0.0;0.0;0.0;0;0;0;0;0;0;0;0;0;0;0;0;0;0;0;0;0;0;0;0
20;76;12;[2:3:4:5:6:7:8:30:76:99];75;45;49;1;0;68;0;[];[];[];[];76;10;0;0;0;0;0;442;0;0;0;0;0.0;0.0;0.0;0.0;0.0;0.0;0.0;0.0;0;0;0;0;0;0;0;0;0;0;0;0;0;0;0;0;0;0;[];0;0;0;0;0;0;0.0;0.0;0.0;0.0;0;0;0;0;0;0;0;0;0;0;0;0;0;0;0;0;0;0;0;0
20;99;12;[2:3:4:5:6:7:8:30:76:99];75;45;49;1;0;68;0;[];[];[];[];99;8;2;1;0;1;1;95;0;0;1;0;0.0;0.0;0.0;2.6666666666666665;10.0;10.0;9.0;3.0;0;0;0;0;0;0;0;0;0;0;0;0;0;0;0;0;0;0;[];0;0;0;0;0;0;0.0;0.0;0.0;0.0;0;0;0;0;0;0;0;0;0;0;0;0;0;0;0;0;0;0;0;0
21;2;12;[2:3:4:5:6:7:8:30:76:99];75;45;50;1;0;72;0;[];[];[];[[4:8:126:20:1:128:126:8:[[20:1:0]:[21:0:0]]]:[2:130:21:[1:64:65:66:77:9:10:12:13:85:16:87:19:86:18:80:20:22:93:24:94:89:29:88:102:32:33:39:36:97:37:42:111:43:109:41:47:44:45:118:50:49:55:114:54:113:52:57:126:127]:5]:[6:5:130:21]:[5:130:1:21]:[5:130:64:21]:[5:130:65:21]:[5:130:66:21]:[5:130:77:21]:[5:130:9:21]:[5:130:10:21]:[5:130:12:21]:[5:130:13:21]:[5:130:85:21]:[5:130:16:21]:[5:130:87:21]:[5:130:19:21]:[5:130:86:21]:[5:130:18:21]:[5:130:80:21]:[5:130:20:21]:[5:130:22:21]:[5:130:93:21]:[5:130:24:21]:[5:130:94:21]:[5:130:89:21]:[5:130:29:21]:[5:130:88:21]:[5:130:102:21]:[5:130:32:21]:[5:130:33:21]:[5:130:39:21]:[5:130:36:21]:[5:130:97:21]:[5:130:37:21]:[5:130:42:21]:[5:130:111:21]:[5:130:43:21]:[5:130:109:21]:[5:130:41:21]:[5:130:47:21]:[5:130:44:21]:[5:130:45:21]:[5:130:118:21]:[5:130:50:21]:[5:130:49:21]:[5:130:55:21]:[5:130:114:21]:[5:130:54:21]:[5:130:113:21]:[5:130:52:21]:[5:130:57:21]:[5:130:126:21]:[5:130:127:21]:[4:7:130:21:0:131:130:7:[[21:0:-1]]]:[4:30:130:21:0:132:130:30:[[21:0:-1]]]:[4:3:130:21:0:133:130:3:[[21:0:0]]]];2;10;0;0;0;0;0;1313;0;0;0;0;0.0;0.0;0.0;0.0;0.0;0.0;0.0;0.0;0;0;0;0;0;0;0;0;0;0;0;0;0;0;0;0;0;0;[];0;0;0;0;0;0;0.0;0.0;0.0;0.0;0;0;0;0;0;0;0;0;0;0;0;0;0;0;0;0;0;0;0;0
21;3;12;[2:3:4:5:6:7:8:30:76:99];75;45;50;1;0;72;0;[[3:5:1:21]:[3:5:2:6:20]];[[3:5:0:21]:[3:5:0:6:20]];[];[];3;9;1;3;0;6;3;78;0;0;5;0;1.0;1.0;0.0;0.0;6.0;5.0;7.0;9.0;0;0;0;0;0;0;0;0;0;0;0;0;0;0;0;0;0;0;[];0;0;0;0;0;0;0.0;0.0;0.0;0.0;0;0;0;0;0;0;0;0;0;0;0;0;0;0;0;0;0;0;0;0
21;4;12;[2:3:4:5:6:7:8:30:76:99];75;45;50;1;0;72;0;[];[];[];[];4;4;6;8;0;11;4;139;9;0;18;0;12.0;0.0;7.5;5.0;1.0;10.0;1.0;2.0;0;0;0;0;0;0;0;0;0;0;0;0;0;0;0;0;0;0;[];0;0;0;0;0;0;0.0;0.0;0.0;0.0;0;0;0;0;0;0;0;0;0;0;0;0;0;0;0;0;0;0;0;0
21;5;12;[2:3:4:5:6:7:8:30:76:99];75;45;50;1;0;72;0;[];[];[];[];5;6;0;1;0;1;0;41;0;0;14;0;2.0;16.0;-4.8;0.5;5.0;3.0;9.0;5.0;0;0;0;0;0;0;0;0;0;0;0;0;0;0;0;0;0;0;[];0;0;0;0;0;0;0.0;0.0;0.0;0.0;0;0;0;0;0;0;0;0;0;0;0;0;0;0;0;0;0;0;0;0
21;6;12;[2:3:4:5:6:7:8:30:76:99];75;45;50;1;0;72;0;[];[];[];[];6;0;10;1;0;7;5;285;0;0;2;0;0.0;12.0;2.5;5.0;9.0;3.0;3.0;1.0;0;0;0;0;0;0;0;0;0;0;0;0;0;0;0;0;0;0;[];0;0;0;0;0;0;0.0;0.0;0.0;0.0;0;0;0;0;0;0;0;0;0;0;0;0;0;0;0;0;0;0;0;0
21;7;12;[2:3:4:5:6:7:8:30:76:99];75;45;50;1;0;72;0;[[7:5:1:21]:[7:5:1:3:20]];[[7:5:0:21]:[7:5:0:3:20]];[];[];7;0;10;5;0;16;12;23;10;0;10;0;2.0;0.0;-5.0;-16.5;5.0;10.0;10.0;10.0;0;0;0;0;0;0;0;0;0;0;0;0;0;0;0;0;0;0;[];0;0;0;0;0;0;0.0;0.0;0.0;0.0;0;0;0;0;0;0;0;0;0;0;0;0;0;0;0;0;0;0;0;0
21;8;12;[2:3:4:5:6:7:8:30:76:99];75;45;50;1;0;72;0;[[8:3:1:20:20]:[8:3:2:21]];[[8:3:1:20:20]:[8:3:1:21]];[];[];8;8;2;21;0;12;5;48;10;0;66;0;7.0;1.0;0.0;0.19999999999999996;2.0;5.0;7.0;6.0;0;0;0;0;0;0;0;0;0;0;0;0;0;0;0;0;0;0;[];0;0;0;0;0;0;0.0;0.0;0.0;0.0;0;0;0;0;0;0;0;0;0;0;0;0;0;0;0;0;0;0;0;0
21;30;12;[2:3:4:5:6:7:8:30:76:99];75;45;50;1;0;72;0;[[30:5:1:21]];[[30:5:0:21]];[];[];30;0;10;3;0;11;4;20;9;0;7;0;3.0;28.0;-2.333333333333334;1.5;3.0;1.0;8.0;4.0;0;0;0;0;0;0;0;0;0;0;0;0;0;0;0;0;0;0;[];0;0;0;0;0;0;0.0;0.0;0.0;0.0;0;0;0;0;0;0;0;0;0;0;0;0;0;0;0;0;0;0;0;0
21;76;12;[2:3:4:5:6:7:8:30:76:99];75;45;50;1;0;72;0;[];[];[];[];76;10;0;0;0;0;0;510;0;0;0;0;0.0;0.0;0.0;0.0;0.0;0.0;0.0;0.0;0;0;0;0;0;0;0;0;0;0;0;0;0;0;0;0;0;0;[];0;0;0;0;0;0;0.0;0.0;0.0;0.0;0;0;0;0;0;0;0;0;0;0;0;0;0;0;0;0;0;0;0;0
21;99;12;[2:3:4:5:6:7:8:30:76:99];75;45;50;1;0;72;0;[];[];[];[];99;8;2;1;0;1;1;163;0;0;2;0;0.0;0.0;0.0;2.6666666666666665;10.0;10.0;9.0;3.0;0;0;0;0;0;0;0;0;0;0;0;0;0;0;0;0;0;0;[];0;0;0;0;0;0;0.0;0.0;0.0;0.0;0;0;0;0;0;0;0;0;0;0;0;0;0;0;0;0;0;0;0;0
22;2;12;[2:3:4:5:6:7:8:30:76:99];75;45;50;1;0;74;0;[];[];[];[[4:8:130:22:0:134:130:8:[[22:0:-1]]]:[4:5:130:22:0:135:130:5:[[22:0:-1]]]];2;10;0;0;0;0;0;1354;0;0;0;0;0.0;0.0;0.0;0.0;0.0;0.0;0.0;0.0;0;0;0;0;0;0;0;0;0;0;0;0;0;0;0;0;0;0;[];0;0;0;0;0;0;0.0;0.0;0.0;0.0;0;0;0;0;0;0;0;0;0;0;0;0;0;0;0;0;0;0;0;0
22;3;12;[2:3:4:5:6:7:8:30:76:99];75;45;50;1;0;74;0;[];[];[];[];3;9;1;3;0;6;3;41;0;0;5;0;1.0;1.0;0.0;0.0;6.0;5.0;7.0;9.0;0;0;0;0;0;0;0;0;0;0;0;0;0;0;0;0;0;0;[];0;0;0;0;0;0;0.0;0.0;0.0;0.0;0;0;0;0;0;0;0;0;0;0;0;0;0;0;0;0;0;0;0;0
22;4;12;[2:3:4:5:6:7:8:30:76:99];75;45;50;1;0;74;0;[];[];[];[];4;4;6;8;0;11;4;180;9;0;18;0;12.0;0.0;7.5;5.0;1.0;10.0;1.0;2.0;0;0;0;0;0;0;0;0;0;0;0;0;0;0;0;0;0;0;[];0;0;0;0;0;0;0.0;0.0;0.0;0.0;0;0;0;0;0;0;0;0;0;0;0;0;0;0;0;0;0;0;0;0
22;5;12;[2:3:4:5:6:7:8:30:76:99];75;45;50;1;0;74;0;[[5:5:1:22]];[[5:5:0:22]];[];[];5;6;0;1;0;2;0;82;0;0;14;0;2.0;16.0;-4.8;0.5;5.0;3.0;9.0;5.0;0;0;0;0;0;0;0;0;0;0;0;0;0;0;0;0;0;0;[];0;0;0;0;0;0;0.0;0.0;0.0;0.0;0;0;0;0;0;0;0;0;0;0;0;0;0;0;0;0;0;0;0;0
22;6;12;[2:3:4:5:6:7:8:30:76:99];75;45;50;1;0;74;0;[];[];[];[];6;0;10;1;0;7;5;326;0;0;2;0;0.0;12.0;2.5;5.0;9.0;3.0;3.0;1.0;0;0;0;0;0;0;0;0;0;0;0;0;0;0;0;0;0;0;[];0;0;0;0;0;0;0.0;0.0;0.0;0.0;0;0;0;0;0;0;0;0;0;0;0;0;0;0;0;0;0;0;0;0
22;7;12;[2:3:4:5:6:7:8:30:76:99];75;45;50;1;0;74;0;[];[];[];[];7;0;10;5;0;16;12;64;10;0;10;0;2.0;0.0;-5.0;-16.5;5.0;10.0;10.0;10.0;0;0;0;0;0;0;0;0;0;0;0;0;0;0;0;0;0;0;[];0;0;0;0;0;0;0.0;0.0;0.0;0.0;0;0;0;0;0;0;0;0;0;0;0;0;0;0;0;0;0;0;0;0
22;8;12;[2:3:4:5:6:7:8:30:76:99];75;45;50;1;0;74;0;[[8:5:1:11:21]:[8:5:1:22]];[[8:5:0:11:21]:[8:5:0:22]];[];[];8;8;2;21;0;13;5;32;10;0;66;0;7.0;1.0;0.0;0.19999999999999996;2.0;5.0;7.0;6.0;0;0;0;0;0;0;0;0;0;0;0;0;0;0;0;0;0;0;[];0;0;0;0;0;0;0.0;0.0;0.0;0.0;0;0;0;0;0;0;0;0;0;0;0;0;0;0;0;0;0;0;0;0
22;30;12;[2:3:4:5:6:7:8:30:76:99];75;45;50;1;0;74;0;[];[];[];[];30;0;10;3;0;11;4;61;9;0;7;0;3.0;28.0;-2.333333333333334;1.5;3.0;1.0;8.0;4.0;0;0;0;0;0;0;0;0;0;0;0;0;0;0;0;0;0;0;[];0;0;0;0;0;0;0.0;0.0;0.0;0.0;0;0;0;0;0;0;0;0;0;0;0;0;0;0;0;0;0;0;0;0
22;76;12;[2:3:4:5:6:7:8:30:76:99];75;45;50;1;0;74;0;[];[];[];[];76;10;0;0;0;0;0;551;0;0;0;0;0.0;0.0;0.0;0.0;0.0;0.0;0.0;0.0;0;0;0;0;0;0;0;0;0;0;0;0;0;0;0;0;0;0;[];0;0;0;0;0;0;0.0;0.0;0.0;0.0;0;0;0;0;0;0;0;0;0;0;0;0;0;0;0;0;0;0;0;0
22;99;12;[2:3:4:5:6:7:8:30:76:99];75;45;50;1;0;74;0;[];[];[];[];99;8;2;1;0;1;1;204;0;0;2;0;0.0;0.0;0.0;2.6666666666666665;10.0;10.0;9.0;3.0;0;0;0;0;0;0;0;0;0;0;0;0;0;0;0;0;0;0;[];0;0;0;0;0;0;0.0;0.0;0.0;0.0;0;0;0;0;0;0;0;0;0;0;0;0;0;0;0;0;0;0;0;0
23;2;12;[2:3:4:5:6:7:8:30:76:99];71;49;50;1;0;77;0;[];[];[];[[4:3:130:21:0:133:130:3:[[21:0:0]:[23:0:0]]]:[4:30:126:23:0:137:126:30:[[23:0:1]]]:[4:4:118:23:4:138:118:4:[[23:4:0]]]];2;10;0;0;0;0;0;1424;0;0;0;0;0.0;0.0;0.0;0.0;0.0;0.0;0.0;0.0;0;0;0;0;0;0;0;0;0;0;0;0;0;0;0;0;0;0;[];0;0;0;0;0;0;0.0;0.0;0.0;0.0;0;0;0;0;0;0;0;0;0;0;0;0;0;0;0;0;0;0;0;0
23;3;12;[2:3:4:5:6:7:8:30:76:99];71;49;50;1;0;77;0;[[3:5:1:21:22]:[3:5:2:23]];[[3:5:0:21:22]:[3:5:0:23]];[];[];3;9;1;3;0;7;3;23;0;0;5;0;1.0;1.0;0.0;0.0;6.0;5.0;7.0;9.0;0;0;0;0;0;0;0;0;0;0;0;0;0;0;0;0;0;0;[];0;0;0;0;0;0;0.0;0.0;0.0;0.0;0;0;0;0;0;0;0;0;0;0;0;0;0;0;0;0;0;0;0;0
23;4;12;[2:3:4:5:6:7:8:30:76:99];71;49;50;1;0;77;0;[[4:4:1:17:22]:[4:4:1:23]];[[4:4:1:17:22]:[4:4:4:23]];[];[];4;0;10;8;0;12;5;250;9;0;18;0;12.0;0.0;7.5;5.0;1.0;10.0;1.0;2.0;0;0;0;0;0;0;0;0;0;0;0;0;0;0;0;0;0;0;[];0;0;0;0;0;0;0.0;0.0;0.0;0.0;0;0;0;0;0;0;0;0;0;0;0;0;0;0;0;0;0;0;0;0
23;5;12;[2:3:4:5:6:7:8:30:76:99];71;49;50;1;0;77;0;[];[];[];[];5;6;0;1;0;2;0;70;0;0;14;0;2.0;16.0;-4.8;0.5;5.0;3.0;9.0;5.0;0;0;0;0;0;0;0;0;0;0;0;0;0;0;0;0;0;0;[];0;0;0;0;0;0;0.0;0.0;0.0;0.0;0;0;0;0;0;0;0;0;0;0;0;0;0;0;0;0;0;0;0;0
23;6;12;[2:3:4:5:6:7:8:30:76:99];71;49;50;1;0;77;0;[];[];[];[];6;0;10;1;0;7;5;396;0;0;2;0;0.0;12.0;2.5;5.0;9.0;3.0;3.0;1.0;0;0;0;0;0;0;0;0;0;0;0;0;0;0;0;0;0;0;[];0;0;0;0;0;0;0.0;0.0;0.0;0.0;0;0;0;0;0;0;0;0;0;0;0;0;0;0;0;0;0;0;0;0
23;7;12;[2:3:4:5:6:7:8:30:76:99];71;49;50;1;0;77;0;[];[];[];[];7;0;10;5;0;16;12;134;10;0;10;0;2.0;0.0;-5.0;-16.5;5.0;10.0;10.0;10.0;0;0;0;0;0;0;0;0;0;0;0;0;0;0;0;0;0;0;[];0;0;0;0;0;0;0.0;0.0;0.0;0.0;0;0;0;0;0;0;0;0;0;0;0;0;0;0;0;0;0;0;0;0
23;8;12;[2:3:4:5:6:7:8:30:76:99];71;49;50;1;0;77;0;[];[];[];[];8;8;2;21;0;13;5;102;10;0;66;0;7.0;1.0;0.0;0.19999999999999996;2.0;5.0;7.0;6.0;0;0;0;0;0;0;0;0;0;0;0;0;0;0;0;0;0;0;[];0;0;0;0;0;0;0.0;0.0;0.0;0.0;0;0;0;0;0;0;0;0;0;0;0;0;0;0;0;0;0;0;0;0
23;30;12;[2:3:4:5:6:7:8:30:76:99];71;49;50;1;0;77;0;[[30:3:1:23]];[[30:3:0:23]];[];[];30;0;10;3;0;12;4;22;9;0;7;0;3.0;28.0;-2.333333333333334;1.5;3.0;1.0;8.0;4.0;0;0;0;0;0;0;0;0;0;0;0;0;0;0;0;0;0;0;[];0;0;0;0;0;0;0.0;0.0;0.0;0.0;0;0;0;0;0;0;0;0;0;0;0;0;0;0;0;0;0;0;0;0
23;76;12;[2:3:4:5:6:7:8:30:76:99];71;49;50;1;0;77;0;[];[];[];[];76;10;0;0;0;0;0;621;0;0;0;0;0.0;0.0;0.0;0.0;0.0;0.0;0.0;0.0;0;0;0;0;0;0;0;0;0;0;0;0;0;0;0;0;0;0;[];0;0;0;0;0;0;0.0;0.0;0.0;0.0;0;0;0;0;0;0;0;0;0;0;0;0;0;0;0;0;0;0;0;0
23;99;12;[2:3:4:5:6:7:8:30:76:99];71;49;50;1;0;77;0;[];[];[];[];99;8;2;1;0;1;1;274;0;0;2;0;0.0;0.0;0.0;2.6666666666666665;10.0;10.0;9.0;3.0;0;0;0;0;0;0;0;0;0;0;0;0;0;0;0;0;0;0;[];0;0;0;0;0;0;0.0;0.0;0.0;0.0;0;0;0;0;0;0;0;0;0;0;0;0;0;0;0;0;0;0;0;0
24;2;12;[2:3:4:5:6:7:8:30:76:99];71;49;53;1;0;79;0;[];[];[];[[2:139:24:[113]:8]:[6:8:139:24]:[5:139:113:24]:[4:7:113:19:3:116:113:7:[[19:3:0]:[19:7:0]:[24:-10:0]]]:[2:141:24:[139]:8]:[6:8:141:24]:[5:141:139:24]:[4:7:18:24:10:142:18:7:[[24:10:1]]]:[2:143:24:[139]:8]:[6:8:143:24]:[5:143:139:24]];2;10;0;0;0;0;0;1477;0;0;0;0;0.0;0.0;0.0;0.0;0.0;0.0;0.0;0.0;0;0;0;0;0;0;0;0;0;0;0;0;0;0;0;0;0;0;[];0;0;0;0;0;0;0.0;0.0;0.0;0.0;0;0;0;0;0;0;0;0;0;0;0;0;0;0;0;0;0;0;0;0
24;3;12;[2:3:4:5:6:7:8:30:76:99];71;49;53;1;0;79;0;[];[];[[3:7:-172:19:23]:[3:7:-172:24]];[];3;9;1;3;0;7;3;76;0;0;5;0;1.0;1.0;0.0;0.0;6.0;5.0;7.0;9.0;0;0;0;0;0;0;0;0;0;0;0;0;0;0;0;0;0;0;[];0;0;0;0;0;0;0.0;0.0;0.0;0.0;0;0;0;0;0;0;0;0;0;0;0;0;0;0;0;0;0;0;0;0
24;4;12;[2:3:4:5:6:7:8:30:76:99];71;49;53;1;0;79;0;[];[];[[4:7:-46:24]];[];4;0;10;8;0;12;5;53;9;0;18;0;12.0;0.0;7.5;5.0;1.0;10.0;1.0;2.0;0;0;0;0;0;0;0;0;0;0;0;0;0;0;0;0;0;0;[];0;0;0;0;0;0;0.0;0.0;0.0;0.0;0;0;0;0;0;0;0;0;0;0;0;0;0;0;0;0;0;0;0;0
24;5;12;[2:3:4:5:6:7:8:30:76:99];71;49;53;1;0;79;0;[];[];[[5:7:8:19:23]:[5:7:-192:24]:[5:7:-227:24]];[];5;6;0;1;0;2;0;123;0;0;14;0;2.0;16.0;-4.8;0.5;5.0;3.0;9.0;5.0;0;0;0;0;0;0;0;0;0;0;0;0;0;0;0;0;0;0;[];0;0;0;0;0;0;0.0;0.0;0.0;0.0;0;0;0;0;0;0;0;0;0;0;0;0;0;0;0;0;0;0;0;0
24;6;12;[2:3:4:5:6:7:8:30:76:99];71;49;53;1;0;79;0;[];[];[[6:7:21:18:23]:[6:7:-15:24]];[];6;0;10;1;0;7;5;449;0;0;2;0;0.0;12.0;2.5;5.0;9.0;3.0;3.0;1.0;0;0;0;0;0;0;0;0;0;0;0;0;0;0;0;0;0;0;[];0;0;0;0;0;0;0.0;0.0;0.0;0.0;0;0;0;0;0;0;0;0;0;0;0;0;0;0;0;0;0;0;0;0
24;7;12;[2:3:4:5:6:7:8:30:76:99];71;49;53;1;0;79;0;[[7:7:2:19:23]:[7:7:3:24]:[7:4:1:24]];[[7:7:10:19:23]:[7:7:0:24]:[7:4:10:24]];[];[];7;0;10;5;0;18;14;0;10;0;11;0;2.0;0.0;-5.0;0.16666666666666785;5.0;10.0;10.0;7.0;0;0;0;0;0;0;0;0;0;0;0;0;0;0;0;0;0;0;[];0;0;0;0;0;0;0.0;0.0;0.0;0.0;0;0;0;0;0;0;0;0;0;0;0;0;0;0;0;0;0;0;0;0
24;8;12;[2:3:4:5:6:7:8:30:76:99];71;49;53;1;0;79;0;[];[];[[8:7:0:24]];[];8;8;2;24;0;13;5;18;10;0;68;0;7.0;1.0;0.0;0.19999999999999996;2.0;6.0;8.0;6.0;0;0;0;0;0;0;0;0;0;0;0;0;0;0;0;0;0;0;[];0;0;0;0;0;0;0.0;0.0;0.0;0.0;0;0;0;0;0;0;0;0;0;0;0;0;0;0;0;0;0;0;0;0
24;30;12;[2:3:4:5:6:7:8:30:76:99];71;49;53;1;0;79;0;[];[];[[30:7:33:19:23]:[30:7:-167:24]:[30:7:-205:24]];[];30;0;10;3;0;12;4;75;9;0;7;0;3.0;28.0;-2.333333333333334;1.5;3.0;1.0;8.0;4.0;0;0;0;0;0;0;0;0;0;0;0;0;0;0;0;0;0;0;[];0;0;0;0;0;0;0.0;0.0;0.0;0.0;0;0;0;0;0;0;0;0;0;0;0;0;0;0;0;0;0;0;0;0
24;76;12;[2:3:4:5:6:7:8:30:76:99];71;49;53;1;0;79;0;[];[];[];[];76;10;0;0;0;0;0;674;0;0;0;0;0.0;0.0;0.0;0.0;0.0;0.0;0.0;0.0;0;0;0;0;0;0;0;0;0;0;0;0;0;0;0;0;0;0;[];0;0;0;0;0;0;0.0;0.0;0.0;0.0;0;0;0;0;0;0;0;0;0;0;0;0;0;0;0;0;0;0;0;0
24;99;12;[2:3:4:5:6:7:8:30:76:99];71;49;53;1;0;79;0;[];[];[];[];99;8;2;1;0;1;1;327;0;0;2;0;0.0;0.0;0.0;2.6666666666666665;10.0;10.0;9.0;3.0;0;0;0;0;0;0;0;0;0;0;0;0;0;0;0;0;0;0;[];0;0;0;0;0;0;0.0;0.0;0.0;0.0;0;0;0;0;0;0;0;0;0;0;0;0;0;0;0;0;0;0;0;0
25;2;12;[2:3:4:5:6:7:8:30:76:99];70;50;53;1;0;84;0;[];[];[];[[4:30:97:20:0:125:97:30:[[20:0:0]:[25:0:1]]]:[4:8:97:17:1:101:97:8:[[17:1:0]:[25:-1:0]]]:[4:8:111:25:2:146:111:8:[[25:2:0]]]:[4:4:118:23:4:138:118:4:[[23:4:0]:[25:0:0]]]:[4:30:77:25:0:148:77:30:[[25:0:0]]]];2;10;0;0;0;0;0;1545;0;0;0;0;0.0;0.0;0.0;0.0;0.0;0.0;0.0;0.0;0;0;0;0;0;0;0;0;0;0;0;0;0;0;0;0;0;0;[];0;0;0;0;0;0;0.0;0.0;0.0;0.0;0;0;0;0;0;0;0;0;0;0;0;0;0;0;0;0;0;0;0;0
25;3;12;[2:3:4:5:6:7:8:30:76:99];70;50;53;1;0;84;0;[];[];[];[];3;9;1;3;0;7;3;144;0;0;5;0;1.0;1.0;0.0;0.0;6.0;5.0;7.0;9.0;0;0;0;0;0;0;0;0;0;0;0;0;0;0;0;0;0;0;[];0;0;0;0;0;0;0.0;0.0;0.0;0.0;0;0;0;0;0;0;0;0;0;0;0;0;0;0;0;0;0;0;0;0
25;4;12;[2:3:4:5:6:7:8:30:76:99];70;50;53;1;0;84;0;[[4:4:1:23:24]:[4:4:2:25]];[[4:4:4:23:24]:[4:4:4:25]];[[4:8:-150:17:24]:[4:30:133:20:24]:[4:8:-138:25]:[4:30:121:25]];[];4;0;10;8;0;13;5;7;9;0;18;0;22.0;30.0;9.666666666666666;5.0;1.0;4.0;1.0;2.0;0;0;0;0;0;0;0;0;0;0;0;0;0;0;0;0;0;0;[];0;0;0;0;0;0;0.0;0.0;0.0;0.0;0;0;0;0;0;0;0;0;0;0;0;0;0;0;0;0;0;0;0;0
25;5;12;[2:3:4:5:6:7:8:30:76:99];70;50;53;1;0;84;0;[];[];[[5:30:100:6:24]:[5:30:109:25]];[];5;6;0;1;0;2;0;191;0;0;14;0;2.0;16.0;-4.8;0.5;5.0;3.0;9.0;5.0;0;0;0;0;0;0;0;0;0;0;0;0;0;0;0;0;0;0;[];0;0;0;0;0;0;0.0;0.0;0.0;0.0;0;0;0;0;0;0;0;0;0;0;0;0;0;0;0;0;0;0;0;0
25;6;12;[2:3:4:5:6:7:8:30:76:99];70;50;53;1;0;84;0;[];[];[[6:8:100:17:24]:[6:30:233:20:24]:[6:8:112:25]:[6:30:221:25]];[];6;0;10;1;0;7;5;517;0;0;2;0;0.0;12.0;2.5;5.0;9.0;3.0;3.0;1.0;0;0;0;0;0;0;0;0;0;0;0;0;0;0;0;0;0;0;[];0;0;0;0;0;0;0.0;0.0;0.0;0.0;0;0;0;0;0;0;0;0;0;0;0;0;0;0;0;0;0;0;0;0
25;7;12;[2:3:4:5:6:7:8:30:76:99];70;50;53;1;0;84;0;[];[];[[7:30:1000:19:24]:[7:30:1016:25]];[];7;0;10;5;0;18;14;68;10;0;11;0;2.0;0.0;-5.0;0.16666666666666785;5.0;10.0;10.0;7.0;0;0;0;0;0;0;0;0;0;0;0;0;0;0;0;0;0;0;[];0;0;0;0;0;0;0.0;0.0;0.0;0.0;0;0;0;0;0;0;0;0;0;0;0;0;0;0;0;0;0;0;0;0
25;8;12;[2:3:4:5:6:7:8:30:76:99];70;50;53;1;0;84;0;[[8:4:1:17:24]:[8:4:2:25]:[8:3:2:21:24]:[8:3:1:25]];[[8:4:1:17:24]:[8:4:0:25]:[8:3:1:21:24]:[8:3:2:25]];[[8:30:33:20:24]:[8:30:133:25]];[];8;7;3;24;0;15;7;31;10;0;68;0;7.0;0.0;0.0;-1.3333333333333333;2.0;10.0;8.0;10.0;0;0;0;0;0;0;0;0;0;0;0;0;0;0;0;0;0;0;[];0;0;0;0;0;0;0.0;0.0;0.0;0.0;0;0;0;0;0;0;0;0;0;0;0;0;0;0;0;0;0;0;0;0
25;30;12;[2:3:4:5:6:7:8:30:76:99];70;50;53;1;0;84;0;[[30:4:1:20:24]:[30:4:2:25]:[30:8:1:12:24]:[30:8:1:25]];[[30:4:0:20:24]:[30:4:0:25]:[30:8:0:12:24]:[30:8:0:25]];[[30:8:0:25]];[];30;0;10;3;0;14;4;47;9;0;7;0;3.0;38.0;4.166666666666666;1.5;4.0;2.0;3.0;4.0;0;0;0;0;0;0;0;0;0;0;0;0;0;0;0;0;0;0;[];0;0;0;0;0;0;0.0;0.0;0.0;0.0;0;0;0;0;0;0;0;0;0;0;0;0;0;0;0;0;0;0;0;0
25;76;12;[2:3:4:5:6:7:8:30:76:99];70;50;53;1;0;84;0;[];[];[];[];76;10;0;0;0;0;0;742;0;0;0;0;0.0;0.0;0.0;0.0;0.0;0.0;0.0;0.0;0;0;0;0;0;0;0;0;0;0;0;0;0;0;0;0;0;0;[];0;0;0;0;0;0;0.0;0.0;0.0;0.0;0;0;0;0;0;0;0;0;0;0;0;0;0;0;0;0;0;0;0;0
25;99;12;[2:3:4:5:6:7:8:30:76:99];70;50;53;1;0;84;0;[];[];[];[];99;8;2;1;0;1;1;395;0;0;2;0;0.0;0.0;0.0;2.6666666666666665;10.0;10.0;9.0;3.0;0;0;0;0;0;0;0;0;0;0;0;0;0;0;0;0;0;0;[];0;0;0;0;0;0;0.0;0.0;0.0;0.0;0;0;0;0;0;0;0;0;0;0;0;0;0;0;0;0;0;0;0;0
26;2;12;[2:3:4:5:6:7:8:30:76:99];70;50;53;1;0;94;0;[];[];[];[[4:3:113:19:0:115:113:3:[[19:0:0]:[26:3:0]]]:[4:3:113:19:0:115:113:3:[[19:0:0]:[26:3:0]:[26:-3:0]]]:[4:3:130:21:0:133:130:3:[[21:0:0]:[23:0:0]:[26:3:0]]]:[4:5:118:26:0:152:118:5:[[26:0:-1]]]:[4:3:113:19:0:115:113:3:[[19:0:0]:[26:3:0]:[26:-3:0]:[26:3:0]]]:[4:4:102:26:0:154:102:4:[[26:0:-1]]]:[4:5:118:26:0:152:118:5:[[26:0:-1]:[26:0:0]]]:[4:3:113:19:0:115:113:3:[[19:0:0]:[26:3:0]:[26:-3:0]:[26:3:0]:[26:-3:0]]]:[4:3:130:21:0:133:130:3:[[21:0:0]:[23:0:0]:[26:3:0]:[26:-3:0]]]:[4:8:118:26:0:158:118:8:[[26:0:-1]]]];2;10;0;0;0;0;0;1613;0;0;0;0;0.0;0.0;0.0;0.0;0.0;0.0;0.0;0.0;0;0;0;0;0;0;0;0;0;0;0;0;0;0;0;0;0;0;[];0;0;0;0;0;0;0.0;0.0;0.0;0.0;0;0;0;0;0;0;0;0;0;0;0;0;0;0;0;0;0;0;0;0
26;3;12;[2:3:4:5:6:7:8:30:76:99];70;50;53;1;0;94;0;[[3:7:1:19:25]:[3:7:2:26]:[3:7:3:26]:[3:5:2:23:25]:[3:5:3:26]:[3:7:4:26]:[3:7:5:26]:[3:5:4:26]];[[3:7:0:19:25]:[3:7:3:26]:[3:7:0:26]:[3:5:0:23:25]:[3:5:3:26]:[3:7:3:26]:[3:7:0:26]:[3:5:0:26]];[];[];3;9;1;3;0;13;9;5;0;0;5;0;3.0;1.0;0.0;-1.2964285714285715;6.0;5.0;7.0;9.0;0;0;0;0;0;0;0;0;0;0;0;0;0;0;0;0;0;0;[];0;0;0;0;0;0;0.0;0.0;0.0;0.0;0;0;0;0;0;0;0;0;0;0;0;0;0;0;0;0;0;0;0;0
26;4;12;[2:3:4:5:6:7:8:30:76:99];70;50;53;1;0;94;0;[[4:7:1:26]];[[4:7:0:26]];[];[];4;0;10;8;0;14;5;16;9;0;18;0;22.0;30.0;9.666666666666666;5.0;1.0;4.0;1.0;2.0;0;0;0;0;0;0;0;0;0;0;0;0;0;0;0;0;0;0;[];0;0;0;0;0;0;0.0;0.0;0.0;0.0;0;0;0;0;0;0;0;0;0;0;0;0;0;0;0;0;0;0;0;0
26;5;12;[2:3:4:5:6:7:8:30:76:99];70;50;53;1;0;94;0;[[5:4:1:4:25]:[5:4:1:26]:[5:4:2:26]];[[5:4:2:4:25]:[5:4:0:26]];[[5:3:185:26]:[5:3:99:26]:[5:3:174:26]:[5:3:259:26]:[5:3:173:26]:[5:3:23:26]];[];5;6;0;1;0;4;0;15;0;0;14;0;5.0;36.0;-3.6166666666666663;0.5;4.0;3.0;9.0;5.0;0;0;0;0;0;0;0;0;0;0;0;0;0;0;0;0;0;0;[];0;0;0;0;0;0;0.0;0.0;0.0;0.0;0;0;0;0;0;0;0;0;0;0;0;0;0;0;0;0;0;0;0;0
26;6;12;[2:3:4:5:6:7:8:30:76:99];70;50;53;1;0;94;0;[];[];[];[];6;0;10;1;0;7;5;585;0;0;2;0;0.0;12.0;2.5;5.0;9.0;3.0;3.0;1.0;0;0;0;0;0;0;0;0;0;0;0;0;0;0;0;0;0;0;[];0;0;0;0;0;0;0.0;0.0;0.0;0.0;0;0;0;0;0;0;0;0;0;0;0;0;0;0;0;0;0;0;0;0
26;7;12;[2:3:4:5:6:7:8:30:76:99];70;50;53;1;0;94;0;[];[];[[7:3:650:26]:[7:3:350:26]:[7:3:410:26]:[7:3:710:26]:[7:3:410:26]:[7:3:290:26]];[];7;0;10;5;0;18;14;136;10;0;11;0;2.0;0.0;-5.0;0.16666666666666785;5.0;10.0;10.0;7.0;0;0;0;0;0;0;0;0;0;0;0;0;0;0;0;0;0;0;[];0;0;0;0;0;0;0.0;0.0;0.0;0.0;0;0;0;0;0;0;0;0;0;0;0;0;0;0;0;0;0;0;0;0
26;8;12;[2:3:4:5:6:7:8:30:76:99];70;50;53;1;0;94;0;[[8:4:2:25:25]:[8:4:1:26]];[[8:4:0:25:25]:[8:4:0:26]];[[8:3:0:26]:[8:3:75:26]:[8:3:-75:26]];[];8;7;3;24;0;16;7;99;10;0;68;0;7.0;0.0;-0.25;-1.3333333333333333;2.0;10.0;8.0;10.0;0;0;0;0;0;0;0;0;0;0;0;0;0;0;0;0;0;0;[];0;0;0;0;0;0;0.0;0.0;0.0;0.0;0;0;0;0;0;0;0;0;0;0;0;0;0;0;0;0;0;0;0;0
26;30;12;[2:3:4:5:6:7:8:30:76:99];70;50;53;1;0;94;0;[];[];[[30:3:185:26]:[30:3:99:26]:[30:3:159:26]:[30:3:244:26]:[30:3:158:26]:[30:3:38:26]];[];30;0;10;3;0;14;4;68;9;0;7;0;3.0;38.0;4.166666666666666;1.5;4.0;2.0;3.0;4.0;0;0;0;0;0;0;0;0;0;0;0;0;0;0;0;0;0;0;[];0;0;0;0;0;0;0.0;0.0;0.0;0.0;0;0;0;0;0;0;0;0;0;0;0;0;0;0;0;0;0;0;0;0
26;76;12;[2:3:4:5:6:7:8:30:76:99];70;50;53;1;0;94;0;[];[];[];[];76;10;0;0;0;0;0;810;0;0;0;0;0.0;0.0;0.0;0.0;0.0;0.0;0.0;0.0;0;0;0;0;0;0;0;0;0;0;0;0;0;0;0;0;0;0;[];0;0;0;0;0;0;0.0;0.0;0.0;0.0;0;0;0;0;0;0;0;0;0;0;0;0;0;0;0;0;0;0;0;0
26;99;12;[2:3:4:5:6:7:8:30:76:99];70;50;53;1;0;94;0;[];[];[];[];99;8;2;1;0;1;1;463;0;0;2;0;0.0;0.0;0.0;2.6666666666666665;10.0;10.0;9.0;3.0;0;0;0;0;0;0;0;0;0;0;0;0;0;0;0;0;0;0;[];0;0;0;0;0;0;0.0;0.0;0.0;0.0;0;0;0;0;0;0;0;0;0;0;0;0;0;0;0;0;0;0;0;0
27;2;12;[2:3:4:5:6:7:8:30:76:99];70;50;53;1;0;95;0;[];[];[];[[4:8:114:27:0:159:114:8:[[27:0:-1]]]];2;10;0;0;0;0;0;1647;0;0;0;0;0.0;0.0;0.0;0.0;0.0;0.0;0.0;0.0;0;0;0;0;0;0;0;0;0;0;0;0;0;0;0;0;0;0;[];0;0;0;0;0;0;0.0;0.0;0.0;0.0;0;0;0;0;0;0;0;0;0;0;0;0;0;0;0;0;0;0;0;0
27;3;12;[2:3:4:5:6:7:8:30:76:99];70;50;53;1;0;95;0;[];[];[];[];3;9;1;3;0;13;9;39;0;0;5;0;3.0;1.0;0.0;-1.2964285714285715;6.0;5.0;7.0;9.0;0;0;0;0;0;0;0;0;0;0;0;0;0;0;0;0;0;0;[];0;0;0;0;0;0;0.0;0.0;0.0;0.0;0;0;0;0;0;0;0;0;0;0;0;0;0;0;0;0;0;0;0;0
27;4;12;[2:3:4:5:6:7:8:30:76:99];70;50;53;1;0;95;0;[];[];[];[];4;0;10;8;0;14;5;50;9;0;18;0;22.0;30.0;9.666666666666666;5.0;1.0;4.0;1.0;2.0;0;0;0;0;0;0;0;0;0;0;0;0;0;0;0;0;0;0;[];0;0;0;0;0;0;0.0;0.0;0.0;0.0;0;0;0;0;0;0;0;0;0;0;0;0;0;0;0;0;0;0;0;0
27;5;12;[2:3:4:5:6:7:8:30:76:99];70;50;53;1;0;95;0;[];[];[];[];5;6;0;1;0;4;0;49;0;0;14;0;5.0;36.0;-3.6166666666666663;0.5;4.0;3.0;9.0;5.0;0;0;0;0;0;0;0;0;0;0;0;0;0;0;0;0;0;0;[];0;0;0;0;0;0;0.0;0.0;0.0;0.0;0;0;0;0;0;0;0;0;0;0;0;0;0;0;0;0;0;0;0;0
27;6;12;[2:3:4:5:6:7:8:30:76:99];70;50;53;1;0;95;0;[];[];[];[];6;0;10;1;0;7;5;619;0;0;2;0;0.0;12.0;2.5;5.0;9.0;3.0;3.0;1.0;0;0;0;0;0;0;0;0;0;0;0;0;0;0;0;0;0;0;[];0;0;0;0;0;0;0.0;0.0;0.0;0.0;0;0;0;0;0;0;0;0;0;0;0;0;0;0;0;0;0;0;0;0
27;7;12;[2:3:4:5:6:7:8:30:76:99];70;50;53;1;0;95;0;[];[];[];[];7;0;10;5;0;18;14;170;10;0;11;0;2.0;0.0;-5.0;0.16666666666666785;5.0;10.0;10.0;7.0;0;0;0;0;0;0;0;0;0;0;0;0;0;0;0;0;0;0;[];0;0;0;0;0;0;0.0;0.0;0.0;0.0;0;0;0;0;0;0;0;0;0;0;0;0;0;0;0;0;0;0;0;0
27;8;12;[2:3:4:5:6:7:8:30:76:99];70;50;53;1;0;95;0;[[8:99:1:27]];[[8:99:0:27]];[];[];8;7;3;24;0;17;7;34;10;0;68;0;7.0;0.0;-0.25;-1.3333333333333333;2.0;10.0;8.0;10.0;0;0;0;0;0;0;0;0;0;0;0;0;0;0;0;0;0;0;[];0;0;0;0;0;0;0.0;0.0;0.0;0.0;0;0;0;0;0;0;0;0;0;0;0;0;0;0;0;0;0;0;0;0
27;30;12;[2:3:4:5:6:7:8:30:76:99];70;50;53;1;0;95;0;[];[];[];[];30;0;10;3;0;14;4;102;9;0;7;0;3.0;38.0;4.166666666666666;1.5;4.0;2.0;3.0;4.0;0;0;0;0;0;0;0;0;0;0;0;0;0;0;0;0;0;0;[];0;0;0;0;0;0;0.0;0.0;0.0;0.0;0;0;0;0;0;0;0;0;0;0;0;0;0;0;0;0;0;0;0;0
27;76;12;[2:3:4:5:6:7:8:30:76:99];70;50;53;1;0;95;0;[];[];[];[];76;10;0;0;0;0;0;844;0;0;0;0;0.0;0.0;0.0;0.0;0.0;0.0;0.0;0.0;0;0;0;0;0;0;0;0;0;0;0;0;0;0;0;0;0;0;[];0;0;0;0;0;0;0.0;0.0;0.0;0.0;0;0;0;0;0;0;0;0;0;0;0;0;0;0;0;0;0;0;0;0
27;99;12;[2:3:4:5:6:7:8:30:76:99];70;50;53;1;0;95;0;[];[];[];[];99;8;2;1;0;1;1;497;0;0;2;0;0.0;0.0;0.0;2.6666666666666665;10.0;10.0;9.0;3.0;0;0;0;0;0;0;0;0;0;0;0;0;0;0;0;0;0;0;[];0;0;0;0;0;0;0.0;0.0;0.0;0.0;0;0;0;0;0;0;0;0;0;0;0;0;0;0;0;0;0;0;0;0
28;2;12;[2:3:4:5:6:7:8:30:76:99];70;50;54;1;0;97;0;[];[];[];[[4:7:42:13:0:75:42:7:[[13:0:1]:[28:0:1]]]:[4:30:87:28:0:161:87:30:[[28:0:0]]]:[2:162:28:[127]:8]:[6:8:162:28]:[5:162:127:28]];2;10;0;0;0;0;0;1718;0;0;0;0;0.0;0.0;0.0;0.0;0.0;0.0;0.0;0.0;0;0;0;0;0;0;0;0;0;0;0;0;0;0;0;0;0;0;[];0;0;0;0;0;0;0.0;0.0;0.0;0.0;0;0;0;0;0;0;0;0;0;0;0;0;0;0;0;0;0;0;0;0
28;3;12;[2:3:4:5:6:7:8:30:76:99];70;50;54;1;0;97;0;[];[];[];[];3;9;1;3;0;13;9;110;0;0;5;0;3.0;1.0;0.0;-1.2964285714285715;6.0;5.0;7.0;9.0;0;0;0;0;0;0;0;0;0;0;0;0;0;0;0;0;0;0;[];0;0;0;0;0;0;0.0;0.0;0.0;0.0;0;0;0;0;0;0;0;0;0;0;0;0;0;0;0;0;0;0;0;0
28;4;12;[2:3:4:5:6:7:8:30:76:99];70;50;54;1;0;97;0;[];[];[[4:7:-46:24:27]:[4:7:-6:28]];[];4;0;10;8;0;14;5;121;9;0;18;0;22.0;30.0;9.666666666666666;5.0;1.0;4.0;1.0;2.0;0;0;0;0;0;0;0;0;0;0;0;0;0;0;0;0;0;0;[];0;0;0;0;0;0;0.0;0.0;0.0;0.0;0;0;0;0;0;0;0;0;0;0;0;0;0;0;0;0;0;0;0;0
28;5;12;[2:3:4:5:6:7:8:30:76:99];70;50;54;1;0;97;0;[];[];[[5:7:-227:24:27]:[5:7:-190:28]];[];5;6;0;1;0;4;0;120;0;0;14;0;5.0;36.0;-3.6166666666666663;0.5;4.0;3.0;9.0;5.0;0;0;0;0;0;0;0;0;0;0;0;0;0;0;0;0;0;0;[];0;0;0;0;0;0;0.0;0.0;0.0;0.0;0;0;0;0;0;0;0;0;0;0;0;0;0;0;0;0;0;0;0;0
28;6;12;[2:3:4:5:6:7:8:30:76:99];70;50;54;1;0;97;0;[];[];[];[];6;0;10;1;0;7;5;690;0;0;2;0;0.0;12.0;2.5;5.0;9.0;3.0;3.0;1.0;0;0;0;0;0;0;0;0;0;0;0;0;0;0;0;0;0;0;[];0;0;0;0;0;0;0.0;0.0;0.0;0.0;0;0;0;0;0;0;0;0;0;0;0;0;0;0;0;0;0;0;0;0
28;7;12;[2:3:4:5:6:7:8:30:76:99];70;50;54;1;0;97;0;[];[];[];[];7;0;10;5;0;19;14;43;10;0;12;0;5.0;0.0;-5.071428571428571;0.16666666666666785;4.0;10.0;10.0;6.0;0;0;0;0;0;0;0;0;0;0;0;0;0;0;0;0;0;0;[];0;0;0;0;0;0;0.0;0.0;0.0;0.0;0;0;0;0;0;0;0;0;0;0;0;0;0;0;0;0;0;0;0;0
28;8;12;[2:3:4:5:6:7:8:30:76:99];70;50;54;1;0;97;0;[];[];[[8:7:0:24:27]:[8:7:54:28]];[];8;7;3;25;0;17;7;71;10;0;68;0;7.0;0.0;-0.25;-1.3333333333333333;2.0;10.0;8.0;10.0;0;0;0;0;0;0;0;0;0;0;0;0;0;0;0;0;0;0;[];0;0;0;0;0;0;0.0;0.0;0.0;0.0;0;0;0;0;0;0;0;0;0;0;0;0;0;0;0;0;0;0;0;0
28;30;12;[2:3:4:5:6:7:8:30:76:99];70;50;54;1;0;97;0;[[30:30:2:14:27]:[30:30:1:28]];[[30:30:8:14:27]:[30:30:0:28]];[];[];30;0;10;3;0;15;4;38;9;0;7;0;3.0;38.0;3.9130952380952375;1.5;6.0;2.0;3.0;4.0;0;0;0;0;0;0;0;0;0;0;0;0;0;0;0;0;0;0;[];0;0;0;0;0;0;0.0;0.0;0.0;0.0;0;0;0;0;0;0;0;0;0;0;0;0;0;0;0;0;0;0;0;0
28;76;12;[2:3:4:5:6:7:8:30:76:99];70;50;54;1;0;97;0;[];[];[];[];76;10;0;0;0;0;0;915;0;0;0;0;0.0;0.0;0.0;0.0;0.0;0.0;0.0;0.0;0;0;0;0;0;0;0;0;0;0;0;0;0;0;0;0;0;0;[];0;0;0;0;0;0;0.0;0.0;0.0;0.0;0;0;0;0;0;0;0;0;0;0;0;0;0;0;0;0;0;0;0;0
28;99;12;[2:3:4:5:6:7:8:30:76:99];70;50;54;1;0;97;0;[];[];[];[];99;8;2;1;0;1;1;568;0;0;2;0;0.0;0.0;0.0;2.6666666666666665;10.0;10.0;9.0;3.0;0;0;0;0;0;0;0;0;0;0;0;0;0;0;0;0;0;0;[];0;0;0;0;0;0;0.0;0.0;0.0;0.0;0;0;0;0;0;0;0;0;0;0;0;0;0;0;0;0;0;0;0;0
29;2;12;[2:3:4:5:6:7:8:30:76:99];70;50;54;1;1;98;0;[];[];[];[[4:30:80:14:1:82:80:30:[[14:1:0]:[29:0:1]]]];2;10;0;0;0;0;0;1781;0;0;0;0;0.0;0.0;0.0;0.0;0.0;0.0;0.0;0.0;0;0;0;0;0;0;0;0;0;0;0;0;0;0;0;0;0;0;[];0;0;0;0;0;0;0.0;0.0;0.0;0.0;0;0;0;0;0;0;0;0;0;0;0;0;0;0;0;0;0;0;0;0
29;3;12;[2:3:4:5:6:7:8:30:76:99];70;50;54;1;1;98;0;[];[];[];[];3;9;1;3;0;13;9;173;0;0;5;0;3.0;1.0;0.0;-1.2964285714285715;6.0;5.0;7.0;9.0;0;0;0;0;0;0;0;0;0;0;0;0;0;0;0;0;0;0;[];0;0;0;0;0;0;0.0;0.0;0.0;0.0;0;0;0;0;0;0;0;0;0;0;0;0;0;0;0;0;0;0;0;0
29;4;12;[2:3:4:5:6:7:8:30:76:99];70;50;54;1;1;98;0;[];[];[[4:30:121:25:28]:[4:30:127:29]];[];4;0;10;8;0;14;5;184;9;0;18;0;22.0;30.0;9.666666666666666;5.0;1.0;4.0;1.0;2.0;0;0;0;0;0;0;0;0;0;0;0;0;0;0;0;0;0;0;[];0;0;0;0;0;0;0.0;0.0;0.0;0.0;0;0;0;0;0;0;0;0;0;0;0;0;0;0;0;0;0;0;0;0
29;5;12;[2:3:4:5:6:7:8:30:76:99];70;50;54;1;1;98;0;[];[];[];[];5;6;0;1;1;4;0;183;0;0;14;0;5.0;36.0;-2.188095238095238;0.5;4.0;3.0;9.0;5.0;0;0;0;0;0;0;0;0;0;0;0;0;0;0;0;0;0;0;[];0;0;0;0;0;0;0.0;0.0;0.0;0.0;0;0;0;0;0;0;0;0;0;0;0;0;0;0;0;0;0;0;0;0
29;6;12;[2:3:4:5:6:7:8:30:76:99];70;50;54;1;1;98;0;[];[];[];[];6;0;10;1;0;7;5;753;0;0;2;0;0.0;12.0;2.5;5.0;9.0;3.0;3.0;1.0;0;0;0;0;0;0;0;0;0;0;0;0;0;0;0;0;0;0;[];0;0;0;0;0;0;0.0;0.0;0.0;0.0;0;0;0;0;0;0;0;0;0;0;0;0;0;0;0;0;0;0;0;0
29;7;12;[2:3:4:5:6:7:8:30:76:99];70;50;54;1;1;98;0;[];[];[];[];7;0;10;5;0;19;14;106;10;0;12;0;5.0;0.0;-5.071428571428571;0.16666666666666785;4.0;10.0;10.0;6.0;0;0;0;0;0;0;0;0;0;0;0;0;0;0;0;0;0;0;[];0;0;0;0;0;0;0.0;0.0;0.0;0.0;0;0;0;0;0;0;0;0;0;0;0;0;0;0;0;0;0;0;0;0
29;8;12;[2:3:4:5:6:7:8:30:76:99];70;50;54;1;1;98;0;[];[];[];[];8;7;3;25;0;17;7;63;10;0;68;0;7.0;0.0;-0.25;-1.3333333333333333;2.0;10.0;8.0;10.0;0;0;0;0;0;0;0;0;0;0;0;0;0;0;0;0;0;0;[];0;0;0;0;0;0;0.0;0.0;0.0;0.0;0;0;0;0;0;0;0;0;0;0;0;0;0;0;0;0;0;0;0;0
29;30;12;[2:3:4:5:6:7:8:30:76:99];70;50;54;1;1;98;0;[];[];[];[];30;0;10;3;0;16;4;19;9;0;7;0;3.0;38.0;3.9130952380952375;1.5;6.0;2.0;3.0;4.0;0;0;0;0;0;0;0;0;0;0;0;0;0;0;0;0;0;0;[];0;0;0;0;0;0;0.0;0.0;0.0;0.0;0;0;0;0;0;0;0;0;0;0;0;0;0;0;0;0;0;0;0;0
29;76;12;[2:3:4:5:6:7:8:30:76:99];70;50;54;1;1;98;0;[];[];[];[];76;10;0;0;0;0;0;978;0;0;0;0;0.0;0.0;0.0;0.0;0.0;0.0;0.0;0.0;0;0;0;0;0;0;0;0;0;0;0;0;0;0;0;0;0;0;[];0;0;0;0;0;0;0.0;0.0;0.0;0.0;0;0;0;0;0;0;0;0;0;0;0;0;0;0;0;0;0;0;0;0
29;99;12;[2:3:4:5:6:7:8:30:76:99];70;50;54;1;1;98;0;[];[];[];[];99;8;2;1;0;1;1;631;0;0;2;0;0.0;0.0;0.0;2.6666666666666665;10.0;10.0;9.0;3.0;0;0;0;0;0;0;0;0;0;0;0;0;0;0;0;0;0;0;[];0;0;0;0;0;0;0.0;0.0;0.0;0.0;0;0;0;0;0;0;0;0;0;0;0;0;0;0;0;0;0;0;0;0
30;2;12;[2:3:4:5:6:7:8:30:76:99];72;48;54;1;1;100;0;[];[];[];[[4:4:118:23:4:138:118:4:[[23:4:0]:[25:0:0]:[30:-2:0]]]:[4:7:80:30:0:166:80:7:[[30:0:0]]]];2;10;0;0;0;0;0;1819;0;0;0;0;0.0;0.0;0.0;0.0;0.0;0.0;0.0;0.0;0;0;0;0;0;0;0;0;0;0;0;0;0;0;0;0;0;0;[];0;0;0;0;0;0;0.0;0.0;0.0;0.0;0;0;0;0;0;0;0;0;0;0;0;0;0;0;0;0;0;0;0;0
30;3;12;[2:3:4:5:6:7:8:30:76:99];72;48;54;1;1;100;0;[];[];[];[];3;9;1;3;0;13;9;211;0;0;5;0;3.0;1.0;0.0;-1.2964285714285715;6.0;5.0;7.0;9.0;0;0;0;0;0;0;0;0;0;0;0;0;0;0;0;0;0;0;[];0;0;0;0;0;0;0.0;0.0;0.0;0.0;0;0;0;0;0;0;0;0;0;0;0;0;0;0;0;0;0;0;0;0
30;4;12;[2:3:4:5:6:7:8:30:76:99];72;48;54;1;1;100;0;[[4:4:2:25:29]:[4:4:3:30]];[[4:4:4:25:29]:[4:4:2:30]];[];[];4;2;8;8;0;15;6;24;9;0;18;0;22.0;30.0;9.666666666666666;7.666666666666666;1.0;4.0;1.0;1.0;0;0;0;0;0;0;0;0;0;0;0;0;0;0;0;0;0;0;[];0;0;0;0;0;0;0.0;0.0;0.0;0.0;0;0;0;0;0;0;0;0;0;0;0;0;0;0;0;0;0;0;0;0
30;5;12;[2:3:4:5:6:7:8:30:76:99];72;48;54;1;1;100;0;[];[];[[5:4:160:9:29]:[5:4:160:30]];[];5;6;0;1;1;4;0;38;0;0;14;0;5.0;36.0;-2.188095238095238;0.5;4.0;3.0;9.0;5.0;0;0;0;0;0;0;0;0;0;0;0;0;0;0;0;0;0;0;[];0;0;0;0;0;0;0.0;0.0;0.0;0.0;0;0;0;0;0;0;0;0;0;0;0;0;0;0;0;0;0;0;0;0
30;6;12;[2:3:4:5:6:7:8:30:76:99];72;48;54;1;1;100;0;[];[];[];[];6;0;10;1;0;7;5;791;0;0;2;0;0.0;12.0;2.5;5.0;9.0;3.0;3.0;1.0;0;0;0;0;0;0;0;0;0;0;0;0;0;0;0;0;0;0;[];0;0;0;0;0;0;0.0;0.0;0.0;0.0;0;0;0;0;0;0;0;0;0;0;0;0;0;0;0;0;0;0;0;0
30;7;12;[2:3:4:5:6:7:8:30:76:99];72;48;54;1;1;100;0;[[7:4:1:24:29]:[7:4:1:30]];[[7:4:10:24:29]:[7:4:0:30]];[];[];7;0;10;5;0;20;14;144;10;0;12;0;5.0;0.0;-5.071428571428571;0.16666666666666785;4.0;10.0;10.0;6.0;0;0;0;0;0;0;0;0;0;0;0;0;0;0;0;0;0;0;[];0;0;0;0;0;0;0.0;0.0;0.0;0.0;0;0;0;0;0;0;0;0;0;0;0;0;0;0;0;0;0;0;0;0
30;8;12;[2:3:4:5:6:7:8:30:76:99];72;48;54;1;1;100;0;[];[];[[8:4:-50:30]];[];8;7;3;25;0;17;7;101;10;0;68;0;7.0;0.0;-0.25;-1.3333333333333333;2.0;10.0;8.0;10.0;0;0;0;0;0;0;0;0;0;0;0;0;0;0;0;0;0;0;[];0;0;0;0;0;0;0.0;0.0;0.0;0.0;0;0;0;0;0;0;0;0;0;0;0;0;0;0;0;0;0;0;0;0
30;30;12;[2:3:4:5:6:7:8:30:76:99];72;48;54;1;1;100;0;[];[];[];[];30;0;10;3;0;16;4;57;9;0;7;0;3.0;38.0;3.9130952380952375;1.5;6.0;2.0;3.0;4.0;0;0;0;0;0;0;0;0;0;0;0;0;0;0;0;0;0;0;[];0;0;0;0;0;0;0.0;0.0;0.0;0.0;0;0;0;0;0;0;0;0;0;0;0;0;0;0;0;0;0;0;0;0
30;76;12;[2:3:4:5:6:7:8:30:76:99];72;48;54;1;1;100;0;[];[];[];[];76;10;0;0;0;0;0;1016;0;0;0;0;0.0;0.0;0.0;0.0;0.0;0.0;0.0;0.0;0;0;0;0;0;0;0;0;0;0;0;0;0;0;0;0;0;0;[];0;0;0;0;0;0;0.0;0.0;0.0;0.0;0;0;0;0;0;0;0;0;0;0;0;0;0;0;0;0;0;0;0;0
30;99;12;[2:3:4:5:6:7:8:30:76:99];72;48;54;1;1;100;0;[];[];[];[];99;8;2;1;0;1;1;669;0;0;2;0;0.0;0.0;0.0;2.6666666666666665;10.0;10.0;9.0;3.0;0;0;0;0;0;0;0;0;0;0;0;0;0;0;0;0;0;0;[];0;0;0;0;0;0;0.0;0.0;0.0;0.0;0;0;0;0;0;0;0;0;0;0;0;0;0;0;0;0;0;0;0;0
31;2;12;[2:3:4:5:6:7:8:30:76:99];66;54;54;1;1;105;0;[];[];[];[[4:30:143:31:0:167:143:30:[[31:0:0]]]:[4:7:139:31:0:168:139:7:[[31:0:0]]]:[4:5:55:31:6:169:55:5:[[31:6:0]]]:[4:7:118:31:0:170:118:7:[[31:0:-1]]]:[4:30:118:31:0:171:118:30:[[31:0:0]]]];2;10;0;0;0;0;0;1913;0;0;0;0;0.0;0.0;0.0;0.0;0.0;0.0;0.0;0.0;0;0;0;0;0;0;0;0;0;0;0;0;0;0;0;0;0;0;[];0;0;0;0;0;0;0.0;0.0;0.0;0.0;0;0;0;0;0;0;0;0;0;0;0;0;0;0;0;0;0;0;0;0
31;3;12;[2:3:4:5:6:7:8:30:76:99];66;54;54;1;1;105;0;[];[];[];[];3;9;1;3;0;13;9;305;0;0;5;0;3.0;1.0;0.0;-1.2964285714285715;6.0;5.0;7.0;9.0;0;0;0;0;0;0;0;0;0;0;0;0;0;0;0;0;0;0;[];0;0;0;0;0;0;0.0;0.0;0.0;0.0;0;0;0;0;0;0;0;0;0;0;0;0;0;0;0;0;0;0;0;0
31;4;12;[2:3:4:5:6:7:8:30:76:99];66;54;54;1;1;105;0;[];[];[[4:7:-6:28:30]:[4:7:194:31]];[];4;2;8;8;0;15;6;118;9;0;18;0;22.0;30.0;9.666666666666666;7.666666666666666;1.0;4.0;1.0;1.0;0;0;0;0;0;0;0;0;0;0;0;0;0;0;0;0;0;0;[];0;0;0;0;0;0;0.0;0.0;0.0;0.0;0;0;0;0;0;0;0;0;0;0;0;0;0;0;0;0;0;0;0;0
31;5;12;[2:3:4:5:6:7:8:30:76:99];66;54;54;1;1;105;0;[[5:8:1:31]:[5:8:1:14:30]];[[5:8:6:31]:[5:8:0:14:30]];[[5:7:-190:28:30]:[5:7:-190:31]];[];5;0;6;1;1;5;1;19;0;0;14;0;5.0;36.0;-1.5214285714285714;0.5;4.0;3.0;9.0;5.0;0;0;0;0;0;0;0;0;0;0;0;0;0;0;0;0;0;0;[];0;0;0;0;0;0;0.0;0.0;0.0;0.0;0;0;0;0;0;0;0;0;0;0;0;0;0;0;0;0;0;0;0;0
31;6;12;[2:3:4:5:6:7:8:30:76:99];66;54;54;1;1;105;0;[];[];[];[];6;0;10;1;0;7;5;885;0;0;2;0;0.0;12.0;2.5;5.0;9.0;3.0;3.0;1.0;0;0;0;0;0;0;0;0;0;0;0;0;0;0;0;0;0;0;[];0;0;0;0;0;0;0.0;0.0;0.0;0.0;0;0;0;0;0;0;0;0;0;0;0;0;0;0;0;0;0;0;0;0
31;7;12;[2:3:4:5:6:7:8:30:76:99];66;54;54;1;1;105;0;[[7:8:1:31]:[7:8:2:19:30]:[7:4:1:30:30]:[7:4:1:31]];[[7:8:0:31]:[7:8:0:19:30]:[7:4:0:30:30]:[7:4:0:31]];[];[];7;0;10;5;0;22;14;17;10;0;12;0;5.0;0.0;-5.071428571428571;0.16666666666666785;4.0;10.0;10.0;6.0;0;0;0;0;0;0;0;0;0;0;0;0;0;0;0;0;0;0;[];0;0;0;0;0;0;0.0;0.0;0.0;0.0;0;0;0;0;0;0;0;0;0;0;0;0;0;0;0;0;0;0;0;0
31;8;12;[2:3:4:5:6:7:8:30:76:99];66;54;54;1;1;105;0;[];[];[[8:7:54:28:30]:[8:7:94:31]];[];8;7;3;25;0;17;7;195;10;0;68;0;7.0;0.0;-0.25;-1.3333333333333333;2.0;10.0;8.0;10.0;0;0;0;0;0;0;0;0;0;0;0;0;0;0;0;0;0;0;[];0;0;0;0;0;0;0.0;0.0;0.0;0.0;0;0;0;0;0;0;0;0;0;0;0;0;0;0;0;0;0;0;0;0
31;30;12;[2:3:4:5:6:7:8:30:76:99];66;54;54;1;1;105;0;[[30:8:1:25:30]:[30:8:1:31]:[30:4:2:25:30]:[30:4:1:31]];[[30:8:0:25:30]:[30:8:0:31]:[30:4:0:25:30]:[30:4:0:31]];[];[];30;0;10;3;0;18;4;47;9;0;7;0;3.0;38.0;3.9130952380952375;1.5;6.0;2.0;3.0;4.0;0;0;0;0;0;0;0;0;0;0;0;0;0;0;0;0;0;0;[];0;0;0;0;0;0;0.0;0.0;0.0;0.0;0;0;0;0;0;0;0;0;0;0;0;0;0;0;0;0;0;0;0;0
31;76;12;[2:3:4:5:6:7:8:30:76:99];66;54;54;1;1;105;0;[];[];[];[];76;10;0;0;0;0;0;1110;0;0;0;0;0.0;0.0;0.0;0.0;0.0;0.0;0.0;0.0;0;0;0;0;0;0;0;0;0;0;0;0;0;0;0;0;0;0;[];0;0;0;0;0;0;0.0;0.0;0.0;0.0;0;0;0;0;0;0;0;0;0;0;0;0;0;0;0;0;0;0;0;0
31;99;12;[2:3:4:5:6:7:8:30:76:99];66;54;54;1;1;105;0;[];[];[];[];99;8;2;1;0;1;1;763;0;0;2;0;0.0;0.0;0.0;2.6666666666666665;10.0;10.0;9.0;3.0;0;0;0;0;0;0;0;0;0;0;0;0;0;0;0;0;0;0;[];0;0;0;0;0;0;0.0;0.0;0.0;0.0;0;0;0;0;0;0;0;0;0;0;0;0;0;0;0;0;0;0;0;0
32;2;12;[2:3:4:5:6:7:8:30:76:99];66;54;54;1;1;107;0;[];[];[];[[4:6:139:32:0:172:139:6:[[32:0:0]]]:[4:30:85:32:0:173:85:30:[[32:0:0]]]];2;10;0;0;0;0;0;1953;0;0;0;0;0.0;0.0;0.0;0.0;0.0;0.0;0.0;0.0;0;0;0;0;0;0;0;0;0;0;0;0;0;0;0;0;0;0;[];0;0;0;0;0;0;0.0;0.0;0.0;0.0;0;0;0;0;0;0;0;0;0;0;0;0;0;0;0;0;0;0;0;0
32;3;12;[2:3:4:5:6:7:8:30:76:99];66;54;54;1;1;107;0;[];[];[];[];3;9;1;3;0;13;9;345;0;0;5;0;3.0;1.0;0.0;-1.2964285714285715;6.0;5.0;7.0;9.0;0;0;0;0;0;0;0;0;0;0;0;0;0;0;0;0;0;0;[];0;0;0;0;0;0;0.0;0.0;0.0;0.0;0;0;0;0;0;0;0;0;0;0;0;0;0;0;0;0;0;0;0;0
32;4;12;[2:3:4:5:6:7:8:30:76:99];66;54;54;1;1;107;0;[];[];[];[];4;2;8;8;0;15;6;158;9;0;18;0;22.0;30.0;9.666666666666666;7.666666666666666;1.0;4.0;1.0;1.0;0;0;0;0;0;0;0;0;0;0;0;0;0;0;0;0;0;0;[];0;0;0;0;0;0;0.0;0.0;0.0;0.0;0;0;0;0;0;0;0;0;0;0;0;0;0;0;0;0;0;0;0;0
32;5;12;[2:3:4:5:6:7:8:30:76:99];66;54;54;1;1;107;0;[];[];[];[];5;0;6;1;1;5;1;59;0;0;14;0;5.0;36.0;-1.5214285714285714;0.5;4.0;3.0;9.0;5.0;0;0;0;0;0;0;0;0;0;0;0;0;0;0;0;0;0;0;[];0;0;0;0;0;0;0.0;0.0;0.0;0.0;0;0;0;0;0;0;0;0;0;0;0;0;0;0;0;0;0;0;0;0
32;6;12;[2:3:4:5:6:7:8:30:76:99];66;54;54;1;1;107;0;[[6:8:1:4:31]:[6:8:1:32]];[[6:8:2:4:31]:[6:8:0:32]];[];[];6;0;10;1;0;8;5;24;0;0;2;0;0.0;44.0;6.133333333333334;5.0;10.0;1.0;2.0;2.0;0;0;0;0;0;0;0;0;0;0;0;0;0;0;0;0;0;0;[];0;0;0;0;0;0;0.0;0.0;0.0;0.0;0;0;0;0;0;0;0;0;0;0;0;0;0;0;0;0;0;0;0;0
32;7;12;[2:3:4:5:6:7:8:30:76:99];66;54;54;1;1;107;0;[];[];[];[];7;0;10;5;0;22;14;57;10;0;12;0;5.0;0.0;-5.071428571428571;0.16666666666666785;4.0;10.0;10.0;6.0;0;0;0;0;0;0;0;0;0;0;0;0;0;0;0;0;0;0;[];0;0;0;0;0;0;0.0;0.0;0.0;0.0;0;0;0;0;0;0;0;0;0;0;0;0;0;0;0;0;0;0;0;0
32;8;12;[2:3:4:5:6:7:8:30:76:99];66;54;54;1;1;107;0;[];[];[];[];8;7;3;25;0;17;7;235;10;0;68;0;7.0;0.0;-0.25;-1.3333333333333333;2.0;10.0;8.0;10.0;0;0;0;0;0;0;0;0;0;0;0;0;0;0;0;0;0;0;[];0;0;0;0;0;0;0.0;0.0;0.0;0.0;0;0;0;0;0;0;0;0;0;0;0;0;0;0;0;0;0;0;0;0
32;30;12;[2:3:4:5:6:7:8:30:76:99];66;54;54;1;1;107;0;[[30:8:1:31:31]:[30:8:1:32]];[[30:8:0:31:31]:[30:8:0:32]];[];[];30;0;10;3;0;19;4;40;9;0;7;0;3.0;38.0;3.9130952380952375;1.5;6.0;2.0;3.0;4.0;0;0;0;0;0;0;0;0;0;0;0;0;0;0;0;0;0;0;[];0;0;0;0;0;0;0.0;0.0;0.0;0.0;0;0;0;0;0;0;0;0;0;0;0;0;0;0;0;0;0;0;0;0
32;76;12;[2:3:4:5:6:7:8:30:76:99];66;54;54;1;1;107;0;[];[];[];[];76;10;0;0;0;0;0;1150;0;0;0;0;0.0;0.0;0.0;0.0;0.0;0.0;0.0;0.0;0;0;0;0;0;0;0;0;0;0;0;0;0;0;0;0;0;0;[];0;0;0;0;0;0;0.0;0.0;0.0;0.0;0;0;0;0;0;0;0;0;0;0;0;0;0;0;0;0;0;0;0;0
32;99;12;[2:3:4:5:6:7:8:30:76:99];66;54;54;1;1;107;0;[];[];[];[];99;8;2;1;0;1;1;803;0;0;2;0;0.0;0.0;0.0;2.6666666666666665;10.0;10.0;9.0;3.0;0;0;0;0;0;0;0;0;0;0;0;0;0;0;0;0;0;0;[];0;0;0;0;0;0;0.0;0.0;0.0;0.0;0;0;0;0;0;0;0;0;0;0;0;0;0;0;0;0;0;0;0;0
33;2;12;[2:3:4:5:6:7:8:30:76:99];66;54;54;1;1;109;0;[];[];[];[[4:7:18:24:10:142:18:7:[[24:10:1]:[33:-1:0]]]:[4:7:126:33:1:175:126:7:[[33:1:0]]]];2;10;0;0;0;0;0;2004;0;0;0;0;0.0;0.0;0.0;0.0;0.0;0.0;0.0;0.0;0;0;0;0;0;0;0;0;0;0;0;0;0;0;0;0;0;0;[];0;0;0;0;0;0;0.0;0.0;0.0;0.0;0;0;0;0;0;0;0;0;0;0;0;0;0;0;0;0;0;0;0;0
33;3;12;[2:3:4:5:6:7:8:30:76:99];66;54;54;1;1;109;0;[];[];[];[];3;9;1;3;0;13;9;396;0;0;5;0;3.0;1.0;0.0;-1.2964285714285715;6.0;5.0;7.0;9.0;0;0;0;0;0;0;0;0;0;0;0;0;0;0;0;0;0;0;[];0;0;0;0;0;0;0.0;0.0;0.0;0.0;0;0;0;0;0;0;0;0;0;0;0;0;0;0;0;0;0;0;0;0
33;4;12;[2:3:4:5:6:7:8:30:76:99];66;54;54;1;1;109;0;[];[];[[4:7:194:31:32]:[4:7:239:33]];[];4;2;8;8;0;15;6;209;9;0;18;0;22.0;30.0;9.666666666666666;7.666666666666666;1.0;4.0;1.0;1.0;0;0;0;0;0;0;0;0;0;0;0;0;0;0;0;0;0;0;[];0;0;0;0;0;0;0.0;0.0;0.0;0.0;0;0;0;0;0;0;0;0;0;0;0;0;0;0;0;0;0;0;0;0
33;5;12;[2:3:4:5:6:7:8:30:76:99];66;54;54;1;1;109;0;[];[];[[5:7:-190:31:32]:[5:7:-153:33]];[];5;0;6;1;1;5;1;110;0;0;14;0;5.0;36.0;-1.5214285714285714;0.5;4.0;3.0;9.0;5.0;0;0;0;0;0;0;0;0;0;0;0;0;0;0;0;0;0;0;[];0;0;0;0;0;0;0.0;0.0;0.0;0.0;0;0;0;0;0;0;0;0;0;0;0;0;0;0;0;0;0;0;0;0
33;6;12;[2:3:4:5:6:7:8:30:76:99];66;54;54;1;1;109;0;[];[];[[6:7:-15:24:32]:[6:7:24:33]];[];6;0;10;1;0;8;5;75;0;0;2;0;0.0;44.0;6.133333333333334;5.0;10.0;1.0;2.0;2.0;0;0;0;0;0;0;0;0;0;0;0;0;0;0;0;0;0;0;[];0;0;0;0;0;0;0.0;0.0;0.0;0.0;0;0;0;0;0;0;0;0;0;0;0;0;0;0;0;0;0;0;0;0
33;7;12;[2:3:4:5:6:7:8:30:76:99];66;54;54;1;1;109;0;[[7:3:1:33]];[[7:3:1:33]];[];[];7;0;10;5;0;24;16;0;10;0;12;0;5.0;0.0;-5.071428571428571;0.38333333333333464;4.0;10.0;10.0;6.0;0;0;0;0;0;0;0;0;0;0;0;0;0;0;0;0;0;0;[];0;0;0;0;0;0;0.0;0.0;0.0;0.0;0;0;0;0;0;0;0;0;0;0;0;0;0;0;0;0;0;0;0;0
33;8;12;[2:3:4:5:6:7:8:30:76:99];66;54;54;1;1;109;0;[];[];[[8:7:94:31:32]:[8:7:94:33]];[];8;7;3;25;0;17;7;286;10;0;68;0;7.0;0.0;-0.25;-1.3333333333333333;2.0;10.0;8.0;10.0;0;0;0;0;0;0;0;0;0;0;0;0;0;0;0;0;0;0;[];0;0;0;0;0;0;0.0;0.0;0.0;0.0;0;0;0;0;0;0;0;0;0;0;0;0;0;0;0;0;0;0;0;0
33;30;12;[2:3:4:5:6:7:8:30:76:99];66;54;54;1;1;109;0;[];[];[[30:7:-205:24:32]:[30:7:-165:33]:[30:7:-175:33]];[];30;0;10;3;0;19;4;51;9;0;7;0;3.0;38.0;3.9130952380952375;1.5;6.0;2.0;3.0;4.0;0;0;0;0;0;0;0;0;0;0;0;0;0;0;0;0;0;0;[];0;0;0;0;0;0;0.0;0.0;0.0;0.0;0;0;0;0;0;0;0;0;0;0;0;0;0;0;0;0;0;0;0;0
33;76;12;[2:3:4:5:6:7:8:30:76:99];66;54;54;1;1;109;0;[];[];[];[];76;10;0;0;0;0;0;1201;0;0;0;0;0.0;0.0;0.0;0.0;0.0;0.0;0.0;0.0;0;0;0;0;0;0;0;0;0;0;0;0;0;0;0;0;0;0;[];0;0;0;0;0;0;0.0;0.0;0.0;0.0;0;0;0;0;0;0;0;0;0;0;0;0;0;0;0;0;0;0;0;0
33;99;12;[2:3:4:5:6:7:8:30:76:99];66;54;54;1;1;109;0;[];[];[];[];99;8;2;1;0;1;1;854;0;0;2;0;0.0;0.0;0.0;2.6666666666666665;10.0;10.0;9.0;3.0;0;0;0;0;0;0;0;0;0;0;0;0;0;0;0;0;0;0;[];0;0;0;0;0;0;0.0;0.0;0.0;0.0;0;0;0;0;0;0;0;0;0;0;0;0;0;0;0;0;0;0;0;0
34;2;12;[2:3:4:5:6:7:8:30:76:99];66;54;54;1;1;110;0;[];[];[];[[4:30:18:6:1:31:18:30:[[6:1:1]:[34:0:1]]]];2;10;0;0;0;0;0;2037;0;0;0;0;0.0;0.0;0.0;0.0;0.0;0.0;0.0;0.0;0;0;0;0;0;0;0;0;0;0;0;0;0;0;0;0;0;0;[];0;0;0;0;0;0;0.0;0.0;0.0;0.0;0;0;0;0;0;0;0;0;0;0;0;0;0;0;0;0;0;0;0;0
34;3;12;[2:3:4:5:6:7:8:30:76:99];66;54;54;1;1;110;0;[];[];[];[];3;9;1;3;0;13;9;429;0;0;5;0;3.0;1.0;0.0;-1.2964285714285715;6.0;5.0;7.0;9.0;0;0;0;0;0;0;0;0;0;0;0;0;0;0;0;0;0;0;[];0;0;0;0;0;0;0.0;0.0;0.0;0.0;0;0;0;0;0;0;0;0;0;0;0;0;0;0;0;0;0;0;0;0
34;4;12;[2:3:4:5:6:7:8:30:76:99];66;54;54;1;1;110;0;[];[];[[4:30:127:29:33]:[4:30:123:34]];[];4;2;8;8;0;15;6;242;9;0;18;0;22.0;30.0;9.666666666666666;7.666666666666666;1.0;4.0;1.0;1.0;0;0;0;0;0;0;0;0;0;0;0;0;0;0;0;0;0;0;[];0;0;0;0;0;0;0.0;0.0;0.0;0.0;0;0;0;0;0;0;0;0;0;0;0;0;0;0;0;0;0;0;0;0
34;5;12;[2:3:4:5:6:7:8:30:76:99];66;54;54;1;1;110;0;[];[];[[5:30:109:25:33]:[5:30:106:34]];[];5;0;6;1;1;5;1;143;0;0;14;0;5.0;36.0;-1.5214285714285714;0.5;4.0;3.0;9.0;5.0;0;0;0;0;0;0;0;0;0;0;0;0;0;0;0;0;0;0;[];0;0;0;0;0;0;0.0;0.0;0.0;0.0;0;0;0;0;0;0;0;0;0;0;0;0;0;0;0;0;0;0;0;0
34;6;12;[2:3:4:5:6:7:8:30:76:99];66;54;54;1;1;110;0;[];[];[[6:30:221:25:33]:[6:30:218:34]];[];6;0;10;1;0;8;5;108;0;0;2;0;0.0;44.0;6.133333333333334;5.0;10.0;1.0;2.0;2.0;0;0;0;0;0;0;0;0;0;0;0;0;0;0;0;0;0;0;[];0;0;0;0;0;0;0.0;0.0;0.0;0.0;0;0;0;0;0;0;0;0;0;0;0;0;0;0;0;0;0;0;0;0
34;7;12;[2:3:4:5:6:7:8:30:76:99];66;54;54;1;1;110;0;[];[];[[7:30:1016:25:33]:[7:30:1116:34]];[];7;0;10;5;0;24;16;33;10;0;12;0;5.0;0.0;-5.071428571428571;0.38333333333333464;4.0;10.0;10.0;6.0;0;0;0;0;0;0;0;0;0;0;0;0;0;0;0;0;0;0;[];0;0;0;0;0;0;0.0;0.0;0.0;0.0;0;0;0;0;0;0;0;0;0;0;0;0;0;0;0;0;0;0;0;0
34;8;12;[2:3:4:5:6:7:8:30:76:99];66;54;54;1;1;110;0;[];[];[];[];8;7;3;25;0;17;7;319;10;0;68;0;7.0;0.0;-0.25;-1.3333333333333333;2.0;10.0;8.0;10.0;0;0;0;0;0;0;0;0;0;0;0;0;0;0;0;0;0;0;[];0;0;0;0;0;0;0.0;0.0;0.0;0.0;0;0;0;0;0;0;0;0;0;0;0;0;0;0;0;0;0;0;0;0
34;30;12;[2:3:4:5:6:7:8:30:76:99];66;54;54;1;1;110;0;[];[];[];[];30;0;10;3;0;20;4;84;9;0;7;0;3.0;37.0;4.579761904761906;1.5;6.0;2.0;3.0;4.0;0;0;0;0;0;0;0;0;0;0;0;0;0;0;0;0;0;0;[];0;0;0;0;0;0;0.0;0.0;0.0;0.0;0;0;0;0;0;0;0;0;0;0;0;0;0;0;0;0;0;0;0;0
34;76;12;[2:3:4:5:6:7:8:30:76:99];66;54;54;1;1;110;0;[];[];[];[];76;10;0;0;0;0;0;1234;0;0;0;0;0.0;0.0;0.0;0.0;0.0;0.0;0.0;0.0;0;0;0;0;0;0;0;0;0;0;0;0;0;0;0;0;0;0;[];0;0;0;0;0;0;0.0;0.0;0.0;0.0;0;0;0;0;0;0;0;0;0;0;0;0;0;0;0;0;0;0;0;0
34;99;12;[2:3:4:5:6:7:8:30:76:99];66;54;54;1;1;110;0;[];[];[];[];99;8;2;1;0;1;1;887;0;0;2;0;0.0;0.0;0.0;2.6666666666666665;10.0;10.0;9.0;3.0;0;0;0;0;0;0;0;0;0;0;0;0;0;0;0;0;0;0;[];0;0;0;0;0;0;0.0;0.0;0.0;0.0;0;0;0;0;0;0;0;0;0;0;0;0;0;0;0;0;0;0;0;0
35;2;12;[2:3:4:5:6:7:8:30:76:99];66;54;54;1;1;111;0;[];[];[];[[4:7:114:35:0:177:114:7:[[35:0:-1]]]];2;10;0;0;0;0;0;2097;0;0;0;0;0.0;0.0;0.0;0.0;0.0;0.0;0.0;0.0;0;0;0;0;0;0;0;0;0;0;0;0;0;0;0;0;0;0;[];0;0;0;0;0;0;0.0;0.0;0.0;0.0;0;0;0;0;0;0;0;0;0;0;0;0;0;0;0;0;0;0;0;0
35;3;12;[2:3:4:5:6:7:8:30:76:99];66;54;54;1;1;111;0;[];[];[];[];3;9;1;3;0;13;9;489;0;0;5;0;3.0;1.0;0.0;-1.2964285714285715;6.0;5.0;7.0;9.0;0;0;0;0;0;0;0;0;0;0;0;0;0;0;0;0;0;0;[];0;0;0;0;0;0;0.0;0.0;0.0;0.0;0;0;0;0;0;0;0;0;0;0;0;0;0;0;0;0;0;0;0;0
35;4;12;[2:3:4:5:6:7:8:30:76:99];66;54;54;1;1;111;0;[];[];[];[];4;2;8;8;0;15;6;302;9;0;18;0;22.0;30.0;9.666666666666666;7.666666666666666;1.0;4.0;1.0;1.0;0;0;0;0;0;0;0;0;0;0;0;0;0;0;0;0;0;0;[];0;0;0;0;0;0;0.0;0.0;0.0;0.0;0;0;0;0;0;0;0;0;0;0;0;0;0;0;0;0;0;0;0;0
35;5;12;[2:3:4:5:6:7:8:30:76:99];66;54;54;1;1;111;0;[];[];[];[];5;0;6;1;1;5;1;203;0;0;14;0;5.0;36.0;-1.5214285714285714;0.5;4.0;3.0;9.0;5.0;0;0;0;0;0;0;0;0;0;0;0;0;0;0;0;0;0;0;[];0;0;0;0;0;0;0.0;0.0;0.0;0.0;0;0;0;0;0;0;0;0;0;0;0;0;0;0;0;0;0;0;0;0
35;6;12;[2:3:4:5:6:7:8:30:76:99];66;54;54;1;1;111;0;[];[];[];[];6;0;10;1;0;8;5;168;0;0;2;0;0.0;44.0;6.133333333333334;5.0;10.0;1.0;2.0;2.0;0;0;0;0;0;0;0;0;0;0;0;0;0;0;0;0;0;0;[];0;0;0;0;0;0;0.0;0.0;0.0;0.0;0;0;0;0;0;0;0;0;0;0;0;0;0;0;0;0;0;0;0;0
35;7;12;[2:3:4:5:6:7:8:30:76:99];66;54;54;1;1;111;0;[[7:99:1:35]];[[7:99:0:35]];[];[];7;0;10;5;0;25;16;93;10;0;12;0;5.0;0.0;-5.071428571428571;0.38333333333333464;4.0;10.0;10.0;6.0;0;0;0;0;0;0;0;0;0;0;0;0;0;0;0;0;0;0;[];0;0;0;0;0;0;0.0;0.0;0.0;0.0;0;0;0;0;0;0;0;0;0;0;0;0;0;0;0;0;0;0;0;0
35;8;12;[2:3:4:5:6:7:8:30:76:99];66;54;54;1;1;111;0;[];[];[];[];8;7;3;25;0;17;7;379;10;0;68;0;7.0;0.0;-0.25;-1.3333333333333333;2.0;10.0;8.0;10.0;0;0;0;0;0;0;0;0;0;0;0;0;0;0;0;0;0;0;[];0;0;0;0;0;0;0.0;0.0;0.0;0.0;0;0;0;0;0;0;0;0;0;0;0;0;0;0;0;0;0;0;0;0
35;30;12;[2:3:4:5:6:7:8:30:76:99];66;54;54;1;1;111;0;[];[];[];[];30;0;10;3;0;20;4;60;9;0;7;0;3.0;37.0;4.579761904761906;1.5;6.0;2.0;3.0;4.0;0;0;0;0;0;0;0;0;0;0;0;0;0;0;0;0;0;0;[];0;0;0;0;0;0;0.0;0.0;0.0;0.0;0;0;0;0;0;0;0;0;0;0;0;0;0;0;0;0;0;0;0;0
35;76;12;[2:3:4:5:6:7:8:30:76:99];66;54;54;1;1;111;0;[];[];[];[];76;10;0;0;0;0;0;1294;0;0;0;0;0.0;0.0;0.0;0.0;0.0;0.0;0.0;0.0;0;0;0;0;0;0;0;0;0;0;0;0;0;0;0;0;0;0;[];0;0;0;0;0;0;0.0;0.0;0.0;0.0;0;0;0;0;0;0;0;0;0;0;0;0;0;0;0;0;0;0;0;0
35;99;12;[2:3:4:5:6:7:8:30:76:99];66;54;54;1;1;111;0;[];[];[];[];99;8;2;1;0;1;1;947;0;0;2;0;0.0;0.0;0.0;2.6666666666666665;10.0;10.0;9.0;3.0;0;0;0;0;0;0;0;0;0;0;0;0;0;0;0;0;0;0;[];0;0;0;0;0;0;0.0;0.0;0.0;0.0;0;0;0;0;0;0;0;0;0;0;0;0;0;0;0;0;0;0;0;0
