min;ideaId;ideaOwnerId;ideaCreationTime;ideaDepthMin;ideaDepthMax;ideaItems;ideaComments;PositiveComments;NegativeComments;PositiveProportion;NegativeProportion;NulProportion;ideaVotes;ideaTokens;ideaTokensMax;ideaShortLength;ideaLongLength;ideaParents;ideaParentComments;ideaParentCommentsMin;ideaParentCommentsMax;ideaParentVotes;ideaParentVotesMin;ideaParentVotesMax;ideaParentCommentsMean;ideaParentVotesMean;ideaSameOwnerParents;childrens
2;1;0;0;0;0;0;1;0;0;0;0;1;1;1;1;15;0;0;0;-1;0;0;-1;0;0;0;0;0
3;1;0;0;0;0;0;1;0;0;0;0;1;1;1;1;15;0;0;0;-1;0;0;-1;0;0;0;0;8
3;34;2;186;1;1;0;0;0;0;0;0;0;0;0;0;19;0;2;1;1;1;1;1;1;0.5;0.5;0;2
3;36;2;198;1;1;0;0;0;0;0;0;0;0;0;0;24;0;2;1;1;1;1;1;1;0.5;0.5;0;0
3;37;2;209;1;1;0;0;0;0;0;0;0;0;0;0;23;0;2;1;1;1;1;1;1;0.5;0.5;0;0
3;38;2;217;1;1;0;0;0;0;0;0;0;0;0;0;26;0;2;1;1;1;1;1;1;0.5;0.5;0;0
3;39;13;220;1;1;0;0;0;0;0;0;0;0;0;0;6;13;2;1;1;1;1;1;1;0.5;0.5;0;0
3;40;19;221;1;1;0;0;0;0;0;0;0;0;0;0;29;0;2;1;1;1;1;1;1;0.5;0.5;0;0
3;41;7;221;1;1;0;0;0;0;0;0;0;0;0;0;26;0;2;1;1;1;1;1;1;0.5;0.5;0;0
3;42;20;222;1;1;0;0;0;0;0;0;0;0;0;0;22;0;2;1;1;1;1;1;1;0.5;0.5;0;0
3;43;14;224;2;2;0;4;0;0;0;0;0.833333333333333;4;7;7;44;0;2;0;0;0;0;0;0;0;0;0;0
3;45;21;234;2;2;0;0;0;0;0;0;0;0;0;0;6;21;2;0;0;0;0;0;0;0;0;0;0
4;1;0;0;0;0;0;1;0;0;0;0;1;1;1;1;15;0;0;0;-1;0;0;-1;0;0;0;0;11
4;34;2;186;1;1;0;0;0;0;0;0;0;0;0;0;19;0;2;1;1;1;1;1;1;0.5;0.5;0;3
4;36;2;198;1;1;0;0;0;0;0;0;0;0;0;0;24;0;2;1;1;1;1;1;1;0.5;0.5;0;0
4;37;2;209;1;1;0;0;0;0;0;0;0;0;0;0;23;0;2;1;1;1;1;1;1;0.5;0.5;0;0
4;38;2;217;1;1;0;0;0;0;0;0;0;0;0;0;26;0;2;1;1;1;1;1;1;0.5;0.5;0;1
4;39;13;220;1;1;0;0;0;0;0;0;0;0;0;0;6;13;2;1;1;1;1;1;1;0.5;0.5;0;0
4;40;19;221;1;1;0;1;0;0;0;0;0.0294117647058824;1;2;2;29;0;2;1;1;1;1;1;1;0.5;0.5;0;0
4;41;7;221;1;1;0;0;0;0;0;0;0;0;0;0;26;0;2;1;1;1;1;1;1;0.5;0.5;0;0
4;42;20;222;1;1;0;0;0;0;0;0;0;0;0;0;22;0;2;1;1;1;1;1;1;0.5;0.5;0;0
4;43;14;224;2;2;0;15;1;0;0.0664567458685105;0;0.933543254131489;13;36;36;44;0;2;0;0;0;0;0;0;0;0;0;0
4;45;21;234;2;2;0;6;0;0;0;0;0.882352941176471;6;13;13;6;21;2;0;0;0;0;0;0;0;0;0;0
4;49;3;240;2;2;0;5;0;0;0;0;0.705882352941177;5;13;13;10;51;2;0;0;0;0;0;0;0;0;0;0
4;57;18;253;1;1;0;0;0;0;0;0;0;0;0;0;7;23;2;1;1;1;1;1;1;0.5;0.5;0;0
4;58;7;254;1;1;0;2;1;0;0.38;0;0.46;1;5;5;26;0;2;1;1;1;1;1;1;0.5;0.5;0;0
4;63;9;263;2;2;0;4;1;0;0.179166666666667;0;0.420833333333333;3;5;5;7;74;2;0;0;0;0;0;0;0;0;0;0
4;82;29;294;1;1;0;0;0;0;0;0;0;0;0;0;7;23;2;1;1;1;1;1;1;0.5;0.5;0;0
5;0;0;0;0;0;1;0;0;0;0;0.5;0.5;1;1;15;0;0;0;0;0;0;0;0;0;0;0;11;0
5;1;0;0;0;0;0;1;0;0;0;0;1;1;1;1;15;0;0;0;-1;0;0;-1;0;0;0;0;11
5;2;198;1;1;0;0;0;0;0;0;0;0;0;0;24;0;2;0;1;1;1;1;1;1151022631;0.5;575511315.5;3;0
5;34;2;186;1;1;0;0;0;0;0;0;0;0;0;0;19;0;2;1;1;1;1;1;1;0.5;0.5;0;5
5;36;2;198;1;1;0;1;0;0;0;0;0.37037037037037;1;2;2;24;0;2;1;1;1;1;1;1;0.5;0.5;0;0
5;37;2;209;1;1;0;0;0;0;0;0;0;0;0;0;23;0;2;1;1;1;1;1;1;0.5;0.5;0;0
5;38;2;217;1;1;0;0;0;0;0;0;0;0;0;0;26;0;2;1;1;1;1;1;1;0.5;0.5;0;1
5;39;13;220;1;1;0;0;0;0;0;0;0;0;0;0;6;13;2;1;1;1;1;1;1;0.5;0.5;0;0
5;40;19;221;1;1;0;2;0;0;0;0;1;2;4;4;29;0;2;1;1;1;1;1;1;0.5;0.5;0;0
5;41;7;221;1;1;0;0;0;0;0;0;0;0;0;0;26;0;2;1;1;1;1;1;1;0.5;0.5;0;0
5;42;20;222;1;1;0;0;0;0;0;0;0;0;0;0;22;0;2;1;1;1;1;1;1;0.5;0.5;0;0
5;43;14;224;2;2;0;18;1;0;0.0585148874364561;0;0.941485112563543;16;38;38;44;0;2;0;0;0;0;0;0;0;0;0;0
5;45;21;234;2;2;0;7;0;0;0;0;1;7;17;17;6;21;2;0;0;0;0;0;0;0;0;0;1
5;49;3;240;2;2;0;13;0;0;0;0;1;13;31;31;10;51;2;0;0;0;0;0;0;0;0;0;1
5;57;18;253;1;1;0;0;0;0;0;0;0;0;0;0;7;23;2;1;1;1;1;1;1;0.5;0.5;0;0
5;58;7;254;1;1;0;4;1;0;0.358024691358025;0;0.641975308641975;3;8;8;26;0;2;1;1;1;1;1;1;0.5;0.5;0;0
5;63;9;263;2;2;0;5;1;1;0.212962962962963;0.148148148148148;0.638888888888889;3;3;5;7;74;2;0;0;0;0;0;0;0;0;0;0
5;82;29;294;1;1;0;1;0;0;0;0;0.62962962962963;1;1;1;7;23;2;1;1;1;1;1;1;0.5;0.5;0;0
5;85;10;300;3;3;0;1;0;0;0;0;0.666666666666667;1;2;2;33;0;2;7;6;7;7;6;7;3.5;3.5;0;0
5;91;27;318;3;3;0;4;0;0;0;0;0.590909090909091;1;6;6;14;0;2;13;8;13;13;8;13;6.5;6.5;0;0
5;94;16;321;2;2;0;0;0;0;0;0;0;0;0;0;19;0;2;0;0;0;0;0;0;0;0;0;0
5;104;68;340;2;2;0;1;0;0;0;0;0.555555555555556;1;1;1;7;21;2;0;0;0;0;0;0;0;0;0;0
6;1;0;0;0;0;0;1;0;0;0;0;1;1;1;1;15;0;0;0;-1;0;0;-1;0;0;0;0;12
6;34;2;186;1;1;0;0;0;0;0;0;0;0;0;0;19;0;2;1;1;1;1;1;1;0.5;0.5;0;5
6;36;2;198;1;1;0;3;0;1;0;0.0937499999999999;0.906249999999999;2;3;3;24;0;2;1;1;1;1;1;1;0.5;0.5;0;0
6;37;2;209;1;1;0;0;0;0;0;0;0;0;0;0;23;0;2;1;1;1;1;1;1;0.5;0.5;0;0
6;38;2;217;1;1;0;0;0;0;0;0;0;0;0;0;26;0;2;1;1;1;1;1;1;0.5;0.5;0;1
6;39;13;220;1;1;0;0;0;0;0;0;0;0;0;0;6;13;2;1;1;1;1;1;1;0.5;0.5;0;0
6;40;19;221;1;1;0;5;0;0;0;0;1;5;10;10;29;0;2;1;1;1;1;1;1;0.5;0.5;0;0
6;41;7;221;1;1;0;0;0;0;0;0;0;0;0;0;26;0;2;1;1;1;1;1;1;0.5;0.5;0;0
6;42;20;222;1;1;0;1;0;1;0;0.0625;0;0;0;0;22;0;2;1;1;1;1;1;1;0.5;0.5;0;0
6;43;14;224;2;2;0;19;1;0;0.0528143274853801;0;0.947185672514619;17;40;40;44;0;2;0;0;0;0;0;0;0;0;0;0
6;45;21;234;2;2;0;9;0;0;0;0;1;9;25;25;6;21;2;0;0;0;0;0;0;0;0;0;1
6;49;3;240;2;2;0;21;0;0;0;0;1;21;51;51;10;51;2;0;0;0;0;0;0;0;0;0;1
6;57;18;253;1;1;0;2;0;0;0;0;0.59375;2;6;6;7;23;2;1;1;1;1;1;1;0.5;0.5;0;0
6;58;7;254;1;1;0;7;1;0;0.180654761904762;0;0.819345238095238;6;15;15;26;0;2;1;1;1;1;1;1;0.5;0.5;0;0
6;63;9;263;2;2;0;5;1;1;0.2;0.2;0.6;3;3;5;7;74;2;0;0;0;0;0;0;0;0;0;0
6;82;29;294;1;1;0;1;0;0;0;0;1;1;1;1;7;23;2;1;1;1;1;1;1;0.5;0.5;0;0
6;85;10;300;3;3;0;1;0;0;0;0;1;1;2;2;33;0;2;9;6;9;9;6;9;4.5;4.5;0;1
6;91;27;318;3;3;0;4;0;0;0;0;1;1;6;6;14;0;2;21;8;21;21;8;21;10.5;10.5;0;1
6;94;16;321;2;2;0;2;0;0;0;0;0.90625;2;4;4;19;0;2;0;0;0;0;0;0;0;0;0;0
6;104;68;340;2;2;0;5;1;0;0.090625;0;0.909375;4;6;6;7;21;2;0;0;0;0;0;0;0;0;0;0
6;132;19;403;1;1;0;1;0;0;0;0;0.307692307692308;1;4;4;24;0;2;1;1;1;1;1;1;0.5;0.5;0;0
6;134;35;407;4;4;0;0;0;0;0;0;0;0;0;0;31;0;2;4;4;4;1;1;1;2;0.5;0;0
6;144;68;419;4;4;0;0;0;0;0;0;0;0;0;0;7;41;2;1;1;1;1;1;1;0.5;0.5;0;0
7;1;0;0;0;0;0;1;0;0;0;0;1;1;1;1;15;0;0;0;-1;0;0;-1;0;0;0;0;12
7;34;2;186;1;1;0;0;0;0;0;0;0;0;0;0;19;0;2;1;1;1;1;1;1;0.5;0.5;0;5
7;36;2;198;1;1;0;4;0;1;0;0.283333333333333;0.716666666666666;3;3;3;24;0;2;1;1;1;1;1;1;0.5;0.5;0;0
7;37;2;209;1;1;0;0;0;0;0;0;0;0;0;0;23;0;2;1;1;1;1;1;1;0.5;0.5;0;0
7;38;2;217;1;1;0;0;0;0;0;0;0;0;0;0;26;0;2;1;1;1;1;1;1;0.5;0.5;0;1
7;39;13;220;1;1;0;0;0;0;0;0;0;0;0;0;6;13;2;1;1;1;1;1;1;0.5;0.5;0;0
7;40;19;221;1;1;0;7;0;0;0;0;1;7;11;11;29;0;2;1;1;1;1;1;1;0.5;0.5;0;0
7;41;7;221;1;1;0;0;0;0;0;0;0;0;0;0;26;0;2;1;1;1;1;1;1;0.5;0.5;0;0
7;42;20;222;1;1;0;3;1;1;0.191666666666667;0.791666666666667;0.0166666666666666;1;1;1;22;0;2;1;1;1;1;1;1;0.5;0.5;0;0
7;43;14;224;2;2;0;19;1;0;0.0526315789473684;0;0.94736842105263;17;40;40;44;0;2;0;0;0;0;0;0;0;0;0;0
7;45;21;234;2;2;0;11;0;0;0;0;1;11;25;25;6;21;2;0;0;0;0;0;0;0;0;0;1
7;49;3;240;2;2;0;23;0;0;0;0;1;23;57;57;10;51;2;0;0;0;0;0;0;0;0;0;1
7;57;18;253;1;1;0;2;0;0;0;0;1;2;3;6;7;23;2;1;1;1;1;1;1;0.5;0.5;0;0
7;58;7;254;1;1;0;10;2;0;0.154325396825397;0;0.845674603174603;8;15;15;26;0;2;1;1;1;1;1;1;0.5;0.5;0;0
7;63;9;263;2;2;0;6;1;1;0.191666666666667;0.191666666666667;0.616666666666666;4;3;5;7;74;2;0;0;0;0;0;0;0;0;0;0
7;82;29;294;1;1;0;1;0;0;0;0;1;1;1;1;7;23;2;1;1;1;1;1;1;0.5;0.5;0;0
7;85;10;300;3;3;0;3;0;1;0;0.375;0.625;2;2;2;33;0;2;11;6;11;11;6;11;5.5;5.5;0;1
7;91;27;318;3;3;0;4;0;0;0;0;1;1;6;6;14;0;2;23;8;23;23;8;23;11.5;11.5;0;1
7;94;16;321;2;2;0;2;0;0;0;0;1;2;4;4;19;0;2;0;0;0;0;0;0;0;0;0;0
7;104;68;340;2;2;0;5;1;0;0.2;0;0.8;4;6;6;7;21;2;0;0;0;0;0;0;0;0;0;0
7;132;19;403;1;1;0;2;0;0;0;0;1;2;5;5;24;0;2;1;1;1;1;1;1;0.5;0.5;0;0
7;134;35;407;4;4;0;4;0;1;0;0.208333333333333;0.741666666666666;1;2;2;31;0;2;4;4;4;1;1;1;2;0.5;0;0
7;144;68;419;4;4;0;0;0;0;0;0;0;0;0;0;7;41;2;3;1;3;2;1;2;1.5;1;0;0
8;1;0;0;0;0;0;1;0;0;0;0;1;1;1;1;15;0;0;0;-1;0;0;-1;0;0;0;0;13
8;34;2;186;1;1;0;1;1;0;0.136363636363636;0;0;0;0;0;19;0;2;1;1;1;1;1;1;0.5;0.5;0;5
8;36;2;198;1;1;0;4;0;1;0;0.25;0.75;3;1;3;24;0;2;1;1;1;1;1;1;0.5;0.5;0;0
8;37;2;209;1;1;0;0;0;0;0;0;0;0;0;0;23;0;2;1;1;1;1;1;1;0.5;0.5;0;0
8;38;2;217;1;1;0;0;0;0;0;0;0;0;0;0;26;0;2;1;1;1;1;1;1;0.5;0.5;0;1
8;39;13;220;1;1;0;0;0;0;0;0;0;0;0;0;6;13;2;1;1;1;1;1;1;0.5;0.5;0;0
8;40;19;221;1;1;0;7;0;0;0;0;1;7;10;11;29;0;2;1;1;1;1;1;1;0.5;0.5;0;0
8;41;7;221;1;1;0;0;0;0;0;0;0;0;0;0;26;0;2;1;1;1;1;1;1;0.5;0.5;0;0
8;42;20;222;1;1;0;6;1;3;0.239393939393939;0.513636363636364;0.246969696969697;2;2;2;22;0;2;1;1;1;1;1;1;0.5;0.5;0;0
8;43;14;224;2;2;0;21;2;0;0.0754499886078833;0;0.924550011392116;18;40;40;44;0;2;1;0;1;0;0;0;0.5;0;0;0
8;45;21;234;2;2;0;14;0;0;0;0;1;14;22;25;6;21;2;1;0;1;0;0;0;0.5;0;0;1
8;49;3;240;2;2;0;26;0;0;0;0;1;26;65;65;10;51;2;1;0;1;0;0;0;0.5;0;0;1
8;57;18;253;1;1;0;2;0;0;0;0;1;2;3;6;7;23;2;1;1;1;1;1;1;0.5;0.5;0;0
8;58;7;254;1;1;0;14;2;0;0.156555565646474;0;0.843444434353525;12;17;17;26;0;2;1;1;1;1;1;1;0.5;0.5;0;0
8;63;9;263;2;2;0;6;1;1;0.166666666666666;0.166666666666666;0.666666666666666;4;1;5;7;74;2;0;0;0;0;0;0;0;0;0;0
8;82;29;294;1;1;0;1;0;0;0;0;1;1;1;1;7;23;2;1;1;1;1;1;1;0.5;0.5;0;0
8;85;10;300;3;3;0;3;0;1;0;0.333333333333333;0.666666666666666;2;1;2;33;0;2;14;6;14;14;6;14;7;7;0;1
8;91;27;318;3;3;0;4;0;0;0;0;1;1;6;6;14;0;2;26;8;26;26;8;26;13;13;0;1
8;94;16;321;2;2;0;3;0;0;0;0;1;3;6;6;19;0;2;1;0;1;0;0;0;0.5;0;0;0
8;104;68;340;2;2;0;6;1;0;0.184848484848485;0;0.815151515151515;4;6;6;7;21;2;1;0;1;0;0;0;0.5;0;0;0
8;132;19;403;1;1;0;3;0;0;0;0;1;3;6;6;24;0;2;1;1;1;1;1;1;0.5;0.5;0;0
8;134;35;407;4;4;0;6;0;1;0;0.182575757575757;0.817424242424242;3;3;3;31;0;2;4;4;4;1;1;1;2;0.5;0;0
8;144;68;419;4;4;0;0;0;0;0;0;0;0;0;0;7;41;2;3;1;3;2;1;2;1.5;1;0;0
8;184;13;532;1;1;0;0;0;0;0;0;0;0;0;0;7;59;2;1;1;1;1;1;1;0.5;0.5;0;0
9;1;0;0;0;0;0;1;0;0;0;0;1;1;1;1;15;0;0;0;-1;0;0;-1;0;0;0;0;13
9;34;2;186;1;1;0;1;1;0;1;0;0;0;0;0;19;0;2;1;1;1;1;1;1;0.5;0.5;0;6
9;36;2;198;1;1;0;5;0;1;0;0.213636363636364;0.786363636363636;4;1;3;24;0;2;1;1;1;1;1;1;0.5;0.5;0;0
9;37;2;209;1;1;0;0;0;0;0;0;0;0;0;0;23;0;2;1;1;1;1;1;1;0.5;0.5;0;0
9;38;2;217;1;1;0;0;0;0;0;0;0;0;0;0;26;0;2;1;1;1;1;1;1;0.5;0.5;0;1
9;39;13;220;1;1;0;0;0;0;0;0;0;0;0;0;6;13;2;1;1;1;1;1;1;0.5;0.5;0;0
9;40;19;221;1;1;0;7;0;0;0;0;1;7;10;11;29;0;2;1;1;1;1;1;1;0.5;0.5;0;0
9;41;7;221;1;1;0;0;0;0;0;0;0;0;0;0;26;0;2;1;1;1;1;1;1;0.5;0.5;0;0
9;42;20;222;1;1;0;6;1;3;0.166666666666666;0.5;0.333333333333333;2;2;2;22;0;2;1;1;1;1;1;1;0.5;0.5;0;0
9;43;14;224;2;2;0;21;2;0;0.0952380952380952;0;0.904761904761904;18;39;40;44;0;2;1;0;1;0;0;0;0.5;0;0;1
9;45;21;234;2;2;0;14;0;0;0;0;1;14;19;25;6;21;2;1;0;1;0;0;0;0.5;0;0;1
9;49;3;240;2;2;0;26;0;0;0;0;1;26;65;65;10;51;2;1;0;1;0;0;0;0.5;0;0;1
9;57;18;253;1;1;0;2;0;0;0;0;1;2;3;6;7;23;2;1;1;1;1;1;1;0.5;0.5;0;0
9;58;7;254;1;1;0;14;2;0;0.142857142857142;0;0.857142857142857;12;14;17;26;0;2;1;1;1;1;1;1;0.5;0.5;0;0
9;63;9;263;2;2;0;6;1;1;0.166666666666666;0.166666666666666;0.666666666666666;4;1;5;7;74;2;0;0;0;0;0;0;0;0;0;0
9;82;29;294;1;1;0;1;0;0;0;0;1;1;1;1;7;23;2;1;1;1;1;1;1;0.5;0.5;0;0
9;85;10;300;3;3;0;3;0;1;0;0.333333333333333;0.666666666666666;2;1;2;33;0;2;14;6;14;14;6;14;7;7;0;1
9;91;27;318;3;3;0;4;0;0;0;0;1;1;6;6;14;0;2;26;8;26;26;8;26;13;13;0;1
9;94;16;321;2;2;0;3;0;0;0;0;1;3;6;6;19;0;2;1;0;1;0;0;0;0.5;0;0;0
9;104;68;340;2;2;0;6;1;0;0.166666666666666;0;0.833333333333333;4;6;6;7;21;2;1;0;1;0;0;0;0.5;0;0;0
9;132;19;403;1;1;0;3;0;0;0;0;1;3;6;6;24;0;2;1;1;1;1;1;1;0.5;0.5;0;0
9;134;35;407;4;4;0;6;0;1;0;0.166666666666666;0.833333333333333;3;3;3;31;0;2;4;4;4;1;1;1;2;0.5;0;0
9;144;68;419;4;4;0;0;0;0;0;0;0;0;0;0;7;41;2;3;1;3;2;1;2;1.5;1;0;0
9;184;13;532;1;1;0;4;1;0;0.28030303030303;0;0.628787878787879;4;9;9;7;59;2;1;1;1;1;1;1;0.5;0.5;0;0
9;189;28;546;3;3;0;1;0;0;0;0;0.363636363636364;0;0;0;15;10;2;21;21;21;18;18;18;10.5;9;0;1
9;195;14;577;4;4;0;1;0;0;0;0;0.333333333333333;0;0;0;39;0;2;1;0;1;0;0;0;0.5;0;0;0
9;196;68;579;2;2;0;1;0;0;0;0;0.2;1;2;2;7;34;2;1;1;1;0;0;0;0.5;0;0;0
10;1;0;0;0;0;0;1;0;0;0;0;1;1;1;1;15;0;0;0;-1;0;0;-1;0;0;0;0;13
10;34;2;186;1;1;0;1;1;0;1;0;0;0;0;0;19;0;2;1;1;1;1;1;1;0.5;0.5;0;6
10;36;2;198;1;1;0;5;0;1;0;0.2;0.8;4;0;3;24;0;2;1;1;1;1;1;1;0.5;0.5;0;0
10;37;2;209;1;1;0;0;0;0;0;0;0;0;0;0;23;0;2;1;1;1;1;1;1;0.5;0.5;0;1
10;38;2;217;1;1;0;0;0;0;0;0;0;0;0;0;26;0;2;1;1;1;1;1;1;0.5;0.5;0;1
10;39;13;220;1;1;0;0;0;0;0;0;0;0;0;0;6;13;2;1;1;1;1;1;1;0.5;0.5;0;0
10;40;19;221;1;1;0;7;0;0;0;0;1;7;10;11;29;0;2;1;1;1;1;1;1;0.5;0.5;0;0
10;41;7;221;1;1;0;0;0;0;0;0;0;0;0;0;26;0;2;1;1;1;1;1;1;0.5;0.5;0;0
10;42;20;222;1;1;0;7;1;3;0.144957983193276;0.434873949579832;0.420168067226891;3;2;2;22;0;2;1;1;1;1;1;1;0.5;0.5;0;0
10;43;14;224;2;2;0;23;2;0;0.0935219937777482;0;0.906478006222251;20;39;40;44;0;2;1;0;1;0;0;0;0.5;0;0;1
10;45;21;234;2;2;0;17;0;0;0;0;1;17;20;25;6;21;2;1;0;1;0;0;0;0.5;0;0;1
10;49;3;240;2;2;0;26;0;0;0;0;1;26;65;65;10;51;2;1;0;1;0;0;0;0.5;0;0;1
10;57;18;253;1;1;0;2;0;0;0;0;1;2;3;6;7;23;2;1;1;1;1;1;1;0.5;0.5;0;0
10;58;7;254;1;1;0;15;2;0;0.137815126050419;0;0.86218487394958;13;16;17;26;0;2;1;1;1;1;1;1;0.5;0.5;0;0
10;63;9;263;2;2;0;7;1;1;0.163165266106442;0.163165266106442;0.673669467787114;5;1;5;7;74;2;0;0;0;0;0;0;0;0;0;0
10;82;29;294;1;1;0;1;0;0;0;0;1;1;1;1;7;23;2;1;1;1;1;1;1;0.5;0.5;0;0
10;85;10;300;3;3;0;4;0;1;0;0.267156862745098;0.732843137254902;3;1;2;33;0;2;17;6;17;17;6;17;8.5;8.5;0;1
10;91;27;318;3;3;0;4;0;0;0;0;1;1;6;6;14;0;2;26;8;26;26;8;26;13;13;0;1
10;94;16;321;2;2;0;3;0;0;0;0;1;3;6;6;19;0;2;1;0;1;0;0;0;0.5;0;0;0
10;104;68;340;2;2;0;6;1;0;0.166666666666666;0;0.833333333333332;4;6;6;7;21;2;1;0;1;0;0;0;0.5;0;0;0
10;132;19;403;1;1;0;3;0;0;0;0;1;3;6;6;24;0;2;1;1;1;1;1;1;0.5;0.5;0;0
10;134;35;407;4;4;0;9;0;1;0;0.146650326797385;0.853349673202615;6;3;3;31;0;2;4;4;4;1;1;1;2;0.5;0;0
10;144;68;419;4;4;0;0;0;0;0;0;0;0;0;0;7;41;2;4;1;4;3;1;3;2;1.5;0;0
10;184;13;532;1;1;0;4;1;0;0.25;0;0.75;4;9;9;7;59;2;1;1;1;1;1;1;0.5;0.5;0;0
10;189;28;546;3;3;0;1;0;0;0;0;1;0;0;0;15;10;2;23;21;23;20;18;20;11.5;10;0;2
10;195;14;577;4;4;0;8;0;0;0;0;1;6;10;10;39;0;2;1;0;1;0;0;0;0.5;0;0;0
10;196;68;579;2;2;0;10;0;2;0;0.124859943977591;0.875140056022409;8;10;10;7;34;2;1;1;1;0;0;0;0.5;0;0;0
10;214;18;615;2;2;0;2;0;0;0;0;0.590909090909091;2;4;4;53;0;2;0;0;0;0;0;0;0;0;0;0
10;222;35;634;4;4;0;2;0;1;0;0.142857142857143;0.0714285714285714;1;2;2;23;0;2;1;1;1;0;0;0;0.5;0;0;0
11;1;0;0;0;0;0;1;0;0;0;0;1;1;1;1;15;0;0;0;-1;0;0;-1;0;0;0;0;13
11;19;2;8;2;0;10;3;7;0;0;0;0;17;60;-1.8;3.93479853479853;4;19;0;0;0;0;0;0;0;0;0;0
11;34;2;186;1;1;0;1;1;0;1;0;0;0;0;0;19;0;2;1;1;1;1;1;1;0.5;0.5;0;6
11;36;2;198;1;1;0;5;0;1;0;0.2;0.8;4;0;3;24;0;2;1;1;1;1;1;1;0.5;0.5;0;0
11;37;2;209;1;1;0;0;0;0;0;0;0;0;0;0;23;0;2;1;1;1;1;1;1;0.5;0.5;0;1
11;38;2;217;1;1;0;0;0;0;0;0;0;0;0;0;26;0;2;1;1;1;1;1;1;0.5;0.5;0;1
11;39;13;220;1;1;0;0;0;0;0;0;0;0;0;0;6;13;2;1;1;1;1;1;1;0.5;0.5;0;0
11;40;19;221;1;1;0;7;0;0;0;0;1;7;10;11;29;0;2;1;1;1;1;1;1;0.5;0.5;0;0
11;41;7;221;1;1;0;1;0;1;0;0.684210526315789;0;0;0;0;26;0;2;1;1;1;1;1;1;0.5;0.5;0;0
11;42;20;222;1;1;0;7;1;3;0.142857142857142;0.428571428571428;0.428571428571428;3;1;2;22;0;2;1;1;1;1;1;1;0.5;0.5;0;0
11;43;14;224;2;2;0;23;2;0;0.0869565217391304;0;0.913043478260869;20;32;40;44;0;2;1;0;1;0;0;0;0.5;0;0;1
11;45;21;234;2;2;0;18;1;0;0.023391812865497;0;0.976608187134503;17;20;25;6;21;2;1;0;1;0;0;0;0.5;0;0;1
11;49;3;240;2;2;0;28;0;0;0;0;1;28;70;70;10;51;2;1;0;1;0;0;0;0.5;0;0;1
11;57;18;253;1;1;0;2;0;0;0;0;1;2;3;6;7;23;2;1;1;1;1;1;1;0.5;0.5;0;0
11;58;7;254;1;1;0;15;2;0;0.133333333333333;0;0.866666666666666;13;16;17;26;0;2;1;1;1;1;1;1;0.5;0.5;0;0
11;63;9;263;2;2;0;8;1;2;0.138157894736841;0.171052631578947;0.69078947368421;5;0;5;7;74;2;0;0;0;0;0;0;0;0;0;0
11;82;29;294;1;1;0;1;0;0;0;0;1;1;1;1;7;23;2;1;1;1;1;1;1;0.5;0.5;0;0
11;85;10;300;3;3;0;4;0;1;0;0.25;0.75;3;0;2;33;0;2;18;6;18;17;6;17;9;8.5;0;1
11;91;27;318;3;3;0;4;0;0;0;0;1;1;6;6;14;0;2;28;8;28;28;8;28;14;14;0;1
11;94;16;321;2;2;0;3;0;0;0;0;1;3;6;6;19;0;2;1;0;1;0;0;0;0.5;0;0;0
11;104;68;340;2;2;0;6;1;0;0.166666666666666;0;0.833333333333333;4;6;6;7;21;2;1;0;1;0;0;0;0.5;0;0;0
11;132;19;403;1;1;0;4;0;0;0;0;1;4;6;6;24;0;2;1;1;1;1;1;1;0.5;0.5;0;0
11;134;35;407;4;4;0;9;0;1;0;0.111111111111111;0.888888888888888;6;2;3;31;0;2;4;4;4;1;1;1;2;0.5;0;0
11;144;68;419;4;4;0;1;0;1;0;0.0555555555555556;0;0;0;0;7;41;2;4;1;4;3;1;3;2;1.5;0;0
11;184;13;532;1;1;0;5;1;0;0.238888888888889;0;0.761111111111111;5;10;10;7;59;2;1;1;1;1;1;1;0.5;0.5;0;0
11;189;28;546;3;3;0;1;0;0;0;0;1;0;0;0;15;10;2;23;21;23;20;18;20;11.5;10;0;2
11;195;14;577;4;4;0;11;1;0;0.0972502805836139;0;0.902749719416386;9;13;13;39;0;2;1;0;1;0;0;0;0.5;0;0;0
11;196;68;579;2;2;0;13;0;2;0;0.175148925148924;0.824851074851075;11;9;10;7;34;2;1;1;1;0;0;0;0.5;0;0;0
11;214;18;615;2;2;0;6;2;0;0.212037037037037;0;0.787962962962963;5;11;11;53;0;2;0;0;0;0;0;0;0;0;0;0
11;222;35;634;4;4;0;3;0;1;0;0.361111111111111;0.638888888888888;1;2;2;23;0;2;1;1;1;0;0;0;0.5;0;0;0
12;1;0;0;0;0;0;1;0;0;0;0;1;1;1;1;15;0;0;0;-1;0;0;-1;0;0;0;0;15
12;34;2;186;1;1;0;1;1;0;1;0;0;0;0;0;19;0;2;1;1;1;1;1;1;0.5;0.5;0;6
12;36;2;198;1;1;0;5;0;1;0;0.2;0.8;4;0;3;24;0;2;1;1;1;1;1;1;0.5;0.5;0;0
12;37;2;209;1;1;0;0;0;0;0;0;0;0;0;0;23;0;2;1;1;1;1;1;1;0.5;0.5;0;1
12;38;2;217;1;1;0;0;0;0;0;0;0;0;0;0;26;0;2;1;1;1;1;1;1;0.5;0.5;0;1
12;39;13;220;1;1;0;0;0;0;0;0;0;0;0;0;6;13;2;1;1;1;1;1;1;0.5;0.5;0;0
12;40;19;221;1;1;0;7;0;0;0;0;1;7;10;11;29;0;2;1;1;1;1;1;1;0.5;0.5;0;0
12;41;7;221;1;1;0;1;0;1;0;1;0;0;0;0;26;0;2;1;1;1;1;1;1;0.5;0.5;0;0
12;42;20;222;1;1;0;7;1;3;0.142857142857142;0.428571428571428;0.428571428571428;3;1;2;22;0;2;1;1;1;1;1;1;0.5;0.5;0;0
12;43;14;224;2;2;0;24;2;1;0.0842995169082125;0.0305555555555555;0.885144927536232;20;32;40;44;0;2;1;0;1;0;0;0;0.5;0;0;1
12;45;21;234;2;2;0;20;1;0;0.0520272904483431;0;0.947972709551656;19;20;25;6;21;2;1;0;1;0;0;0;0.5;0;0;1
12;49;3;240;2;2;0;28;0;0;0;0;1;28;69;70;10;51;2;1;0;1;0;0;0;0.5;0;0;1
12;57;18;253;1;1;0;3;0;0;0;0;1;3;3;6;7;23;2;1;1;1;1;1;1;0.5;0.5;0;0
12;58;7;254;1;1;0;15;2;0;0.133333333333333;0;0.866666666666666;13;16;17;26;0;2;1;1;1;1;1;1;0.5;0.5;0;0
12;63;9;263;2;2;0;9;1;3;0.111111111111111;0.333333333333333;0.555555555555555;5;0;5;7;74;2;0;0;0;0;0;0;0;0;0;0
12;82;29;294;1;1;0;1;0;0;0;0;1;1;1;1;7;23;2;1;1;1;1;1;1;0.5;0.5;0;0
12;85;10;300;3;3;0;4;0;1;0;0.25;0.75;3;0;2;33;0;2;20;6;20;19;6;19;10;9.5;0;1
12;91;27;318;3;3;0;4;0;0;0;0;1;1;6;6;14;0;2;28;8;28;28;8;28;14;14;0;1
12;94;16;321;2;2;0;4;1;0;0.0666666666666667;0;0.933333333333333;3;6;6;19;0;2;1;0;1;0;0;0;0.5;0;0;0
12;104;68;340;2;2;0;6;1;0;0.166666666666666;0;0.833333333333333;4;6;6;7;21;2;1;0;1;0;0;0;0.5;0;0;0
12;132;19;403;1;1;0;4;0;0;0;0;1;4;4;6;24;0;2;1;1;1;1;1;1;0.5;0.5;0;0
12;134;35;407;4;4;0;9;0;1;0;0.111111111111111;0.888888888888888;6;2;3;31;0;2;4;4;4;1;1;1;2;0.5;0;0
12;144;68;419;4;4;0;1;0;1;0;1;0;0;0;0;7;41;2;4;1;4;3;1;3;2;1.5;0;0
12;184;13;532;1;1;0;5;1;0;0.2;0;0.8;5;10;10;7;59;2;1;1;1;1;1;1;0.5;0.5;0;0
12;189;28;546;3;3;0;1;0;0;0;0;1;0;0;0;15;10;2;24;21;24;20;18;20;12;10;0;2
12;195;14;577;4;4;0;16;1;0;0.0752211677211677;0;0.924778832278832;14;21;21;39;0;2;1;0;1;0;0;0;0.5;0;0;0
12;196;68;579;2;2;0;13;0;2;0;0.153846153846153;0.846153846153846;11;9;10;7;34;2;1;1;1;0;0;0;0.5;0;0;0
12;214;18;615;2;2;0;7;2;0;0.311111111111111;0;0.688888888888888;6;16;16;53;0;2;0;0;0;0;0;0;0;0;0;0
12;222;35;634;4;4;0;3;0;1;0;0.333333333333333;0.666666666666666;1;2;2;23;0;2;1;1;1;0;0;0;0.5;0;0;1
12;260;35;731;1;5;0;1;0;0;0;0;0.5;1;1;1;21;0;4;4;1;3;2;1;1;1;0.5;1;0
12;270;19;772;1;1;0;0;0;0;0;0;0;0;0;0;39;0;2;1;1;1;1;1;1;0.5;0.5;0;0
13;1;0;0;0;0;0;1;0;0;0;0;1;1;1;1;15;0;0;0;-1;0;0;-1;0;0;0;0;16
13;34;2;186;1;1;0;1;1;0;1;0;0;0;0;0;19;0;2;1;1;1;1;1;1;0.5;0.5;0;7
13;36;2;198;1;1;0;5;0;1;0;0.2;0.8;4;0;3;24;0;2;1;1;1;1;1;1;0.5;0.5;0;0
13;37;2;209;1;1;0;0;0;0;0;0;0;0;0;0;23;0;2;1;1;1;1;1;1;0.5;0.5;0;1
13;38;2;217;1;1;0;0;0;0;0;0;0;0;0;0;26;0;2;1;1;1;1;1;1;0.5;0.5;0;1
13;39;13;220;1;1;0;0;0;0;0;0;0;0;0;0;6;13;2;1;1;1;1;1;1;0.5;0.5;0;0
13;40;19;221;1;1;0;8;0;0;0;0;1;8;10;11;29;0;2;1;1;1;1;1;1;0.5;0.5;0;0
13;41;7;221;1;1;0;1;0;1;0;1;0;0;0;0;26;0;2;1;1;1;1;1;1;0.5;0.5;0;0
13;42;20;222;1;1;0;7;1;3;0.142857142857142;0.428571428571428;0.428571428571428;3;1;2;22;0;2;1;1;1;1;1;1;0.5;0.5;0;0
13;43;14;224;2;2;0;25;2;1;0.0812;0.0406;0.8782;21;32;40;44;0;2;1;0;1;0;0;0;0.5;0;0;1
13;45;21;234;2;2;0;21;1;0;0.0495238095238095;0;0.95047619047619;20;19;25;6;21;2;1;0;1;0;0;0;0.5;0;0;1
13;49;3;240;2;2;0;31;0;0;0;0;1;31;69;70;10;51;2;1;0;1;0;0;0;0.5;0;0;2
13;57;18;253;1;1;0;3;0;0;0;0;1;3;1;6;7;23;2;1;1;1;1;1;1;0.5;0.5;0;0
13;58;7;254;1;1;0;15;2;0;0.133333333333333;0;0.866666666666666;13;16;17;26;0;2;1;1;1;1;1;1;0.5;0.5;0;0
13;63;9;263;2;2;0;10;1;4;0.1;0.4;0.5;5;0;5;7;74;2;0;0;0;0;0;0;0;0;0;0
13;82;29;294;1;1;0;1;0;0;0;0;1;1;1;1;7;23;2;1;1;1;1;1;1;0.5;0.5;0;0
13;85;10;300;3;3;0;4;0;1;0;0.25;0.75;3;0;2;33;0;2;21;6;21;20;6;20;10.5;10;0;1
13;91;27;318;3;3;0;4;0;0;0;0;1;1;6;6;14;0;2;31;8;31;31;8;31;15.5;15.5;0;1
13;94;16;321;2;2;0;7;1;0;0.170571428571428;0;0.829428571428572;6;8;8;19;0;2;1;0;1;0;0;0;0.5;0;0;0
13;104;68;340;2;2;0;6;1;0;0.166666666666666;0;0.833333333333333;4;6;6;7;21;2;1;0;1;0;0;0;0.5;0;0;0
13;132;19;403;1;1;0;4;0;0;0;0;1;4;4;6;24;0;2;1;1;1;1;1;1;0.5;0.5;0;0
13;134;35;407;4;4;0;9;0;1;0;0.111111111111111;0.888888888888888;6;2;3;31;0;2;4;4;4;1;1;1;2;0.5;0;0
13;144;68;419;4;4;0;1;0;1;0;1;0;0;0;0;7;41;2;4;1;4;3;1;3;2;1.5;0;0
13;184;13;532;1;1;0;6;1;1;0.186666666666666;0.0666666666666664;0.746666666666667;5;10;10;7;59;2;1;1;1;1;1;1;0.5;0.5;0;0
13;189;28;546;3;3;0;1;0;0;0;0;1;0;0;0;15;10;2;25;21;25;21;18;21;12.5;10.5;0;2
13;195;14;577;4;4;0;18;1;0;0.0583006535947712;0;0.941699346405228;16;24;24;39;0;2;1;0;1;0;0;0;0.5;0;0;0
13;196;68;579;2;2;0;16;1;2;0.0212142857142857;0.147043956043955;0.831741758241758;14;16;16;7;34;2;1;1;1;0;0;0;0.5;0;0;0
13;214;18;615;2;2;0;8;2;0;0.258571428571428;0;0.741428571428571;7;16;16;53;0;2;0;0;0;0;0;0;0;0;0;0
13;222;35;634;4;4;0;4;0;1;0;0.263333333333333;0.736666666666667;2;2;2;23;0;2;1;1;1;0;0;0;0.5;0;0;1
13;260;35;731;1;5;0;1;0;0;0;0;1;1;1;1;21;0;4;5;1;4;3;1;2;1.25;0.75;1;1
13;270;19;772;1;1;0;2;0;0;0;0;0.92;2;5;5;39;0;2;1;1;1;1;1;1;0.5;0.5;0;1
13;275;35;795;1;6;0;2;0;0;0;0;0.5;2;4;4;38;0;6;3;1;1;2;0;1;0.5;0.333333333333333;1;0
13;284;13;812;3;3;0;0;0;0;0;0;0;0;0;0;33;0;2;31;29;31;31;29;31;15.5;15.5;0;0
13;296;29;836;2;2;0;0;0;0;0;0;0;0;0;0;7;0;2;2;2;2;2;2;2;1;1;0;0
14;1;0;0;0;0;0;1;0;0;0;0;1;1;1;1;15;0;0;0;-1;0;0;-1;0;0;0;0;17
14;34;2;186;1;1;0;1;1;0;1;0;0;0;0;0;19;0;2;1;1;1;1;1;1;0.5;0.5;0;7
14;36;2;198;1;1;0;5;0;1;0;0.2;0.8;4;0;3;24;0;2;1;1;1;1;1;1;0.5;0.5;0;0
14;37;2;209;1;1;0;0;0;0;0;0;0;0;0;0;23;0;2;1;1;1;1;1;1;0.5;0.5;0;1
14;38;2;217;1;1;0;0;0;0;0;0;0;0;0;0;26;0;2;1;1;1;1;1;1;0.5;0.5;0;1
14;39;13;220;1;1;0;0;0;0;0;0;0;0;0;0;6;13;2;1;1;1;1;1;1;0.5;0.5;0;0
14;40;19;221;1;1;0;8;0;0;0;0;1;8;8;11;29;0;2;1;1;1;1;1;1;0.5;0.5;0;0
14;41;7;221;1;1;0;1;0;1;0;1;0;0;0;0;26;0;2;1;1;1;1;1;1;0.5;0.5;0;0
14;42;20;222;1;1;0;8;1;3;0.130952380952381;0.392857142857143;0.476190476190476;4;2;2;22;0;2;1;1;1;1;1;1;0.5;0.5;0;0
14;43;14;224;2;2;0;26;2;1;0.0776923076923077;0.0388461538461538;0.883461538461538;22;29;40;44;0;2;1;0;1;0;0;0;0.5;0;0;1
14;45;21;234;2;2;0;21;1;0;0.0476190476190476;0;0.952380952380952;20;13;25;6;21;2;1;0;1;0;0;0;0.5;0;0;1
14;49;3;240;2;2;0;31;0;0;0;0;1;31;65;70;10;51;2;1;0;1;0;0;0;0.5;0;0;2
14;57;18;253;1;1;0;3;0;0;0;0;1;3;1;6;7;23;2;1;1;1;1;1;1;0.5;0.5;0;0
14;58;7;254;1;1;0;15;2;0;0.133333333333333;0;0.866666666666666;13;16;17;26;0;2;1;1;1;1;1;1;0.5;0.5;0;0
14;63;9;263;2;2;0;10;1;4;0.1;0.4;0.5;5;0;5;7;74;2;0;0;0;0;0;0;0;0;0;0
14;82;29;294;1;1;0;1;0;0;0;0;1;1;1;1;7;23;2;1;1;1;1;1;1;0.5;0.5;0;0
14;85;10;300;3;3;0;4;0;1;0;0.25;0.75;3;0;2;33;0;2;21;6;21;20;6;20;10.5;10;0;1
14;91;27;318;3;3;0;4;0;0;0;0;1;1;6;6;14;0;2;31;8;31;31;8;31;15.5;15.5;0;1
14;94;16;321;2;2;0;7;1;0;0.142857142857142;0;0.857142857142857;6;6;8;19;0;2;1;0;1;0;0;0;0.5;0;0;0
14;104;68;340;2;2;0;6;1;0;0.166666666666666;0;0.833333333333333;4;6;6;7;21;2;1;0;1;0;0;0;0.5;0;0;0
14;132;19;403;1;1;0;4;0;0;0;0;1;4;4;6;24;0;2;1;1;1;1;1;1;0.5;0.5;0;0
14;134;35;407;4;4;0;9;0;1;0;0.111111111111111;0.888888888888888;6;2;3;31;0;2;4;4;4;1;1;1;2;0.5;0;0
14;144;68;419;4;4;0;1;0;1;0;1;0;0;0;0;7;41;2;4;1;4;3;1;3;2;1.5;0;0
14;184;13;532;1;1;0;6;1;1;0.166666666666666;0.166666666666666;0.666666666666666;5;10;10;7;59;2;1;1;1;1;1;1;0.5;0.5;0;0
14;189;28;546;3;3;0;1;0;0;0;0;1;0;0;0;15;10;2;26;21;26;22;18;22;13;11;0;2
14;195;14;577;4;4;0;20;1;0;0.0525341130604288;0;0.947465886939571;16;24;24;39;0;2;1;0;1;0;0;0;0.5;0;0;0
14;196;68;579;2;2;0;16;1;2;0.0625;0.125;0.8125;14;14;16;7;34;2;1;1;1;0;0;0;0.5;0;0;0
14;214;18;615;2;2;0;8;2;0;0.25;0;0.75;7;15;16;53;0;2;0;0;0;0;0;0;0;0;0;0
14;222;35;634;4;4;0;4;0;1;0;0.25;0.75;2;1;2;23;0;2;1;1;1;0;0;0;0.5;0;0;1
14;260;35;731;1;5;0;1;0;0;0;0;1;1;1;1;21;0;4;5;1;4;3;1;2;1.25;0.75;1;1
14;270;19;772;1;1;0;6;0;3;0;0.461111111111111;0.538888888888889;3;5;5;39;0;2;1;1;1;1;1;1;0.5;0.5;0;1
14;275;35;795;1;6;0;5;2;0;0.108333333333333;0;0.891666666666667;3;5;5;38;0;6;3;1;1;2;0;1;0.5;0.333333333333333;1;0
14;284;13;812;3;3;0;0;0;0;0;0;0;0;0;0;33;0;2;31;29;31;31;29;31;15.5;15.5;0;0
14;296;29;836;2;2;0;0;0;0;0;0;0;0;0;0;7;0;2;6;2;6;3;2;3;3;1.5;0;0
14;310;19;898;1;1;0;0;0;0;0;0;0;0;0;0;65;0;2;1;1;1;1;1;1;0.5;0.5;0;0
15;0;0;0;0;0;0;0;0;0;0;0;0;0;0;0;0;0;0;0;0;0;0;0;0;0;0;0;0
15;1;0;0;0;0;0;1;0;0;0;0;1;1;1;1;15;0;0;0;-1;0;0;-1;0;0;0;0;17
15;28;0;10;1;0;17;15;4;0;0;2;0;0;89;-4.26666666666666;3.99276377217553;42;16;0;0;0;0;0;0;0;0;0;0
15;34;2;186;1;1;0;1;1;0;1;0;0;0;0;0;19;0;2;1;1;1;1;1;1;0.5;0.5;0;7
15;36;2;198;1;1;0;5;0;1;0;0.2;0.8;4;0;3;24;0;2;1;1;1;1;1;1;0.5;0.5;0;0
15;37;2;209;1;1;0;0;0;0;0;0;0;0;0;0;23;0;2;1;1;1;1;1;1;0.5;0.5;0;2
15;38;2;217;1;1;0;0;0;0;0;0;0;0;0;0;26;0;2;1;1;1;1;1;1;0.5;0.5;0;1
15;39;13;220;1;1;0;0;0;0;0;0;0;0;0;0;6;13;2;1;1;1;1;1;1;0.5;0.5;0;0
15;40;19;221;1;1;0;9;0;0;0;0;1;9;8;11;29;0;2;1;1;1;1;1;1;0.5;0.5;0;0
15;41;7;221;1;1;0;1;0;1;0;1;0;0;0;0;26;0;2;1;1;1;1;1;1;0.5;0.5;0;0
15;42;20;222;1;1;0;9;1;3;0.119444444444444;0.358333333333333;0.522222222222222;4;2;2;22;0;2;1;1;1;1;1;1;0.5;0.5;0;0
15;43;14;224;2;2;0;26;2;1;0.0769230769230769;0.0384615384615384;0.884615384615384;22;28;40;44;0;2;1;0;1;0;0;0;0.5;0;0;1
15;45;21;234;2;2;0;21;1;0;0.0476190476190476;0;0.952380952380952;20;13;25;6;21;2;1;0;1;0;0;0;0.5;0;0;1
15;49;3;240;2;2;0;33;0;0;0;0;1;33;70;70;10;51;2;1;0;1;0;0;0;0.5;0;0;2
15;57;18;253;1;1;0;3;0;0;0;0;1;3;1;6;7;23;2;1;1;1;1;1;1;0.5;0.5;0;0
15;58;7;254;1;1;0;15;2;0;0.133333333333333;0;0.866666666666666;13;16;17;26;0;2;1;1;1;1;1;1;0.5;0.5;0;0
15;63;9;263;2;2;0;10;1;4;0.1;0.4;0.5;5;0;5;7;74;2;0;0;0;0;0;0;0;0;0;0
15;82;29;294;1;1;0;1;0;0;0;0;1;1;1;1;7;23;2;1;1;1;1;1;1;0.5;0.5;0;0
15;85;10;300;3;3;0;4;0;1;0;0.25;0.75;3;0;2;33;0;2;21;6;21;20;6;20;10.5;10;0;1
15;91;27;318;3;3;0;4;0;0;0;0;1;1;6;6;14;0;2;33;8;33;33;8;33;16.5;16.5;0;1
15;94;16;321;2;2;0;7;1;0;0.142857142857142;0;0.857142857142857;6;6;8;19;0;2;1;0;1;0;0;0;0.5;0;0;0
15;104;68;340;2;2;0;6;1;0;0.166666666666666;0;0.833333333333333;4;6;6;7;21;2;1;0;1;0;0;0;0.5;0;0;0
15;132;19;403;1;1;0;4;0;0;0;0;1;4;4;6;24;0;2;1;1;1;1;1;1;0.5;0.5;0;0
15;134;35;407;4;4;0;10;0;1;0;0.101777777777778;0.898222222222222;7;2;3;31;0;2;4;4;4;1;1;1;2;0.5;0;0
15;144;68;419;4;4;0;1;0;1;0;1;0;0;0;0;7;41;2;4;1;4;3;1;3;2;1.5;0;0
15;184;13;532;1;1;0;8;1;1;0.133571428571428;0.133571428571428;0.732857142857143;7;11;11;7;59;2;1;1;1;1;1;1;0.5;0.5;0;0
15;189;28;546;3;3;0;2;0;1;0;0.24;0.76;0;0;0;15;10;2;26;21;26;22;18;22;13;11;0;2
15;195;14;577;4;4;0;20;1;0;0.05;0;0.95;16;24;24;39;0;2;2;0;2;0;0;0;1;0;0;0
15;196;68;579;2;2;0;18;1;2;0.0574566365007541;0.114913273001508;0.827630090497737;16;14;16;7;34;2;1;1;1;0;0;0;0.5;0;0;0
15;214;18;615;2;2;0;8;2;0;0.25;0;0.75;7;15;16;53;0;2;0;0;0;0;0;0;0;0;0;0
15;222;35;634;4;4;0;4;0;1;0;0.25;0.75;2;1;2;23;0;2;2;1;2;0;0;0;1;0;0;1
15;260;35;731;1;5;0;1;0;0;0;0;1;1;1;1;21;0;4;5;1;4;3;1;2;1.25;0.75;1;1
15;270;19;772;1;1;0;7;0;4;0;0.549450549450549;0.45054945054945;3;4;5;39;0;2;1;1;1;1;1;1;0.5;0.5;0;1
15;275;35;795;1;6;0;7;2;0;0.319413919413919;0;0.68058608058608;4;5;5;38;0;6;3;1;1;2;0;1;0.5;0.333333333333333;1;0
15;284;13;812;3;3;0;0;0;0;0;0;0;0;0;0;33;0;2;33;29;33;33;29;33;16.5;16.5;0;1
15;296;29;836;2;2;0;0;0;0;0;0;0;0;0;0;7;0;2;7;2;7;3;2;3;3.5;1.5;0;0
15;310;19;898;1;1;0;4;1;0;0.0865384615384615;0;0.836538461538462;2;3;3;65;0;2;1;1;1;1;1;1;0.5;0.5;0;0
15;314;68;912;4;4;0;1;0;0;0;0;0.181818181818182;1;1;1;7;59;2;0;0;0;0;0;0;0;0;0;0
15;327;11;937;2;2;0;5;0;0;0;0;0.6;5;7;7;60;0;2;0;0;0;0;0;0;0;0;0;0
16;1;0;0;0;0;0;1;0;0;0;0;1;1;1;1;15;0;0;0;-1;0;0;-1;0;0;0;0;19
16;34;2;186;1;1;0;1;1;0;1;0;0;0;0;0;19;0;2;1;1;1;1;1;1;0.5;0.5;0;7
16;36;2;198;1;1;0;5;0;1;0;0.2;0.8;4;0;3;24;0;2;1;1;1;1;1;1;0.5;0.5;0;0
16;37;2;209;1;1;0;0;0;0;0;0;0;0;0;0;23;0;2;1;1;1;1;1;1;0.5;0.5;0;2
16;38;2;217;1;1;0;0;0;0;0;0;0;0;0;0;26;0;2;1;1;1;1;1;1;0.5;0.5;0;2
16;39;13;220;1;1;0;0;0;0;0;0;0;0;0;0;6;13;2;1;1;1;1;1;1;0.5;0.5;0;0
16;40;19;221;1;1;0;10;1;0;0.0909090909090909;0;0.909090909090909;10;7;11;29;0;2;1;1;1;1;1;1;0.5;0.5;0;0
16;41;7;221;1;1;0;1;0;1;0;1;0;0;0;0;26;0;2;1;1;1;1;1;1;0.5;0.5;0;0
16;42;20;222;1;1;0;9;1;3;0.111111111111111;0.333333333333333;0.555555555555555;4;2;2;22;0;2;1;1;1;1;1;1;0.5;0.5;0;0
16;43;14;224;2;2;0;27;2;1;0.0762755762755762;0.0381377881377881;0.885586635586634;23;28;40;44;0;2;1;0;1;0;0;0;0.5;0;0;1
16;45;21;234;2;2;0;21;1;0;0.0476190476190476;0;0.952380952380952;20;13;25;6;21;2;1;0;1;0;0;0;0.5;0;0;1
16;49;3;240;2;2;0;35;0;0;0;0;1;35;70;70;10;51;2;1;0;1;0;0;0;0.5;0;0;2
16;57;18;253;1;1;0;4;0;0;0;0;1;4;1;6;7;23;2;1;1;1;1;1;1;0.5;0.5;0;0
16;58;7;254;1;1;0;16;2;0;0.129545454545454;0;0.870454545454545;14;16;17;26;0;2;1;1;1;1;1;1;0.5;0.5;0;1
16;63;9;263;2;2;0;10;1;4;0.1;0.4;0.5;5;0;5;7;74;2;0;0;0;0;0;0;0;0;0;0
16;82;29;294;1;1;0;1;0;0;0;0;1;1;1;1;7;23;2;1;1;1;1;1;1;0.5;0.5;0;0
16;85;10;300;3;3;0;4;0;1;0;0.25;0.75;3;0;2;33;0;2;21;6;21;20;6;20;10.5;10;0;1
16;91;27;318;3;3;0;4;0;0;0;0;1;1;6;6;14;0;2;35;8;35;35;8;35;17.5;17.5;0;1
16;94;16;321;2;2;0;7;1;0;0.142857142857142;0;0.857142857142857;6;6;8;19;0;2;1;0;1;0;0;0;0.5;0;0;0
16;104;68;340;2;2;0;6;1;0;0.166666666666666;0;0.833333333333333;4;6;6;7;21;2;1;0;1;0;0;0;0.5;0;0;0
16;132;19;403;1;1;0;5;0;0;0;0;1;5;4;6;24;0;2;1;1;1;1;1;1;0.5;0.5;0;0
16;134;35;407;4;4;0;10;0;1;0;0.1;0.9;7;1;3;31;0;2;4;4;4;1;1;1;2;0.5;0;0
16;144;68;419;4;4;0;1;0;1;0;1;0;0;0;0;7;41;2;4;1;4;3;1;3;2;1.5;0;0
16;184;13;532;1;1;0;10;1;1;0.107575757575758;0.107575757575758;0.784848484848484;9;12;12;7;59;2;1;1;1;1;1;1;0.5;0.5;0;0
16;189;28;546;3;3;0;2;0;1;0;0.5;0.5;0;0;0;15;10;2;27;21;27;23;18;23;13.5;11.5;0;2
16;195;14;577;4;4;0;20;1;0;0.05;0;0.95;16;24;24;39;0;2;2;0;2;0;0;0;1;0;0;0
16;196;68;579;2;2;0;19;1;2;0.0538277511961722;0.107655502392344;0.838516746411482;17;14;16;7;34;2;1;1;1;0;0;0;0.5;0;0;0
16;214;18;615;2;2;0;8;2;0;0.25;0;0.75;7;15;16;53;0;2;0;0;0;0;0;0;0;0;0;0
16;222;35;634;4;4;0;4;0;1;0;0.25;0.75;2;1;2;23;0;2;2;1;2;0;0;0;1;0;0;1
16;260;35;731;1;5;0;1;0;0;0;0;1;1;1;1;21;0;4;5;1;4;3;1;2;1.25;0.75;1;1
16;270;19;772;1;1;0;7;0;4;0;0.571428571428571;0.428571428571428;3;4;5;39;0;2;1;1;1;1;1;1;0.5;0.5;0;1
16;275;35;795;1;6;0;7;2;0;0.285714285714285;0;0.714285714285714;4;4;5;38;0;6;3;1;1;2;0;1;0.5;0.333333333333333;1;0
16;284;13;812;3;3;0;0;0;0;0;0;0;0;0;0;33;0;2;35;29;35;35;29;35;17.5;17.5;0;1
16;296;29;836;2;2;0;0;0;0;0;0;0;0;0;0;7;0;2;7;2;7;3;2;3;3.5;1.5;0;0
16;310;19;898;1;1;0;4;1;0;0.25;0;0.75;2;3;3;65;0;2;1;1;1;1;1;1;0.5;0.5;0;0
16;314;68;912;4;4;0;1;0;0;0;0;1;1;1;1;7;59;2;0;0;0;0;0;0;0;0;0;0
16;327;11;937;2;2;0;8;0;0;0;0;1;7;11;11;60;0;2;0;0;0;0;0;0;0;0;0;0
16;343;31;985;1;1;0;5;3;1;0.2625;0.11875;0.30625;1;2;2;43;0;2;1;1;1;1;1;1;0.5;0.5;0;0
16;345;35;989;1;2;0;0;0;0;0;0;0;0;0;0;53;0;4;1;0;1;1;0;1;0.25;0.25;0;0
16;353;13;1003;2;2;0;1;0;0;0;0;0.5;1;1;1;28;0;2;16;16;16;14;14;14;8;7;0;0
17;1;0;0;0;0;0;1;0;0;0;0;1;1;1;1;15;0;0;0;-1;0;0;-1;0;0;0;0;20
17;34;2;186;1;1;0;1;1;0;1;0;0;0;0;0;19;0;2;1;1;1;1;1;1;0.5;0.5;0;7
17;36;2;198;1;1;0;5;0;1;0;0.2;0.8;4;0;3;24;0;2;1;1;1;1;1;1;0.5;0.5;0;0
17;37;2;209;1;1;0;0;0;0;0;0;0;0;0;0;23;0;2;1;1;1;1;1;1;0.5;0.5;0;2
17;38;2;217;1;1;0;0;0;0;0;0;0;0;0;0;26;0;2;1;1;1;1;1;1;0.5;0.5;0;2
17;39;13;220;1;1;0;0;0;0;0;0;0;0;0;0;6;13;2;1;1;1;1;1;1;0.5;0.5;0;0
17;40;19;221;1;1;0;11;1;0;0.0968181818181819;0;0.903181818181818;11;7;11;29;0;2;1;1;1;1;1;1;0.5;0.5;0;0
17;41;7;221;1;1;0;1;0;1;0;1;0;0;0;0;26;0;2;1;1;1;1;1;1;0.5;0.5;0;0
17;42;20;222;1;1;0;9;1;3;0.111111111111111;0.333333333333333;0.555555555555555;4;2;2;22;0;2;1;1;1;1;1;1;0.5;0.5;0;0
17;43;14;224;2;2;0;28;2;1;0.0730158730158729;0.0365079365079365;0.89047619047619;24;26;40;44;0;2;1;0;1;0;0;0;0.5;0;0;1
17;45;21;234;2;2;0;22;1;0;0.0474025974025974;0;0.952597402597402;21;13;25;6;21;2;1;0;1;0;0;0;0.5;0;0;1
17;49;3;240;2;2;0;38;0;0;0;0;1;38;70;70;10;51;2;1;0;1;0;0;0;0.5;0;0;2
17;57;18;253;1;1;0;4;0;0;0;0;1;4;0;6;7;23;2;1;1;1;1;1;1;0.5;0.5;0;0
17;58;7;254;1;1;0;19;2;0;0.114761781905744;0;0.885238218094255;16;16;17;26;0;2;1;1;1;1;1;1;0.5;0.5;0;1
17;63;9;263;2;2;0;10;1;4;0.1;0.4;0.5;5;0;5;7;74;2;0;0;0;0;0;0;0;0;0;0
17;82;29;294;1;1;0;1;0;0;0;0;1;1;1;1;7;23;2;1;1;1;1;1;1;0.5;0.5;0;0
17;85;10;300;3;3;0;4;0;1;0;0.25;0.75;3;0;2;33;0;2;22;6;22;21;6;21;11;10.5;0;1
17;91;27;318;3;3;0;4;0;0;0;0;1;1;6;6;14;0;2;38;8;38;38;8;38;19;19;0;1
17;94;16;321;2;2;0;7;1;0;0.142857142857142;0;0.857142857142857;6;6;8;19;0;2;1;0;1;0;0;0;0.5;0;0;0
17;104;68;340;2;2;0;6;1;0;0.166666666666666;0;0.833333333333333;4;6;6;7;21;2;1;0;1;0;0;0;0.5;0;0;0
17;132;19;403;1;1;0;6;0;1;0;0.125;0.875;5;2;6;24;0;2;1;1;1;1;1;1;0.5;0.5;0;0
17;134;35;407;4;4;0;10;0;1;0;0.1;0.9;7;1;3;31;0;2;4;4;4;1;1;1;2;0.5;0;0
17;144;68;419;4;4;0;1;0;1;0;1;0;0;0;0;7;41;2;4;1;4;3;1;3;2;1.5;0;0
17;184;13;532;1;1;0;10;1;1;0.1;0.1;0.8;9;10;12;7;59;2;1;1;1;1;1;1;0.5;0.5;0;0
17;189;28;546;3;3;0;2;0;1;0;0.5;0.5;0;0;0;15;10;2;28;21;28;24;18;24;14;12;0;2
17;195;14;577;4;4;0;20;1;0;0.05;0;0.95;16;24;24;39;0;2;2;0;2;0;0;0;1;0;0;0
17;196;68;579;2;2;0;21;2;2;0.0756015037593985;0.101917293233082;0.822481203007518;17;14;16;7;34;2;1;1;1;0;0;0;0.5;0;0;0
17;214;18;615;2;2;0;9;2;0;0.226388888888889;0;0.77361111111111;8;15;16;53;0;2;0;0;0;0;0;0;0;0;0;0
17;222;35;634;4;4;0;4;0;1;0;0.25;0.75;2;1;2;23;0;2;2;1;2;0;0;0;1;0;0;1
17;260;35;731;1;5;0;1;0;0;0;0;1;1;1;1;21;0;4;5;1;4;3;1;2;1.25;0.75;1;1
17;270;19;772;1;1;0;8;0;4;0;0.514285714285714;0.485714285714286;4;4;5;39;0;2;1;1;1;1;1;1;0.5;0.5;0;1
17;275;35;795;1;6;0;9;2;1;0.243452380952381;0.0333333333333333;0.723214285714285;5;5;5;38;0;6;3;1;1;2;0;1;0.5;0.333333333333333;1;0
17;284;13;812;3;3;0;0;0;0;0;0;0;0;0;0;33;0;2;38;29;38;38;29;38;19;19;0;1
17;296;29;836;2;2;0;0;0;0;0;0;0;0;0;0;7;0;2;8;2;8;4;2;4;4;2;0;0
17;310;19;898;1;1;0;5;1;0;0.2225;0;0.7775;3;5;5;65;0;2;1;1;1;1;1;1;0.5;0.5;0;0
17;314;68;912;4;4;0;1;0;0;0;0;1;1;1;1;7;59;2;0;0;0;0;0;0;0;0;0;0
17;327;11;937;2;2;0;8;0;0;0;0;1;7;11;11;60;0;2;0;0;0;0;0;0;0;0;0;0
17;343;31;985;1;1;0;6;3;2;0.595;0.206666666666667;0.198333333333333;1;2;2;43;0;2;1;1;1;1;1;1;0.5;0.5;0;0
17;345;35;989;1;2;0;0;0;0;0;0;0;0;0;0;53;0;4;1;0;1;1;0;1;0.25;0.25;0;0
17;353;13;1003;2;2;0;2;1;0;0.5;0;0.5;1;1;1;28;0;2;19;16;19;16;14;16;9.5;8;0;0
17;374;13;1062;1;1;0;0;0;0;0;0;0;0;0;0;7;46;2;1;1;1;1;1;1;0.5;0.5;0;0
18;1;0;0;0;0;0;1;0;0;0;0;1;1;1;1;15;0;0;0;-1;0;0;-1;0;0;0;0;20
18;34;2;186;1;1;0;1;1;0;1;0;0;0;0;0;19;0;2;1;1;1;1;1;1;0.5;0.5;0;7
18;36;2;198;1;1;0;5;0;1;0;0.2;0.8;4;0;3;24;0;2;1;1;1;1;1;1;0.5;0.5;0;0
18;37;2;209;1;1;0;0;0;0;0;0;0;0;0;0;23;0;2;1;1;1;1;1;1;0.5;0.5;0;2
18;38;2;217;1;1;0;0;0;0;0;0;0;0;0;0;26;0;2;1;1;1;1;1;1;0.5;0.5;0;2
18;39;13;220;1;1;0;0;0;0;0;0;0;0;0;0;6;13;2;1;1;1;1;1;1;0.5;0.5;0;0
18;40;19;221;1;1;0;11;1;0;0.0909090909090909;0;0.909090909090909;11;5;11;29;0;2;1;1;1;1;1;1;0.5;0.5;0;0
18;41;7;221;1;1;0;1;0;1;0;1;0;0;0;0;26;0;2;1;1;1;1;1;1;0.5;0.5;0;0
18;42;20;222;1;1;0;9;1;3;0.111111111111111;0.333333333333333;0.555555555555555;4;2;2;22;0;2;1;1;1;1;1;1;0.5;0.5;0;0
18;43;14;224;2;2;0;31;2;1;0.0672337455560644;0.0336168727780322;0.899149381665903;27;22;40;44;0;2;1;0;1;0;0;0;0.5;0;0;1
18;45;21;234;2;2;0;22;1;0;0.0454545454545454;0;0.954545454545454;21;12;25;6;21;2;1;0;1;0;0;0;0.5;0;0;1
18;49;3;240;2;2;0;38;0;0;0;0;1;38;65;70;10;51;2;1;0;1;0;0;0;0.5;0;0;2
18;57;18;253;1;1;0;4;0;0;0;0;1;4;0;6;7;23;2;1;1;1;1;1;1;0.5;0.5;0;0
18;58;7;254;1;1;0;19;2;0;0.105263157894736;0;0.894736842105263;16;15;17;26;0;2;1;1;1;1;1;1;0.5;0.5;0;1
18;63;9;263;2;2;0;10;1;4;0.1;0.4;0.5;5;0;5;7;74;2;0;0;0;0;0;0;0;0;0;0
18;82;29;294;1;1;0;1;0;0;0;0;1;1;1;1;7;23;2;1;1;1;1;1;1;0.5;0.5;0;0
18;85;10;300;3;3;0;4;0;1;0;0.25;0.75;3;0;2;33;0;2;22;6;22;21;6;21;11;10.5;0;1
18;91;27;318;3;3;0;4;0;0;0;0;1;1;6;6;14;0;2;38;8;38;38;8;38;19;19;0;1
18;94;16;321;2;2;0;7;1;0;0.142857142857142;0;0.857142857142857;6;6;8;19;0;2;1;0;1;0;0;0;0.5;0;0;0
18;104;68;340;2;2;0;7;1;0;0.161064425770307;0;0.838935574229691;4;6;6;7;21;2;1;0;1;0;0;0;0.5;0;0;0
18;132;19;403;1;1;0;6;0;1;0;0.166666666666666;0.833333333333333;5;2;6;24;0;2;1;1;1;1;1;1;0.5;0.5;0;0
18;134;35;407;4;4;0;10;0;1;0;0.1;0.9;7;1;3;31;0;2;4;4;4;1;1;1;2;0.5;0;0
18;144;68;419;4;4;0;1;0;1;0;1;0;0;0;0;7;41;2;4;1;4;3;1;3;2;1.5;0;0
18;184;13;532;1;1;0;10;1;1;0.1;0.1;0.8;9;10;12;7;59;2;1;1;1;1;1;1;0.5;0.5;0;0
18;189;28;546;3;3;0;3;0;2;0;0.588235294117647;0.411764705882353;0;0;0;15;10;2;31;21;31;27;18;27;15.5;13.5;0;2
18;195;14;577;4;4;0;20;1;0;0.05;0;0.95;16;24;24;39;0;2;3;0;3;0;0;0;1.5;0;0;0
18;196;68;579;2;2;0;22;2;2;0.0919276801629742;0.0919276801629742;0.816144639674051;18;15;16;7;34;2;1;1;1;0;0;0;0.5;0;0;0
18;214;18;615;2;2;0;9;2;0;0.222222222222222;0;0.777777777777777;8;14;16;53;0;2;0;0;0;0;0;0;0;0;0;0
18;222;35;634;4;4;0;5;0;1;0;0.205882352941176;0.794117647058824;2;1;2;23;0;2;3;1;3;0;0;0;1.5;0;0;2
18;260;35;731;1;5;0;1;0;0;0;0;1;1;1;1;21;0;4;6;1;5;3;1;2;1.5;0.75;1;1
18;270;19;772;1;1;0;8;0;4;0;0.5;0.5;4;2;5;39;0;2;1;1;1;1;1;1;0.5;0.5;0;1
18;275;35;795;1;6;0;9;2;1;0.222222222222222;0.111111111111111;0.666666666666666;5;5;5;38;0;6;3;1;1;2;0;1;0.5;0.333333333333333;1;0
18;284;13;812;3;3;0;1;0;0;0;0;0.705882352941177;0;0;0;33;0;2;38;29;38;38;29;38;19;19;0;1
18;296;29;836;2;2;0;0;0;0;0;0;0;0;0;0;7;0;2;8;2;8;4;2;4;4;2;0;0
18;310;19;898;1;1;0;5;1;0;0.2;0;0.8;3;5;5;65;0;2;1;1;1;1;1;1;0.5;0.5;0;0
18;314;68;912;4;4;0;1;0;0;0;0;1;1;1;1;7;59;2;1;0;1;0;0;0;0.5;0;0;0
18;327;11;937;2;2;0;9;1;0;0.0392156862745098;0;0.96078431372549;8;14;14;60;0;2;0;0;0;0;0;0;0;0;0;0
18;343;31;985;1;1;0;9;4;2;0.409080298786181;0.25093370681606;0.339985994397759;2;2;2;43;0;2;1;1;1;1;1;1;0.5;0.5;0;0
18;345;35;989;1;2;0;3;1;0;0.186274509803922;0;0.46078431372549;1;1;1;53;0;4;1;0;1;1;0;1;0.25;0.25;0;0
18;353;13;1003;2;2;0;2;1;0;0.5;0;0.5;1;1;1;28;0;2;19;16;19;16;14;16;9.5;8;0;0
18;374;13;1062;1;1;0;1;0;0;0;0;0.470588235294118;1;1;1;7;46;2;1;1;1;1;1;1;0.5;0.5;0;0
18;395;11;1138;5;5;0;0;0;0;0;0;0;0;0;0;46;0;2;5;5;5;2;2;2;2.5;1;0;0
19;1;0;0;0;0;0;1;0;0;0;0;1;1;1;1;15;0;0;0;-1;0;0;-1;0;0;0;0;20
19;34;2;186;1;1;0;1;1;0;1;0;0;0;0;0;19;0;2;1;1;1;1;1;1;0.5;0.5;0;7
19;36;2;198;1;1;0;5;0;1;0;0.2;0.8;4;0;3;24;0;2;1;1;1;1;1;1;0.5;0.5;0;0
19;37;2;209;1;1;0;0;0;0;0;0;0;0;0;0;23;0;2;1;1;1;1;1;1;0.5;0.5;0;2
19;38;2;217;1;1;0;0;0;0;0;0;0;0;0;0;26;0;2;1;1;1;1;1;1;0.5;0.5;0;2
19;39;13;220;1;1;0;0;0;0;0;0;0;0;0;0;6;13;2;1;1;1;1;1;1;0.5;0.5;0;0
19;40;19;221;1;1;0;12;1;0;0.0848484848484848;0;0.915151515151514;12;5;11;29;0;2;1;1;1;1;1;1;0.5;0.5;0;0
19;41;7;221;1;1;0;1;0;1;0;1;0;0;0;0;26;0;2;1;1;1;1;1;1;0.5;0.5;0;0
19;42;20;222;1;1;0;9;1;3;0.111111111111111;0.333333333333333;0.555555555555555;4;2;2;22;0;2;1;1;1;1;1;1;0.5;0.5;0;0
19;43;14;224;2;2;0;32;2;1;0.0630376344086021;0.0315188172043011;0.905443548387097;28;21;40;44;0;2;1;0;1;0;0;0;0.5;0;0;1
19;45;21;234;2;2;0;22;1;0;0.0454545454545454;0;0.954545454545454;21;12;25;6;21;2;1;0;1;0;0;0;0.5;0;0;1
19;49;3;240;2;2;0;39;0;0;0;0;1;39;71;71;10;51;2;1;0;1;0;0;0;0.5;0;0;2
19;57;18;253;1;1;0;4;0;0;0;0;1;4;0;6;7;23;2;1;1;1;1;1;1;0.5;0.5;0;0
19;58;7;254;1;1;0;19;2;0;0.105263157894736;0;0.894736842105263;16;15;17;26;0;2;1;1;1;1;1;1;0.5;0.5;0;1
19;63;9;263;2;2;0;10;1;4;0.1;0.4;0.5;5;0;5;7;74;2;0;0;0;0;0;0;0;0;0;0
19;82;29;294;1;1;0;1;0;0;0;0;1;1;1;1;7;23;2;1;1;1;1;1;1;0.5;0.5;0;0
19;85;10;300;3;3;0;4;0;1;0;0.25;0.75;3;0;2;33;0;2;22;6;22;21;6;21;11;10.5;0;1
19;91;27;318;3;3;0;4;0;0;0;0;1;1;6;6;14;0;2;39;8;39;39;8;39;19.5;19.5;0;1
19;94;16;321;2;2;0;8;1;0;0.126190476190476;0;0.873809523809524;7;6;8;19;0;2;1;0;1;0;0;0;0.5;0;0;0
19;104;68;340;2;2;0;7;1;0;0.142857142857142;0;0.857142857142857;4;6;6;7;21;2;1;0;1;0;0;0;0.5;0;0;0
19;132;19;403;1;1;0;6;0;1;0;0.166666666666666;0.833333333333333;5;2;6;24;0;2;1;1;1;1;1;1;0.5;0.5;0;0
19;134;35;407;4;4;0;10;0;1;0;0.1;0.9;7;1;3;31;0;2;4;4;4;1;1;1;2;0.5;0;0
19;144;68;419;4;4;0;1;0;1;0;1;0;0;0;0;7;41;2;4;1;4;3;1;3;2;1.5;0;0
19;184;13;532;1;1;0;11;1;2;0.0975757575757576;0.121818181818182;0.780606060606061;9;10;12;7;59;2;1;1;1;1;1;1;0.5;0.5;0;0
19;189;28;546;3;3;0;3;0;2;0;0.666666666666666;0.333333333333333;0;0;0;15;10;2;32;21;32;28;18;28;16;14;0;2
19;195;14;577;4;4;0;20;1;0;0.05;0;0.95;16;24;24;39;0;2;3;0;3;0;0;0;1.5;0;0;0
19;196;68;579;2;2;0;22;2;2;0.0909090909090909;0.0909090909090909;0.818181818181818;18;15;16;7;34;2;1;1;1;0;0;0;0.5;0;0;0
19;214;18;615;2;2;0;10;2;1;0.21037037037037;0.0533333333333333;0.736296296296296;8;14;16;53;0;2;0;0;0;0;0;0;0;0;0;0
19;222;35;634;4;4;0;5;0;1;0;0.2;0.8;2;1;2;23;0;2;3;1;3;0;0;0;1.5;0;0;2
19;260;35;731;1;5;0;1;0;0;0;0;1;1;1;1;21;0;4;6;1;5;3;1;2;1.5;0.75;1;1
19;270;19;772;1;1;0;9;0;4;0;0.462962962962963;0.537037037037037;5;2;5;39;0;2;1;1;1;1;1;1;0.5;0.5;0;1
19;275;35;795;1;6;0;11;2;1;0.209427609427609;0.104713804713805;0.685858585858586;6;6;6;38;0;6;3;1;1;2;0;1;0.5;0.333333333333333;1;0
19;284;13;812;3;3;0;1;0;0;0;0;1;0;0;0;33;0;2;39;29;39;39;29;39;19.5;19.5;0;1
19;296;29;836;2;2;0;0;0;0;0;0;0;0;0;0;7;0;2;9;2;9;5;2;5;4.5;2.5;0;0
19;310;19;898;1;1;0;5;1;0;0.2;0;0.8;3;5;5;65;0;2;1;1;1;1;1;1;0.5;0.5;0;0
19;314;68;912;4;4;0;1;0;0;0;0;1;1;1;1;7;59;2;1;0;1;0;0;0;0.5;0;0;0
19;327;11;937;2;2;0;9;1;0;0.111111111111111;0;0.888888888888888;8;14;14;60;0;2;0;0;0;0;0;0;0;0;0;0
19;343;31;985;1;1;0;9;4;2;0.444444444444444;0.222222222222222;0.333333333333333;2;1;2;43;0;2;1;1;1;1;1;1;0.5;0.5;0;0
19;345;35;989;1;2;0;3;1;0;0.333333333333333;0;0.666666666666666;1;1;1;53;0;4;1;0;1;1;0;1;0.25;0.25;0;0
19;353;13;1003;2;2;0;2;1;0;0.5;0;0.5;1;1;1;28;0;2;19;16;19;16;14;16;9.5;8;0;0
19;374;13;1062;1;1;0;3;0;1;0;0.466666666666667;0.533333333333333;2;1;1;7;46;2;1;1;1;1;1;1;0.5;0.5;0;0
19;395;11;1138;5;5;0;4;2;0;0.188888888888889;0;0.677777777777778;3;4;4;46;0;2;5;5;5;2;2;2;2.5;1;0;0
20;1;0;0;0;0;0;2;0;0;0;0;1;1;1;1;15;0;0;0;-1;0;0;-1;0;0;0;0;21
20;34;2;186;1;1;0;1;1;0;1;0;0;0;0;0;19;0;2;2;1;2;1;1;1;1;0.5;0;7
20;36;2;198;1;1;0;5;0;1;0;0.2;0.8;4;0;3;24;0;2;2;1;2;1;1;1;1;0.5;0;0
20;37;2;209;1;1;0;0;0;0;0;0;0;0;0;0;23;0;2;2;1;2;1;1;1;1;0.5;0;2
20;38;2;217;1;1;0;0;0;0;0;0;0;0;0;0;26;0;2;2;1;2;1;1;1;1;0.5;0;2
20;39;13;220;1;1;0;0;0;0;0;0;0;0;0;0;6;13;2;2;1;2;1;1;1;1;0.5;0;0
20;40;19;221;1;1;0;12;1;0;0.0833333333333333;0;0.916666666666666;12;3;11;29;0;2;2;1;2;1;1;1;1;0.5;0;0
20;41;7;221;1;1;0;1;0;1;0;1;0;0;0;0;26;0;2;2;1;2;1;1;1;1;0.5;0;0
20;42;20;222;1;1;0;9;1;3;0.111111111111111;0.333333333333333;0.555555555555555;4;2;2;22;0;2;2;1;2;1;1;1;1;0.5;0;0
20;43;14;224;2;2;0;32;2;1;0.0625;0.03125;0.90625;28;21;40;44;0;2;1;0;1;0;0;0;0.5;0;0;1
20;45;21;234;2;2;0;22;1;0;0.0454545454545454;0;0.954545454545454;21;12;25;6;21;2;1;0;1;0;0;0;0.5;0;0;1
20;49;3;240;2;2;0;39;0;0;0;0;1;39;71;71;10;51;2;1;0;1;0;0;0;0.5;0;0;2
20;57;18;253;1;1;0;4;0;0;0;0;1;4;0;6;7;23;2;2;1;2;1;1;1;1;0.5;0;0
20;58;7;254;1;1;0;19;2;0;0.105263157894736;0;0.894736842105263;16;15;17;26;0;2;2;1;2;1;1;1;1;0.5;0;1
20;63;9;263;2;2;0;10;1;4;0.1;0.4;0.5;5;0;5;7;74;2;0;0;0;0;0;0;0;0;0;0
20;82;29;294;1;1;0;1;0;0;0;0;1;1;1;1;7;23;2;2;1;2;1;1;1;1;0.5;0;0
20;85;10;300;3;3;0;4;0;1;0;0.25;0.75;3;0;2;33;0;2;22;6;22;21;6;21;11;10.5;0;1
20;91;27;318;3;3;0;4;0;0;0;0;1;1;6;6;14;0;2;39;8;39;39;8;39;19.5;19.5;0;1
20;94;16;321;2;2;0;8;1;0;0.125;0;0.875;7;5;8;19;0;2;1;0;1;0;0;0;0.5;0;0;0
20;104;68;340;2;2;0;7;1;0;0.142857142857142;0;0.857142857142857;4;6;6;7;21;2;1;0;1;0;0;0;0.5;0;0;0
20;132;19;403;1;1;0;6;0;1;0;0.166666666666666;0.833333333333333;5;2;6;24;0;2;2;1;2;1;1;1;1;0.5;0;0
20;134;35;407;4;4;0;10;0;1;0;0.1;0.9;7;1;3;31;0;2;4;4;4;1;1;1;2;0.5;0;0
20;144;68;419;4;4;0;1;0;1;0;1;0;0;0;0;7;41;2;4;1;4;3;1;3;2;1.5;0;0
20;184;13;532;1;1;0;12;1;3;0.0833333333333333;0.25;0.666666666666666;9;10;12;7;59;2;2;1;2;1;1;1;1;0.5;0;0
20;189;28;546;3;3;0;3;0;2;0;0.666666666666666;0.333333333333333;0;0;0;15;10;2;32;21;32;28;18;28;16;14;0;2
20;195;14;577;4;4;0;20;1;0;0.05;0;0.95;16;24;24;39;0;2;3;0;3;0;0;0;1.5;0;0;0
20;196;68;579;2;2;0;23;2;2;0.0901185770750988;0.0901185770750988;0.819762845849802;18;15;16;7;34;2;1;1;1;0;0;0;0.5;0;0;0
20;214;18;615;2;2;0;10;2;1;0.2;0.1;0.7;8;14;16;53;0;2;0;0;0;0;0;0;0;0;0;0
20;222;35;634;4;4;0;5;0;1;0;0.2;0.8;2;1;2;23;0;2;3;1;3;0;0;0;1.5;0;0;2
20;260;35;731;1;5;0;1;0;0;0;0;1;1;1;1;21;0;4;7;1;5;3;1;2;1.75;0.75;1;1
20;270;19;772;1;1;0;10;1;4;0.04;0.426666666666666;0.533333333333333;5;1;5;39;0;2;2;1;2;1;1;1;1;0.5;0;1
20;275;35;795;1;6;0;11;2;1;0.181818181818181;0.0909090909090909;0.727272727272727;6;6;6;38;0;6;4;1;2;2;0;1;0.666666666666666;0.333333333333333;1;0
20;284;13;812;3;3;0;1;0;0;0;0;1;0;0;0;33;0;2;39;29;39;39;29;39;19.5;19.5;0;1
20;296;29;836;2;2;0;0;0;0;0;0;0;0;0;0;7;0;2;10;2;10;5;2;5;5;2.5;0;0
20;310;19;898;1;1;0;5;1;0;0.2;0;0.8;3;5;5;65;0;2;2;1;2;1;1;1;1;0.5;0;0
20;314;68;912;4;4;0;3;0;0;0;0;1;2;3;3;7;59;2;1;0;1;0;0;0;0.5;0;0;0
20;327;11;937;2;2;0;9;1;0;0.111111111111111;0;0.888888888888888;8;14;14;60;0;2;0;0;0;0;0;0;0;0;0;0
20;343;31;985;1;1;0;9;4;2;0.444444444444444;0.222222222222222;0.333333333333333;2;1;2;43;0;2;2;1;2;1;1;1;1;0.5;0;0
20;345;35;989;1;2;0;3;1;0;0.333333333333333;0;0.666666666666666;1;1;1;53;0;4;2;0;2;1;0;1;0.5;0.25;0;0
20;353;13;1003;2;2;0;2;1;0;0.5;0;0.5;1;1;1;28;0;2;19;16;19;16;14;16;9.5;8;0;0
20;374;13;1062;1;1;0;5;0;2;0;0.356666666666667;0.643333333333333;3;1;1;7;46;2;2;1;2;1;1;1;1;0.5;0;0
20;395;11;1138;5;5;0;5;3;0;0.55;0;0.45;4;5;5;46;0;2;5;5;5;2;2;2;2.5;1;0;0
20;414;35;1216;1;1;0;0;0;0;0;0;0;0;0;0;62;0;2;2;1;2;1;1;1;1;0.5;0;0
21;1;0;0;0;0;0;2;0;0;0;0;1;1;1;1;15;0;0;0;-1;0;0;-1;0;0;0;0;21
21;34;2;186;1;1;0;1;1;0;1;0;0;0;0;0;19;0;2;2;1;2;1;1;1;1;0.5;0;7
21;36;2;198;1;1;0;5;0;1;0;0.2;0.8;4;0;3;24;0;2;2;1;2;1;1;1;1;0.5;0;0
21;37;2;209;1;1;0;0;0;0;0;0;0;0;0;0;23;0;2;2;1;2;1;1;1;1;0.5;0;2
21;38;2;217;1;1;0;0;0;0;0;0;0;0;0;0;26;0;2;2;1;2;1;1;1;1;0.5;0;2
21;39;13;220;1;1;0;0;0;0;0;0;0;0;0;0;6;13;2;2;1;2;1;1;1;1;0.5;0;0
21;40;19;221;1;1;0;12;1;0;0.0833333333333333;0;0.916666666666666;12;3;11;29;0;2;2;1;2;1;1;1;1;0.5;0;0
21;41;7;221;1;1;0;1;0;1;0;1;0;0;0;0;26;0;2;2;1;2;1;1;1;1;0.5;0;0
21;42;20;222;1;1;0;9;1;3;0.111111111111111;0.333333333333333;0.555555555555555;4;2;2;22;0;2;2;1;2;1;1;1;1;0.5;0;0
21;43;14;224;2;2;0;32;2;1;0.0625;0.03125;0.90625;28;21;40;44;0;2;1;0;1;0;0;0;0.5;0;0;1
21;45;21;234;2;2;0;22;1;0;0.0454545454545454;0;0.954545454545454;21;12;25;6;21;2;1;0;1;0;0;0;0.5;0;0;1
21;49;3;240;2;2;0;42;1;0;0.0105820105820106;0;0.989417989417989;41;69;71;10;51;2;1;0;1;0;0;0;0.5;0;0;2
21;57;18;253;1;1;0;4;0;0;0;0;1;4;0;6;7;23;2;2;1;2;1;1;1;1;0.5;0;0
21;58;7;254;1;1;0;19;2;0;0.105263157894736;0;0.894736842105263;16;15;17;26;0;2;2;1;2;1;1;1;1;0.5;0;1
21;63;9;263;2;2;0;10;1;4;0.1;0.4;0.5;5;0;5;7;74;2;0;0;0;0;0;0;0;0;0;0
21;82;29;294;1;1;0;1;0;0;0;0;1;1;1;1;7;23;2;2;1;2;1;1;1;1;0.5;0;0
21;85;10;300;3;3;0;4;0;1;0;0.25;0.75;3;0;2;33;0;2;22;6;22;21;6;21;11;10.5;0;1
21;91;27;318;3;3;0;5;0;0;0;0;1;1;6;6;14;0;2;42;8;42;41;8;41;21;20.5;0;1
21;94;16;321;2;2;0;8;1;0;0.125;0;0.875;7;5;8;19;0;2;1;0;1;0;0;0;0.5;0;0;0
21;104;68;340;2;2;0;7;1;0;0.142857142857142;0;0.857142857142857;4;6;6;7;21;2;1;0;1;0;0;0;0.5;0;0;0
21;132;19;403;1;1;0;6;0;1;0;0.166666666666666;0.833333333333333;5;2;6;24;0;2;2;1;2;1;1;1;1;0.5;0;0
21;134;35;407;4;4;0;10;0;1;0;0.1;0.9;7;1;3;31;0;2;5;4;5;1;1;1;2.5;0.5;0;0
21;144;68;419;4;4;0;1;0;1;0;1;0;0;0;0;7;41;2;4;1;4;3;1;3;2;1.5;0;0
21;184;13;532;1;1;0;12;1;3;0.0833333333333333;0.25;0.666666666666666;9;10;12;7;59;2;2;1;2;1;1;1;1;0.5;0;0
21;189;28;546;3;3;0;3;0;2;0;0.666666666666666;0.333333333333333;0;0;0;15;10;2;32;21;32;28;18;28;16;14;0;2
21;195;14;577;4;4;0;20;1;0;0.05;0;0.95;16;24;24;39;0;2;3;0;3;0;0;0;1.5;0;0;0
21;196;68;579;2;2;0;24;2;2;0.0841384863123993;0.0841384863123993;0.831723027375201;18;15;16;7;34;2;1;1;1;0;0;0;0.5;0;0;0
21;214;18;615;2;2;0;10;2;1;0.2;0.1;0.7;8;14;16;53;0;2;0;0;0;0;0;0;0;0;0;0
21;222;35;634;4;4;0;5;0;1;0;0.2;0.8;2;1;2;23;0;2;3;1;3;0;0;0;1.5;0;0;2
21;260;35;731;1;5;0;1;0;0;0;0;1;1;1;1;21;0;4;7;1;5;3;1;2;1.75;0.75;1;1
21;270;19;772;1;1;0;10;1;4;0.1;0.4;0.5;5;1;5;39;0;2;2;1;2;1;1;1;1;0.5;0;1
21;275;35;795;1;6;0;11;2;1;0.181818181818181;0.0909090909090909;0.727272727272727;6;6;6;38;0;6;4;1;2;2;0;1;0.666666666666666;0.333333333333333;1;0
21;284;13;812;3;3;0;1;0;0;0;0;1;0;0;0;33;0;2;42;29;42;41;29;41;21;20.5;0;1
21;296;29;836;2;2;0;0;0;0;0;0;0;0;0;0;7;0;2;10;2;10;5;2;5;5;2.5;0;0
21;310;19;898;1;1;0;6;2;0;0.318518518518518;0;0.681481481481481;4;7;7;65;0;2;2;1;2;1;1;1;1;0.5;0;0
21;314;68;912;4;4;0;3;0;0;0;0;1;2;3;3;7;59;2;1;0;1;0;0;0;0.5;0;0;0
21;327;11;937;2;2;0;10;1;0;0.104938271604938;0;0.895061728395061;9;15;15;60;0;2;0;0;0;0;0;0;0;0;0;0
21;343;31;985;1;1;0;9;4;2;0.444444444444444;0.222222222222222;0.333333333333333;2;1;2;43;0;2;2;1;2;1;1;1;1;0.5;0;0
21;345;35;989;1;2;0;3;1;0;0.333333333333333;0;0.666666666666666;1;1;1;53;0;4;2;0;2;1;0;1;0.5;0.25;0;0
21;353;13;1003;2;2;0;2;1;0;0.5;0;0.5;1;1;1;28;0;2;19;16;19;16;14;16;9.5;8;0;0
21;374;13;1062;1;1;0;5;0;2;0;0.4;0.6;3;1;1;7;46;2;2;1;2;1;1;1;1;0.5;0;0
21;395;11;1138;5;5;0;5;3;0;0.6;0;0.4;4;5;5;46;0;2;5;5;5;2;2;2;2.5;1;0;0
21;414;35;1216;1;1;0;2;0;0;0;0;0.333333333333333;1;1;1;62;0;2;2;1;2;1;1;1;1;0.5;0;0
22;1;0;0;0;0;0;2;0;0;0;0;1;1;1;1;15;0;0;0;-1;0;0;-1;0;0;0;0;21
22;34;2;186;1;1;0;1;1;0;1;0;0;0;0;0;19;0;2;2;1;2;1;1;1;1;0.5;0;7
22;36;2;198;1;1;0;5;0;1;0;0.2;0.8;4;0;3;24;0;2;2;1;2;1;1;1;1;0.5;0;0
22;37;2;209;1;1;0;0;0;0;0;0;0;0;0;0;23;0;2;2;1;2;1;1;1;1;0.5;0;2
22;38;2;217;1;1;0;0;0;0;0;0;0;0;0;0;26;0;2;2;1;2;1;1;1;1;0.5;0;2
22;39;13;220;1;1;0;0;0;0;0;0;0;0;0;0;6;13;2;2;1;2;1;1;1;1;0.5;0;0
22;40;19;221;1;1;0;12;1;0;0.0833333333333333;0;0.916666666666666;12;3;11;29;0;2;2;1;2;1;1;1;1;0.5;0;0
22;41;7;221;1;1;0;1;0;1;0;1;0;0;0;0;26;0;2;2;1;2;1;1;1;1;0.5;0;0
22;42;20;222;1;1;0;9;1;3;0.111111111111111;0.333333333333333;0.555555555555555;4;2;2;22;0;2;2;1;2;1;1;1;1;0.5;0;0
22;43;14;224;2;2;0;34;2;1;0.0617887014945838;0.0308943507472919;0.907316947758124;29;22;40;44;0;2;1;0;1;0;0;0;0.5;0;0;1
22;45;21;234;2;2;0;22;1;0;0.0454545454545454;0;0.954545454545454;21;12;25;6;21;2;1;0;1;0;0;0;0.5;0;0;1
22;49;3;240;2;2;0;42;1;0;0.0238095238095238;0;0.976190476190476;41;68;71;10;51;2;1;0;1;0;0;0;0.5;0;0;2
22;57;18;253;1;1;0;4;0;0;0;0;1;4;0;6;7;23;2;2;1;2;1;1;1;1;0.5;0;0
22;58;7;254;1;1;0;19;2;0;0.105263157894736;0;0.894736842105263;16;15;17;26;0;2;2;1;2;1;1;1;1;0.5;0;1
22;63;9;263;2;2;0;10;1;4;0.1;0.4;0.5;5;0;5;7;74;2;0;0;0;0;0;0;0;0;0;0
22;82;29;294;1;1;0;1;0;0;0;0;1;1;1;1;7;23;2;2;1;2;1;1;1;1;0.5;0;0
22;85;10;300;3;3;0;5;1;1;0.0769230769230769;0.230769230769231;0.692307692307692;4;3;3;33;0;2;22;6;22;21;6;21;11;10.5;0;1
22;91;27;318;3;3;0;5;0;0;0;0;1;1;6;6;14;0;2;42;8;42;41;8;41;21;20.5;0;1
22;94;16;321;2;2;0;9;1;0;0.120726495726496;0;0.879273504273504;8;5;8;19;0;2;1;0;1;0;0;0;0.5;0;0;0
22;104;68;340;2;2;0;7;1;0;0.142857142857142;0;0.857142857142857;4;6;6;7;21;2;1;0;1;0;0;0;0.5;0;0;0
22;132;19;403;1;1;0;7;1;1;0.0769230769230765;0.153846153846153;0.769230769230769;5;2;6;24;0;2;2;1;2;1;1;1;1;0.5;0;0
22;134;35;407;4;4;0;11;0;2;0;0.169230769230769;0.830769230769231;7;1;3;31;0;2;5;4;5;1;1;1;2.5;0.5;0;0
22;144;68;419;4;4;0;1;0;1;0;1;0;0;0;0;7;41;2;5;1;5;4;1;4;2.5;2;0;0
22;184;13;532;1;1;0;13;1;4;0.0788954635108481;0.289940828402366;0.631163708086785;9;10;12;7;59;2;2;1;2;1;1;1;1;0.5;0;0
22;189;28;546;3;3;0;3;0;2;0;0.666666666666666;0.333333333333333;0;0;0;15;10;2;34;21;34;29;18;29;17;14.5;0;2
22;195;14;577;4;4;0;21;1;0;0.0476190476190476;0;0.952380952380952;16;24;24;39;0;2;3;0;3;0;0;0;1.5;0;0;0
22;196;68;579;2;2;0;25;3;2;0.117179487179487;0.0802564102564103;0.802564102564103;18;15;16;7;34;2;1;1;1;0;0;0;0.5;0;0;0
22;214;18;615;2;2;0;10;2;1;0.2;0.1;0.7;8;14;16;53;0;2;0;0;0;0;0;0;0;0;0;0
22;222;35;634;4;4;0;5;0;1;0;0.2;0.8;2;1;2;23;0;2;3;1;3;0;0;0;1.5;0;0;2
22;260;35;731;1;5;0;1;0;0;0;0;1;1;1;1;21;0;4;7;1;5;3;1;2;1.75;0.75;1;1
22;270;19;772;1;1;0;10;1;4;0.1;0.4;0.5;5;1;5;39;0;2;2;1;2;1;1;1;1;0.5;0;1
22;275;35;795;1;6;0;12;3;1;0.213286713286713;0.0874125874125874;0.699300699300699;6;6;6;38;0;6;4;1;2;2;0;1;0.666666666666666;0.333333333333333;1;0
22;284;13;812;3;3;0;1;0;0;0;0;1;0;0;0;33;0;2;42;29;42;41;29;41;21;20.5;0;1
22;296;29;836;2;2;0;0;0;0;0;0;0;0;0;0;7;0;2;10;2;10;5;2;5;5;2.5;0;0
22;310;19;898;1;1;0;7;2;0;0.296703296703296;0;0.703296703296703;5;7;7;65;0;2;2;1;2;1;1;1;1;0.5;0;0
22;314;68;912;4;4;0;3;0;0;0;0;1;2;3;3;7;59;2;1;0;1;0;0;0;0.5;0;0;0
22;327;11;937;2;2;0;10;1;0;0.1;0;0.9;9;15;15;60;0;2;0;0;0;0;0;0;0;0;0;0
22;343;31;985;1;1;0;9;4;2;0.444444444444444;0.222222222222222;0.333333333333333;2;1;2;43;0;2;2;1;2;1;1;1;1;0.5;0;0
22;345;35;989;1;2;0;3;1;0;0.333333333333333;0;0.666666666666666;1;1;1;53;0;4;2;0;2;1;0;1;0.5;0.25;0;0
22;353;13;1003;2;2;0;2;1;0;0.5;0;0.5;1;1;1;28;0;2;19;16;19;16;14;16;9.5;8;0;0
22;374;13;1062;1;1;0;5;0;2;0;0.4;0.6;3;1;1;7;46;2;2;1;2;1;1;1;1;0.5;0;0
22;395;11;1138;5;5;0;5;3;0;0.6;0;0.4;4;5;5;46;0;2;5;5;5;2;2;2;2.5;1;0;0
22;414;35;1216;1;1;0;4;1;0;0.0192307692307692;0;0.980769230769231;1;1;1;62;0;2;2;1;2;1;1;1;1;0.5;0;0
23;1;0;0;0;0;0;2;0;0;0;0;1;1;1;1;15;0;0;0;-1;0;0;-1;0;0;0;0;21
23;34;2;186;1;1;0;1;1;0;1;0;0;0;0;0;19;0;2;2;1;2;1;1;1;1;0.5;0;7
23;36;2;198;1;1;0;6;0;1;0;0.195238095238095;0.804761904761905;4;0;3;24;0;2;2;1;2;1;1;1;1;0.5;0;0
23;37;2;209;1;1;0;0;0;0;0;0;0;0;0;0;23;0;2;2;1;2;1;1;1;1;0.5;0;2
23;38;2;217;1;1;0;0;0;0;0;0;0;0;0;0;26;0;2;2;1;2;1;1;1;1;0.5;0;2
23;39;13;220;1;1;0;0;0;0;0;0;0;0;0;0;6;13;2;2;1;2;1;1;1;1;0.5;0;0
23;40;19;221;1;1;0;12;1;0;0.0833333333333333;0;0.916666666666666;12;3;11;29;0;2;2;1;2;1;1;1;1;0.5;0;0
23;41;7;221;1;1;0;1;0;1;0;1;0;0;0;0;26;0;2;2;1;2;1;1;1;1;0.5;0;0
23;42;20;222;1;1;0;9;1;3;0.111111111111111;0.333333333333333;0.555555555555555;4;2;2;22;0;2;2;1;2;1;1;1;1;0.5;0;0
23;43;14;224;2;2;0;35;2;1;0.0573829531812725;0.0286914765906362;0.913925570228091;30;22;40;44;0;2;1;0;1;0;0;0;0.5;0;0;1
23;45;21;234;2;2;0;22;1;0;0.0454545454545454;0;0.954545454545454;21;12;25;6;21;2;1;0;1;0;0;0;0.5;0;0;1
23;49;3;240;2;2;0;43;1;0;0.0232558139534883;0;0.976744186046511;42;70;71;10;51;2;1;0;1;0;0;0;0.5;0;0;2
23;57;18;253;1;1;0;5;0;1;0;0.142857142857143;0.857142857142857;4;0;6;7;23;2;2;1;2;1;1;1;1;0.5;0;0
23;58;7;254;1;1;0;20;2;0;0.102255639097744;0;0.897744360902256;17;15;17;26;0;2;2;1;2;1;1;1;1;0.5;0;1
23;63;9;263;2;2;0;10;1;4;0.1;0.4;0.5;5;0;5;7;74;2;0;0;0;0;0;0;0;0;0;0
23;82;29;294;1;1;0;1;0;0;0;0;1;1;1;1;7;23;2;2;1;2;1;1;1;1;0.5;0;0
23;85;10;300;3;3;0;5;1;1;0.2;0.2;0.6;4;3;3;33;0;2;22;6;22;21;6;21;11;10.5;0;1
23;91;27;318;3;3;0;5;0;0;0;0;1;1;6;6;14;0;2;43;8;43;42;8;42;21.5;21;0;1
23;94;16;321;2;2;0;9;1;0;0.111111111111111;0;0.888888888888888;8;4;8;19;0;2;1;0;1;0;0;0;0.5;0;0;0
23;104;68;340;2;2;0;7;1;0;0.142857142857142;0;0.857142857142857;4;6;6;7;21;2;1;0;1;0;0;0;0.5;0;0;0
23;132;19;403;1;1;0;7;1;1;0.142857142857142;0.142857142857142;0.714285714285714;5;2;6;24;0;2;2;1;2;1;1;1;1;0.5;0;0
23;134;35;407;4;4;0;11;0;2;0;0.181818181818181;0.818181818181818;7;1;3;31;0;2;5;4;5;1;1;1;2.5;0.5;0;0
23;144;68;419;4;4;0;1;0;1;0;1;0;0;0;0;7;41;2;5;1;5;4;1;4;2.5;2;0;0
23;184;13;532;1;1;0;13;1;4;0.0769230769230769;0.307692307692307;0.615384615384615;9;10;12;7;59;2;2;1;2;1;1;1;1;0.5;0;0
23;189;28;546;3;3;0;3;0;2;0;0.666666666666666;0.333333333333333;0;0;0;15;10;2;35;21;35;30;18;30;17.5;15;0;2
23;195;14;577;4;4;0;21;1;0;0.0476190476190476;0;0.952380952380952;16;24;24;39;0;2;3;0;3;0;0;0;1.5;0;0;0
23;196;68;579;2;2;0;25;3;2;0.12;0.08;0.8;18;15;16;7;34;2;1;1;1;0;0;0;0.5;0;0;0
23;214;18;615;2;2;0;10;2;1;0.2;0.1;0.7;8;14;16;53;0;2;0;0;0;0;0;0;0;0;0;0
23;222;35;634;4;4;0;6;0;1;0;0.19047619047619;0.809523809523809;2;1;2;23;0;2;3;1;3;0;0;0;1.5;0;0;2
23;260;35;731;1;5;0;1;0;0;0;0;1;1;1;1;21;0;4;8;1;6;3;1;2;2;0.75;1;1
23;270;19;772;1;1;0;10;1;4;0.1;0.4;0.5;5;1;5;39;0;2;2;1;2;1;1;1;1;0.5;0;1
23;275;35;795;1;6;0;12;3;1;0.25;0.0833333333333333;0.666666666666666;6;6;6;38;0;6;4;1;2;2;0;1;0.666666666666666;0.333333333333333;1;0
23;284;13;812;3;3;0;1;0;0;0;0;1;0;0;0;33;0;2;43;29;43;42;29;42;21.5;21;0;1
23;296;29;836;2;2;0;0;0;0;0;0;0;0;0;0;7;0;2;10;2;10;5;2;5;5;2.5;0;0
23;310;19;898;1;1;0;7;2;0;0.285714285714285;0;0.714285714285714;5;5;7;65;0;2;2;1;2;1;1;1;1;0.5;0;0
23;314;68;912;4;4;0;4;1;0;0.107142857142857;0;0.892857142857143;2;3;3;7;59;2;1;0;1;0;0;0;0.5;0;0;0
23;327;11;937;2;2;0;10;1;0;0.1;0;0.9;9;15;15;60;0;2;0;0;0;0;0;0;0;0;0;0
23;343;31;985;1;1;0;9;4;2;0.444444444444444;0.222222222222222;0.333333333333333;2;1;2;43;0;2;2;1;2;1;1;1;1;0.5;0;0
23;345;35;989;1;2;0;3;1;0;0.333333333333333;0;0.666666666666666;1;1;1;53;0;4;2;0;2;1;0;1;0.5;0.25;0;0
23;353;13;1003;2;2;0;2;1;0;0.5;0;0.5;1;1;1;28;0;2;20;16;20;17;14;17;10;8.5;0;0
23;374;13;1062;1;1;0;5;0;2;0;0.4;0.6;3;1;1;7;46;2;2;1;2;1;1;1;1;0.5;0;0
23;395;11;1138;5;5;0;5;3;0;0.6;0;0.4;4;5;5;46;0;2;6;5;6;2;2;2;3;1;0;0
23;414;35;1216;1;1;0;4;1;0;0.25;0;0.75;1;1;1;62;0;2;2;1;2;1;1;1;1;0.5;0;0
24;1;0;0;0;0;0;2;0;0;0;0;1;1;1;1;15;0;0;0;-1;0;0;-1;0;0;0;0;21
24;34;2;186;1;1;0;1;1;0;1;0;0;0;0;0;19;0;2;2;1;2;1;1;1;1;0.5;0;7
24;36;2;198;1;1;0;6;0;1;0;0.166666666666666;0.833333333333333;4;0;3;24;0;2;2;1;2;1;1;1;1;0.5;0;0
24;37;2;209;1;1;0;0;0;0;0;0;0;0;0;0;23;0;2;2;1;2;1;1;1;1;0.5;0;2
24;38;2;217;1;1;0;0;0;0;0;0;0;0;0;0;26;0;2;2;1;2;1;1;1;1;0.5;0;2
24;39;13;220;1;1;0;0;0;0;0;0;0;0;0;0;6;13;2;2;1;2;1;1;1;1;0.5;0;0
24;40;19;221;1;1;0;13;1;0;0.079059829059829;0;0.920940170940171;13;3;11;29;0;2;2;1;2;1;1;1;1;0.5;0;0
24;41;7;221;1;1;0;1;0;1;0;1;0;0;0;0;26;0;2;2;1;2;1;1;1;1;0.5;0;0
24;42;20;222;1;1;0;9;1;3;0.111111111111111;0.333333333333333;0.555555555555555;4;2;2;22;0;2;2;1;2;1;1;1;1;0.5;0;0
24;43;14;224;2;2;0;35;2;1;0.0571428571428571;0.0285714285714285;0.914285714285714;30;21;40;44;0;2;1;0;1;0;0;0;0.5;0;0;1
24;45;21;234;2;2;0;23;1;0;0.0437417654808959;0;0.956258234519103;21;12;25;6;21;2;1;0;1;0;0;0;0.5;0;0;1
24;49;3;240;2;2;0;45;2;1;0.0333458617179547;0.00592592592592592;0.960728212356119;43;72;72;10;51;2;1;0;1;0;0;0;0.5;0;0;2
24;57;18;253;1;1;0;6;0;1;0;0.186666666666666;0.813333333333333;4;0;6;7;23;2;2;1;2;1;1;1;1;0.5;0;0
24;58;7;254;1;1;0;21;3;0;0.122857142857142;0;0.877142857142857;17;14;17;26;0;2;2;1;2;1;1;1;1;0.5;0;1
24;63;9;263;2;2;0;10;1;4;0.1;0.4;0.5;5;0;5;7;74;2;0;0;0;0;0;0;0;0;0;0
24;82;29;294;1;1;0;1;0;0;0;0;1;1;1;1;7;23;2;2;1;2;1;1;1;1;0.5;0;0
24;85;10;300;3;3;0;5;1;1;0.2;0.2;0.6;4;3;3;33;0;2;23;6;23;21;6;21;11.5;10.5;0;1
24;91;27;318;3;3;0;5;0;0;0;0;1;1;6;6;14;0;2;45;8;45;43;8;43;22.5;21.5;0;1
24;94;16;321;2;2;0;9;1;0;0.111111111111111;0;0.888888888888888;8;4;8;19;0;2;1;0;1;0;0;0;0.5;0;0;0
24;104;68;340;2;2;0;8;1;0;0.126190476190476;0;0.873809523809524;5;6;6;7;21;2;1;0;1;0;0;0;0.5;0;0;0
24;132;19;403;1;1;0;7;1;1;0.142857142857142;0.142857142857142;0.714285714285714;5;2;6;24;0;2;2;1;2;1;1;1;1;0.5;0;0
24;134;35;407;4;4;0;11;0;2;0;0.181818181818181;0.818181818181818;7;1;3;31;0;2;5;4;5;1;1;1;2.5;0.5;0;1
24;144;68;419;4;4;0;1;0;1;0;1;0;0;0;0;7;41;2;5;1;5;4;1;4;2.5;2;0;0
24;184;13;532;1;1;0;13;1;4;0.0769230769230769;0.307692307692307;0.615384615384615;9;10;12;7;59;2;2;1;2;1;1;1;1;0.5;0;0
24;189;28;546;3;3;0;3;0;2;0;0.666666666666666;0.333333333333333;0;0;0;15;10;2;35;21;35;30;18;30;17.5;15;0;2
24;195;14;577;4;4;0;21;1;0;0.0476190476190476;0;0.952380952380952;16;24;24;39;0;2;3;0;3;0;0;0;1.5;0;0;0
24;196;68;579;2;2;0;26;3;2;0.119076923076923;0.0793846153846154;0.801538461538462;19;15;16;7;34;2;1;1;1;0;0;0;0.5;0;0;0
24;214;18;615;2;2;0;10;2;1;0.2;0.1;0.7;8;14;16;53;0;2;0;0;0;0;0;0;0;0;0;0
24;222;35;634;4;4;0;6;0;1;0;0.166666666666666;0.833333333333333;2;1;2;23;0;2;3;1;3;0;0;0;1.5;0;0;2
24;260;35;731;1;5;0;1;0;0;0;0;1;1;1;1;21;0;4;8;1;6;3;1;2;2;0.75;1;1
24;270;19;772;1;1;0;10;1;4;0.1;0.4;0.5;5;1;5;39;0;2;2;1;2;1;1;1;1;0.5;0;1
24;275;35;795;1;6;0;12;3;1;0.25;0.0833333333333333;0.666666666666666;6;6;6;38;0;6;4;1;2;2;0;1;0.666666666666666;0.333333333333333;1;0
24;284;13;812;3;3;0;1;0;0;0;0;1;0;0;0;33;0;2;45;29;45;43;29;43;22.5;21.5;0;1
24;296;29;836;2;2;0;0;0;0;0;0;0;0;0;0;7;0;2;10;2;10;5;2;5;5;2.5;0;0
24;310;19;898;1;1;0;7;2;0;0.285714285714285;0;0.714285714285714;5;5;7;65;0;2;2;1;2;1;1;1;1;0.5;0;0
24;314;68;912;4;4;0;4;1;0;0.25;0;0.75;2;3;3;7;59;2;1;0;1;0;0;0;0.5;0;0;0
24;327;11;937;2;2;0;10;1;0;0.1;0;0.9;9;15;15;60;0;2;0;0;0;0;0;0;0;0;0;0
24;343;31;985;1;1;0;9;4;2;0.444444444444444;0.222222222222222;0.333333333333333;2;1;2;43;0;2;2;1;2;1;1;1;1;0.5;0;0
24;345;35;989;1;2;0;5;1;1;0.302222222222222;0.08;0.617777777777777;2;2;2;53;0;4;2;0;2;1;0;1;0.5;0.25;0;0
24;353;13;1003;2;2;0;3;2;0;0.633333333333333;0;0.366666666666666;1;1;1;28;0;2;21;16;21;17;14;17;10.5;8.5;0;0
24;374;13;1062;1;1;0;5;0;2;0;0.4;0.6;3;1;1;7;46;2;2;1;2;1;1;1;1;0.5;0;0
24;395;11;1138;5;5;0;5;3;0;0.6;0;0.4;4;5;5;46;0;2;6;5;6;2;2;2;3;1;0;0
24;414;35;1216;1;1;0;5;1;0;0.213333333333333;0;0.786666666666667;2;2;2;62;0;2;2;1;2;1;1;1;1;0.5;0;0
24;450;3;1440;5;5;0;2;1;0;0.533333333333333;0;0.0666666666666667;2;2;2;5;65;2;11;11;11;7;7;7;5.5;3.5;0;0
25;1;0;0;0;0;0;3;1;0;0.25;0;0.749999999999999;1;1;1;15;0;0;0;-1;0;0;-1;0;0;0;0;21
25;34;2;186;1;1;0;1;1;0;1;0;0;0;0;0;19;0;2;3;1;3;1;1;1;1.5;0.5;0;7
25;36;2;198;1;1;0;6;0;1;0;0.166666666666666;0.833333333333333;4;0;3;24;0;2;3;1;3;1;1;1;1.5;0.5;0;0
25;37;2;209;1;1;0;0;0;0;0;0;0;0;0;0;23;0;2;3;1;3;1;1;1;1.5;0.5;0;2
25;38;2;217;1;1;0;0;0;0;0;0;0;0;0;0;26;0;2;3;1;3;1;1;1;1.5;0.5;0;2
25;39;13;220;1;1;0;0;0;0;0;0;0;0;0;0;6;13;2;3;1;3;1;1;1;1.5;0.5;0;0
25;40;19;221;1;1;0;13;1;0;0.0769230769230769;0;0.923076923076923;13;2;11;29;0;2;3;1;3;1;1;1;1.5;0.5;0;0
25;41;7;221;1;1;0;1;0;1;0;1;0;0;0;0;26;0;2;3;1;3;1;1;1;1.5;0.5;0;0
25;42;20;222;1;1;0;9;1;3;0.111111111111111;0.333333333333333;0.555555555555555;4;2;2;22;0;2;3;1;3;1;1;1;1.5;0.5;0;0
25;43;14;224;2;2;0;36;2;1;0.056084656084656;0.028042328042328;0.915873015873015;30;21;40;44;0;2;1;0;1;0;0;0;0.5;0;0;1
25;45;21;234;2;2;0;23;1;0;0.0434782608695652;0;0.956521739130434;21;12;25;6;21;2;1;0;1;0;0;0;0.5;0;0;1
25;49;3;240;2;2;0;45;2;1;0.0444444444444444;0.0222222222222222;0.933333333333333;43;72;72;10;51;2;1;0;1;0;0;0;0.5;0;0;2
25;57;18;253;1;1;0;6;0;1;0;0.166666666666666;0.833333333333333;4;0;6;7;23;2;3;1;3;1;1;1;1.5;0.5;0;0
25;58;7;254;1;1;0;21;3;0;0.142857142857142;0;0.857142857142857;17;14;17;26;0;2;3;1;3;1;1;1;1.5;0.5;0;1
25;63;9;263;2;2;0;10;1;4;0.1;0.4;0.5;5;0;5;7;74;2;0;0;0;0;0;0;0;0;0;0
25;82;29;294;1;1;0;1;0;0;0;0;1;1;1;1;7;23;2;3;1;3;1;1;1;1.5;0.5;0;0
25;85;10;300;3;3;0;5;1;1;0.2;0.2;0.6;4;3;3;33;0;2;23;6;23;21;6;21;11.5;10.5;0;1
25;91;27;318;3;3;0;5;0;0;0;0;1;1;6;6;14;0;2;45;8;45;43;8;43;22.5;21.5;0;1
25;94;16;321;2;2;0;9;1;0;0.111111111111111;0;0.888888888888888;8;4;8;19;0;2;1;0;1;0;0;0;0.5;0;0;0
25;104;68;340;2;2;0;8;1;0;0.125;0;0.875;5;5;6;7;21;2;1;0;1;0;0;0;0.5;0;0;0
25;132;19;403;1;1;0;8;1;1;0.132440476190476;0.132440476190476;0.735119047619047;5;2;6;24;0;2;3;1;3;1;1;1;1.5;0.5;0;0
25;134;35;407;4;4;0;11;0;2;0;0.181818181818181;0.818181818181818;7;1;3;31;0;2;5;4;5;1;1;1;2.5;0.5;0;1
25;144;68;419;4;4;0;1;0;1;0;1;0;0;0;0;7;41;2;5;1;5;4;1;4;2.5;2;0;0
25;184;13;532;1;1;0;13;1;4;0.0769230769230769;0.307692307692307;0.615384615384615;9;10;12;7;59;2;3;1;3;1;1;1;1.5;0.5;0;0
25;189;28;546;3;3;0;3;0;2;0;0.666666666666666;0.333333333333333;0;0;0;15;10;2;36;21;36;30;18;30;18;15;0;2
25;195;14;577;4;4;0;21;1;0;0.0476190476190476;0;0.952380952380952;16;24;24;39;0;2;3;0;3;0;0;0;1.5;0;0;0
25;196;68;579;2;2;0;28;3;2;0.112586487586487;0.0750576583909917;0.81235585402252;21;14;16;7;34;2;1;1;1;0;0;0;0.5;0;0;0
25;214;18;615;2;2;0;10;2;1;0.2;0.1;0.7;8;14;16;53;0;2;0;0;0;0;0;0;0;0;0;0
25;222;35;634;4;4;0;6;0;1;0;0.166666666666666;0.833333333333333;2;1;2;23;0;2;3;1;3;0;0;0;1.5;0;0;2
25;260;35;731;1;5;0;1;0;0;0;0;1;1;1;1;21;0;4;9;1;6;3;1;2;2.25;0.75;1;1
25;270;19;772;1;1;0;10;1;4;0.1;0.4;0.5;5;1;5;39;0;2;3;1;3;1;1;1;1.5;0.5;0;1
25;275;35;795;1;6;0;13;3;1;0.243589743589743;0.0811965811965811;0.675213675213675;7;6;6;38;0;6;5;1;3;2;0;1;0.833333333333333;0.333333333333333;1;0
25;284;13;812;3;3;0;1;0;0;0;0;1;0;0;0;33;0;2;45;29;45;43;29;43;22.5;21.5;0;1
25;296;29;836;2;2;0;0;0;0;0;0;0;0;0;0;7;0;2;10;2;10;5;2;5;5;2.5;0;0
25;310;19;898;1;1;0;8;2;0;0.276785714285714;0;0.723214285714285;6;5;7;65;0;2;3;1;3;1;1;1;1.5;0.5;0;0
25;314;68;912;4;4;0;4;1;0;0.25;0;0.75;2;3;3;7;59;2;1;0;1;0;0;0;0.5;0;0;0
25;327;11;937;2;2;0;10;1;0;0.1;0;0.9;9;15;15;60;0;2;0;0;0;0;0;0;0;0;0;0
25;343;31;985;1;1;0;9;4;2;0.444444444444444;0.222222222222222;0.333333333333333;2;1;2;43;0;2;3;1;3;1;1;1;1.5;0.5;0;0
25;345;35;989;1;2;0;6;2;1;0.311111111111111;0.172222222222222;0.516666666666667;2;2;2;53;0;4;3;0;3;1;0;1;0.75;0.25;0;0
25;353;13;1003;2;2;0;3;2;0;0.666666666666666;0;0.333333333333333;1;1;1;28;0;2;21;16;21;17;14;17;10.5;8.5;0;0
25;374;13;1062;1;1;0;6;0;2;0;0.394444444444444;0.605555555555555;4;1;1;7;46;2;3;1;3;1;1;1;1.5;0.5;0;0
25;395;11;1138;5;5;0;5;3;0;0.6;0;0.4;4;5;5;46;0;2;6;5;6;2;2;2;3;1;0;0
25;414;35;1216;1;1;0;6;2;0;0.322222222222222;0;0.677777777777777;3;3;3;62;0;2;3;1;3;1;1;1;1.5;0.5;0;0
25;450;3;1440;5;5;0;4;3;0;0.701388888888889;0;0.298611111111111;2;2;2;5;65;2;11;11;11;7;7;7;5.5;3.5;0;0
26;0;0;0;0;0;0;0;0;0;0;0;0;0;0;0;0;0;0;0;0;0;0;0;0;0;0;0;0
26;1;0;0;0;0;0;3;1;0;0.333333333333333;0;0.666666666666666;1;1;1;15;0;0;0;-1;0;0;-1;0;0;0;0;21
26;28;546;3;3;0;3;0;2;0;0.666666666666666;0.333333333333333;0;0;0;15;10;2;0;21;37;30;18;30;1151247636;15;575623818;2;0
26;34;2;186;1;1;0;1;1;0;1;0;0;0;0;0;19;0;2;3;1;3;1;1;1;1.5;0.5;0;7
26;36;2;198;1;1;0;6;0;1;0;0.166666666666666;0.833333333333333;4;0;3;24;0;2;3;1;3;1;1;1;1.5;0.5;0;0
26;37;2;209;1;1;0;0;0;0;0;0;0;0;0;0;23;0;2;3;1;3;1;1;1;1.5;0.5;0;2
26;38;2;217;1;1;0;0;0;0;0;0;0;0;0;0;26;0;2;3;1;3;1;1;1;1.5;0.5;0;2
26;39;13;220;1;1;0;0;0;0;0;0;0;0;0;0;6;13;2;3;1;3;1;1;1;1.5;0.5;0;0
26;40;19;221;1;1;0;13;1;0;0.0769230769230769;0;0.923076923076923;13;2;11;29;0;2;3;1;3;1;1;1;1.5;0.5;0;0
26;41;7;221;1;1;0;1;0;1;0;1;0;0;0;0;26;0;2;3;1;3;1;1;1;1.5;0.5;0;0
26;42;20;222;1;1;0;9;1;3;0.111111111111111;0.333333333333333;0.555555555555555;4;2;2;22;0;2;3;1;3;1;1;1;1.5;0.5;0;0
26;43;14;224;2;2;0;37;2;2;0.054054054054054;0.054054054054054;0.891891891891891;30;21;40;44;0;2;1;0;1;0;0;0;0.5;0;0;1
26;45;21;234;2;2;0;23;1;0;0.0434782608695652;0;0.956521739130434;21;12;25;6;21;2;1;0;1;0;0;0;0.5;0;0;1
26;49;3;240;2;2;0;45;2;1;0.0444444444444444;0.0222222222222222;0.933333333333333;43;72;72;10;51;2;1;0;1;0;0;0;0.5;0;0;2
26;57;18;253;1;1;0;6;0;1;0;0.166666666666666;0.833333333333333;4;0;6;7;23;2;3;1;3;1;1;1;1.5;0.5;0;0
26;58;7;254;1;1;0;21;3;0;0.142857142857142;0;0.857142857142857;17;14;17;26;0;2;3;1;3;1;1;1;1.5;0.5;0;1
26;63;9;263;2;2;0;10;1;4;0.1;0.4;0.5;5;0;5;7;74;2;0;0;0;0;0;0;0;0;0;0
26;82;29;294;1;1;0;1;0;0;0;0;1;1;1;1;7;23;2;3;1;3;1;1;1;1.5;0.5;0;0
26;85;10;300;3;3;0;5;1;1;0.2;0.2;0.6;4;3;3;33;0;2;23;6;23;21;6;21;11.5;10.5;0;1
26;91;27;318;3;3;0;5;0;0;0;0;1;1;6;6;14;0;2;46;8;46;43;8;43;23;21.5;0;1
26;94;16;321;2;2;0;9;1;0;0.111111111111111;0;0.888888888888888;8;4;8;19;0;2;1;0;1;0;0;0;0.5;0;0;0
26;104;68;340;2;2;0;8;1;0;0.125;0;0.875;5;5;6;7;21;2;1;0;1;0;0;0;0.5;0;0;0
26;132;19;403;1;1;0;8;1;1;0.125;0.125;0.75;5;2;6;24;0;2;3;1;3;1;1;1;1.5;0.5;0;0
26;134;35;407;4;4;0;11;0;2;0;0.181818181818181;0.818181818181818;7;1;3;31;0;2;5;4;5;1;1;1;2.5;0.5;0;1
26;144;68;419;4;4;0;1;0;1;0;1;0;0;0;0;7;41;2;5;1;5;4;1;4;2.5;2;0;0
26;184;13;532;1;1;0;14;1;4;0.0741758241758241;0.296703296703296;0.629120879120878;9;10;12;7;59;2;3;1;3;1;1;1;1.5;0.5;0;0
26;189;28;546;3;3;0;3;0;2;0;0.666666666666666;0.333333333333333;0;0;0;15;10;2;37;21;37;30;18;30;18.5;15;0;2
26;195;14;577;4;4;0;21;1;0;0.0476190476190476;0;0.952380952380952;16;24;24;39;0;2;3;0;3;0;0;0;1.5;0;0;0
26;196;68;579;2;2;0;28;3;2;0.107142857142857;0.0714285714285714;0.821428571428571;21;14;16;7;34;2;1;1;1;0;0;0;0.5;0;0;0
26;214;18;615;2;2;0;10;2;1;0.2;0.1;0.7;8;14;16;53;0;2;0;0;0;0;0;0;0;0;0;0
26;222;35;634;4;4;0;6;0;1;0;0.166666666666666;0.833333333333333;2;1;2;23;0;2;3;1;3;0;0;0;1.5;0;0;2
26;260;35;731;1;5;0;1;0;0;0;0;1;1;1;1;21;0;4;9;1;6;3;1;2;2.25;0.75;1;1
26;270;19;772;1;1;0;10;1;4;0.1;0.4;0.5;5;1;5;39;0;2;3;1;3;1;1;1;1.5;0.5;0;1
26;275;35;795;1;6;0;13;3;1;0.23076923076923;0.0769230769230769;0.692307692307692;7;5;6;38;0;6;5;1;3;2;0;1;0.833333333333333;0.333333333333333;1;0
26;284;13;812;3;3;0;1;0;0;0;0;1;0;0;0;33;0;2;46;29;46;43;29;43;23;21.5;0;1
26;296;29;836;2;2;0;0;0;0;0;0;0;0;0;0;7;0;2;10;2;10;5;2;5;5;2.5;0;0
26;310;19;898;1;1;0;8;2;0;0.25;0;0.75;6;4;7;65;0;2;3;1;3;1;1;1;1.5;0.5;0;0
26;314;68;912;4;4;0;4;1;0;0.25;0;0.75;2;3;3;7;59;2;1;0;1;0;0;0;0.5;0;0;0
26;327;11;937;2;2;0;10;1;0;0.1;0;0.9;9;15;15;60;0;2;0;0;0;0;0;0;0;0;0;0
26;343;31;985;1;1;0;10;5;2;0.458333333333333;0.216666666666666;0.325;2;1;2;43;0;2;3;1;3;1;1;1;1.5;0.5;0;0
26;345;35;989;1;2;0;6;2;1;0.333333333333333;0.166666666666666;0.5;2;2;2;53;0;4;3;0;3;1;0;1;0.75;0.25;0;0
26;353;13;1003;2;2;0;3;2;0;0.666666666666666;0;0.333333333333333;1;1;1;28;0;2;21;16;21;17;14;17;10.5;8.5;0;0
26;374;13;1062;1;1;0;7;0;2;0;0.297619047619047;0.702380952380952;4;0;1;7;46;2;3;1;3;1;1;1;1.5;0.5;0;0
26;395;11;1138;5;5;0;5;3;0;0.6;0;0.4;4;5;5;46;0;2;6;5;6;2;2;2;3;1;0;0
26;414;35;1216;1;1;0;6;2;0;0.333333333333333;0;0.666666666666666;3;3;3;62;0;2;3;1;3;1;1;1;1.5;0.5;0;0
26;450;3;1440;5;5;0;4;3;0;0.75;0;0.25;2;2;2;5;65;2;11;11;11;7;7;7;5.5;3.5;0;0
27;1;0;0;0;0;0;3;1;0;0.333333333333333;0;0.666666666666666;1;1;1;15;0;0;0;-1;0;0;-1;0;0;0;0;21
27;34;2;186;1;1;0;1;1;0;1;0;0;0;0;0;19;0;2;3;1;3;1;1;1;1.5;0.5;0;7
27;36;2;198;1;1;0;6;0;1;0;0.166666666666666;0.833333333333333;4;0;3;24;0;2;3;1;3;1;1;1;1.5;0.5;0;0
27;37;2;209;1;1;0;0;0;0;0;0;0;0;0;0;23;0;2;3;1;3;1;1;1;1.5;0.5;0;2
27;38;2;217;1;1;0;0;0;0;0;0;0;0;0;0;26;0;2;3;1;3;1;1;1;1.5;0.5;0;2
27;39;13;220;1;1;0;1;0;1;0;0.625;0;0;0;0;6;13;2;3;1;3;1;1;1;1.5;0.5;0;0
27;40;19;221;1;1;0;13;1;0;0.0769230769230769;0;0.923076923076923;13;2;11;29;0;2;3;1;3;1;1;1;1.5;0.5;0;0
27;41;7;221;1;1;0;1;0;1;0;1;0;0;0;0;26;0;2;3;1;3;1;1;1;1.5;0.5;0;0
27;42;20;222;1;1;0;9;1;3;0.111111111111111;0.333333333333333;0.555555555555555;4;2;2;22;0;2;3;1;3;1;1;1;1.5;0.5;0;0
27;43;14;224;2;2;0;37;2;2;0.054054054054054;0.054054054054054;0.891891891891891;30;21;40;44;0;2;1;0;1;0;0;0;0.5;0;0;1
27;45;21;234;2;2;0;23;1;0;0.0434782608695652;0;0.956521739130434;21;12;25;6;21;2;1;0;1;0;0;0;0.5;0;0;1
27;49;3;240;2;2;0;46;2;1;0.0434782608695652;0.0217391304347826;0.934782608695652;43;72;72;10;51;2;1;0;1;0;0;0;0.5;0;0;2
27;57;18;253;1;1;0;6;0;1;0;0.166666666666666;0.833333333333333;4;0;6;7;23;2;3;1;3;1;1;1;1.5;0.5;0;0
27;58;7;254;1;1;0;21;3;0;0.142857142857142;0;0.857142857142857;17;14;17;26;0;2;3;1;3;1;1;1;1.5;0.5;0;1
27;63;9;263;2;2;0;10;1;4;0.1;0.4;0.5;5;0;5;7;74;2;0;0;0;0;0;0;0;0;0;0
27;82;29;294;1;1;0;1;0;0;0;0;1;1;1;1;7;23;2;3;1;3;1;1;1;1.5;0.5;0;0
27;85;10;300;3;3;0;5;1;1;0.2;0.2;0.6;4;3;3;33;0;2;23;6;23;21;6;21;11.5;10.5;0;1
27;91;27;318;3;3;0;5;0;0;0;0;1;1;6;6;14;0;2;46;8;46;43;8;43;23;21.5;0;1
27;94;16;321;2;2;0;9;1;0;0.111111111111111;0;0.888888888888888;8;4;8;19;0;2;1;0;1;0;0;0;0.5;0;0;0
27;104;68;340;2;2;0;8;1;0;0.125;0;0.875;5;5;6;7;21;2;1;0;1;0;0;0;0.5;0;0;0
27;132;19;403;1;1;0;8;1;1;0.125;0.125;0.75;5;2;6;24;0;2;3;1;3;1;1;1;1.5;0.5;0;0
27;134;35;407;4;4;0;11;0;2;0;0.181818181818181;0.818181818181818;7;1;3;31;0;2;5;4;5;1;1;1;2.5;0.5;0;1
27;144;68;419;4;4;0;1;0;1;0;1;0;0;0;0;7;41;2;5;1;5;4;1;4;2.5;2;0;0
27;184;13;532;1;1;0;14;1;4;0.0714285714285714;0.285714285714285;0.642857142857142;9;10;12;7;59;2;3;1;3;1;1;1;1.5;0.5;0;0
27;189;28;546;3;3;0;3;0;2;0;0.666666666666666;0.333333333333333;0;0;0;15;10;2;37;21;37;30;18;30;18.5;15;0;2
27;195;14;577;4;4;0;21;1;0;0.0476190476190476;0;0.952380952380952;16;24;24;39;0;2;3;0;3;0;0;0;1.5;0;0;0
27;196;68;579;2;2;0;29;4;2;0.13408251231527;0.0692733990147783;0.796644088669951;21;14;16;7;34;2;1;1;1;0;0;0;0.5;0;0;0
27;214;18;615;2;2;0;11;2;1;0.197727272727273;0.0988636363636363;0.703409090909091;9;14;16;53;0;2;0;0;0;0;0;0;0;0;0;0
27;222;35;634;4;4;0;6;0;1;0;0.166666666666666;0.833333333333333;2;1;2;23;0;2;3;1;3;0;0;0;1.5;0;0;2
27;260;35;731;1;5;0;1;0;0;0;0;1;1;1;1;21;0;4;9;1;6;3;1;2;2.25;0.75;1;1
27;270;19;772;1;1;0;10;1;4;0.1;0.4;0.5;5;1;5;39;0;2;3;1;3;1;1;1;1.5;0.5;0;1
27;275;35;795;1;6;0;13;3;1;0.23076923076923;0.0769230769230769;0.692307692307692;7;5;6;38;0;6;5;1;3;2;0;1;0.833333333333333;0.333333333333333;1;0
27;284;13;812;3;3;0;1;0;0;0;0;1;0;0;0;33;0;2;46;29;46;43;29;43;23;21.5;0;1
27;296;29;836;2;2;0;0;0;0;0;0;0;0;0;0;7;0;2;10;2;10;5;2;5;5;2.5;0;0
27;310;19;898;1;1;0;8;2;0;0.25;0;0.75;6;4;7;65;0;2;3;1;3;1;1;1;1.5;0.5;0;0
27;314;68;912;4;4;0;4;1;0;0.25;0;0.75;2;3;3;7;59;2;1;0;1;0;0;0;0.5;0;0;0
27;327;11;937;2;2;0;11;2;0;0.140909090909091;0;0.859090909090909;9;15;15;60;0;2;0;0;0;0;0;0;0;0;0;0
27;343;31;985;1;1;0;10;5;2;0.5;0.2;0.3;2;1;2;43;0;2;3;1;3;1;1;1;1.5;0.5;0;0
27;345;35;989;1;2;0;7;2;1;0.297619047619047;0.148809523809523;0.553571428571428;2;2;2;53;0;4;3;0;3;1;0;1;0.75;0.25;0;0
27;353;13;1003;2;2;0;3;2;0;0.666666666666666;0;0.333333333333333;1;1;1;28;0;2;21;16;21;17;14;17;10.5;8.5;0;0
27;374;13;1062;1;1;0;7;0;2;0;0.285714285714285;0.714285714285714;4;0;1;7;46;2;3;1;3;1;1;1;1.5;0.5;0;0
27;395;11;1138;5;5;0;5;3;0;0.6;0;0.4;4;5;5;46;0;2;6;5;6;2;2;2;3;1;0;0
27;414;35;1216;1;1;0;8;2;0;0.306547619047619;0;0.69345238095238;5;4;4;62;0;2;3;1;3;1;1;1;1.5;0.5;0;0
27;450;3;1440;5;5;0;5;4;0;0.8;0;0.199999999999999;2;2;2;5;65;2;11;11;11;7;7;7;5.5;3.5;0;0
28;1;0;0;0;0;0;3;1;0;0.333333333333333;0;0.666666666666666;1;1;1;15;0;0;0;-1;0;0;-1;0;0;0;0;21
28;34;2;186;1;1;0;1;1;0;1;0;0;0;0;0;19;0;2;3;1;3;1;1;1;1.5;0.5;0;7
28;36;2;198;1;1;0;6;0;1;0;0.166666666666666;0.833333333333333;4;0;3;24;0;2;3;1;3;1;1;1;1.5;0.5;0;0
28;37;2;209;1;1;0;0;0;0;0;0;0;0;0;0;23;0;2;3;1;3;1;1;1;1.5;0.5;0;2
28;38;2;217;1;1;0;0;0;0;0;0;0;0;0;0;26;0;2;3;1;3;1;1;1;1.5;0.5;0;2
28;39;13;220;1;1;0;1;0;1;0;1;0;0;0;0;6;13;2;3;1;3;1;1;1;1.5;0.5;0;0
28;40;19;221;1;1;0;13;1;0;0.0769230769230769;0;0.923076923076923;13;2;11;29;0;2;3;1;3;1;1;1;1.5;0.5;0;0
28;41;7;221;1;1;0;1;0;1;0;1;0;0;0;0;26;0;2;3;1;3;1;1;1;1.5;0.5;0;0
28;42;20;222;1;1;0;10;1;3;0.105050505050505;0.315151515151515;0.57979797979798;5;2;2;22;0;2;3;1;3;1;1;1;1.5;0.5;0;0
28;43;14;224;2;2;0;37;2;2;0.054054054054054;0.054054054054054;0.891891891891891;30;21;40;44;0;2;1;0;1;0;0;0;0.5;0;0;1
28;45;21;234;2;2;0;24;1;0;0.04199604743083;0;0.958003952569169;22;12;25;6;21;2;1;0;1;0;0;0;0.5;0;0;1
28;49;3;240;2;2;0;48;3;1;0.0500588680514675;0.0212415552378549;0.928699576710677;44;74;74;10;51;2;1;0;1;0;0;0;0.5;0;0;2
28;57;18;253;1;1;0;6;0;1;0;0.166666666666666;0.833333333333333;4;0;6;7;23;2;3;1;3;1;1;1;1.5;0.5;0;0
28;58;7;254;1;1;0;21;3;0;0.142857142857142;0;0.857142857142857;17;14;17;26;0;2;3;1;3;1;1;1;1.5;0.5;0;1
28;63;9;263;2;2;0;10;1;4;0.1;0.4;0.5;5;0;5;7;74;2;0;0;0;0;0;0;0;0;0;0
28;82;29;294;1;1;0;1;0;0;0;0;1;1;1;1;7;23;2;3;1;3;1;1;1;1.5;0.5;0;0
28;85;10;300;3;3;0;5;1;1;0.2;0.2;0.6;4;3;3;33;0;2;24;6;24;22;6;22;12;11;0;1
28;91;27;318;3;3;0;5;0;0;0;0;1;1;6;6;14;0;2;48;8;48;44;8;44;24;22;0;1
28;94;16;321;2;2;0;9;1;0;0.111111111111111;0;0.888888888888888;8;4;8;19;0;2;1;0;1;0;0;0;0.5;0;0;0
28;104;68;340;2;2;0;8;1;0;0.125;0;0.875;5;5;6;7;21;2;1;0;1;0;0;0;0.5;0;0;0
28;132;19;403;1;1;0;8;1;1;0.125;0.125;0.75;5;2;6;24;0;2;3;1;3;1;1;1;1.5;0.5;0;0
28;134;35;407;4;4;0;11;0;2;0;0.181818181818181;0.818181818181818;7;1;3;31;0;2;5;4;5;1;1;1;2.5;0.5;0;1
28;144;68;419;4;4;0;1;0;1;0;1;0;0;0;0;7;41;2;5;1;5;4;1;4;2.5;2;0;0
28;184;13;532;1;1;0;14;1;4;0.0714285714285714;0.285714285714285;0.642857142857142;9;10;12;7;59;2;3;1;3;1;1;1;1.5;0.5;0;0
28;189;28;546;3;3;0;3;0;2;0;0.666666666666666;0.333333333333333;0;0;0;15;10;2;37;21;37;30;18;30;18.5;15;0;2
28;195;14;577;4;4;0;21;1;0;0.0476190476190476;0;0.952380952380952;16;24;24;39;0;2;3;0;3;0;0;0;1.5;0;0;0
28;196;68;579;2;2;0;29;4;2;0.137931034482758;0.0689655172413793;0.793103448275862;21;14;16;7;34;2;1;1;1;0;0;0;0.5;0;0;0
28;214;18;615;2;2;0;11;2;1;0.181818181818181;0.0909090909090909;0.727272727272727;9;11;16;53;0;2;0;0;0;0;0;0;0;0;0;0
28;222;35;634;4;4;0;6;0;1;0;0.166666666666666;0.833333333333333;2;1;2;23;0;2;3;1;3;0;0;0;1.5;0;0;2
28;260;35;731;1;5;0;1;0;0;0;0;1;1;1;1;21;0;4;9;1;6;3;1;2;2.25;0.75;1;1
28;270;19;772;1;1;0;10;1;4;0.1;0.4;0.5;5;1;5;39;0;2;3;1;3;1;1;1;1.5;0.5;0;1
28;275;35;795;1;6;0;13;3;1;0.23076923076923;0.0769230769230769;0.692307692307692;7;5;6;38;0;6;5;1;3;2;0;1;0.833333333333333;0.333333333333333;1;0
28;284;13;812;3;3;0;1;0;0;0;0;1;0;0;0;33;0;2;48;29;48;44;29;44;24;22;0;1
28;296;29;836;2;2;0;0;0;0;0;0;0;0;0;0;7;0;2;10;2;10;5;2;5;5;2.5;0;0
28;310;19;898;1;1;0;8;2;0;0.25;0;0.75;6;4;7;65;0;2;3;1;3;1;1;1;1.5;0.5;0;0
28;314;68;912;4;4;0;5;2;0;0.386363636363636;0;0.613636363636364;2;3;3;7;59;2;1;0;1;0;0;0;0.5;0;0;0
28;327;11;937;2;2;0;11;2;0;0.181818181818181;0;0.818181818181818;9;15;15;60;0;2;0;0;0;0;0;0;0;0;0;0
28;343;31;985;1;1;0;11;5;2;0.487603305785124;0.195041322314049;0.317355371900826;2;1;2;43;0;2;3;1;3;1;1;1;1.5;0.5;0;0
28;345;35;989;1;2;0;7;2;1;0.285714285714285;0.142857142857142;0.571428571428571;2;2;2;53;0;4;3;0;3;1;0;1;0.75;0.25;0;0
28;353;13;1003;2;2;0;3;2;0;0.666666666666666;0;0.333333333333333;1;1;1;28;0;2;21;16;21;17;14;17;10.5;8.5;0;0
28;374;13;1062;1;1;0;7;0;2;0;0.285714285714285;0.714285714285714;4;0;1;7;46;2;3;1;3;1;1;1;1.5;0.5;0;0
28;395;11;1138;5;5;0;7;5;0;0.634632034632034;0;0.365367965367965;6;7;7;46;0;2;6;5;6;2;2;2;3;1;0;0
28;414;35;1216;1;1;0;9;2;0;0.222222222222222;0;0.777777777777777;5;3;4;62;0;2;3;1;3;1;1;1;1.5;0.5;0;0
28;450;3;1440;5;5;0;7;5;0;0.723809523809523;0;0.276190476190475;3;5;5;5;65;2;11;11;11;7;7;7;5.5;3.5;0;0
29;1;0;0;0;0;0;3;1;0;0.333333333333333;0;0.666666666666666;1;1;1;15;0;0;0;-1;0;0;-1;0;0;0;0;21
29;34;2;186;1;1;0;1;1;0;1;0;0;0;0;0;19;0;2;3;1;3;1;1;1;1.5;0.5;0;7
29;36;2;198;1;1;0;6;0;1;0;0.166666666666666;0.833333333333333;4;0;3;24;0;2;3;1;3;1;1;1;1.5;0.5;0;0
29;37;2;209;1;1;0;0;0;0;0;0;0;0;0;0;23;0;2;3;1;3;1;1;1;1.5;0.5;0;2
29;38;2;217;1;1;0;0;0;0;0;0;0;0;0;0;26;0;2;3;1;3;1;1;1;1.5;0.5;0;2
29;39;13;220;1;1;0;1;0;1;0;1;0;0;0;0;6;13;2;3;1;3;1;1;1;1.5;0.5;0;0
29;40;19;221;1;1;0;13;1;0;0.0769230769230769;0;0.923076923076923;13;2;11;29;0;2;3;1;3;1;1;1;1.5;0.5;0;0
29;41;7;221;1;1;0;1;0;1;0;1;0;0;0;0;26;0;2;3;1;3;1;1;1;1.5;0.5;0;0
29;42;20;222;1;1;0;10;1;3;0.1;0.3;0.6;5;1;2;22;0;2;3;1;3;1;1;1;1.5;0.5;0;0
29;43;14;224;2;2;0;37;2;2;0.054054054054054;0.054054054054054;0.891891891891891;30;21;40;44;0;2;1;0;1;0;0;0;0.5;0;0;1
29;45;21;234;2;2;0;24;1;0;0.0416666666666666;0;0.958333333333333;22;10;25;6;21;2;1;0;1;0;0;0;0.5;0;0;1
29;49;3;240;2;2;0;49;3;1;0.0612244897959183;0.0204081632653061;0.918367346938775;45;72;74;10;51;2;1;0;1;0;0;0;0.5;0;0;2
29;57;18;253;1;1;0;6;0;1;0;0.166666666666666;0.833333333333333;4;0;6;7;23;2;3;1;3;1;1;1;1.5;0.5;0;0
29;58;7;254;1;1;0;21;3;0;0.142857142857142;0;0.857142857142857;17;14;17;26;0;2;3;1;3;1;1;1;1.5;0.5;0;1
29;63;9;263;2;2;0;10;1;4;0.1;0.4;0.5;5;0;5;7;74;2;0;0;0;0;0;0;0;0;0;0
29;82;29;294;1;1;0;1;0;0;0;0;1;1;1;1;7;23;2;3;1;3;1;1;1;1.5;0.5;0;0
29;85;10;300;3;3;0;5;1;1;0.2;0.2;0.6;4;3;3;33;0;2;24;6;24;22;6;22;12;11;0;1
29;91;27;318;3;3;0;5;0;0;0;0;1;1;6;6;14;0;2;49;8;49;45;8;45;24.5;22.5;0;1
29;94;16;321;2;2;0;9;1;0;0.111111111111111;0;0.888888888888888;8;4;8;19;0;2;1;0;1;0;0;0;0.5;0;0;0
29;104;68;340;2;2;0;8;1;0;0.125;0;0.875;5;5;6;7;21;2;1;0;1;0;0;0;0.5;0;0;0
29;132;19;403;1;1;0;8;1;1;0.125;0.125;0.75;5;2;6;24;0;2;3;1;3;1;1;1;1.5;0.5;0;0
29;134;35;407;4;4;0;11;0;2;0;0.181818181818181;0.818181818181818;7;1;3;31;0;2;5;4;5;1;1;1;2.5;0.5;0;1
29;144;68;419;4;4;0;1;0;1;0;1;0;0;0;0;7;41;2;5;1;5;4;1;4;2.5;2;0;0
29;184;13;532;1;1;0;14;1;4;0.0714285714285714;0.285714285714285;0.642857142857142;9;10;12;7;59;2;3;1;3;1;1;1;1.5;0.5;0;0
29;189;28;546;3;3;0;3;0;2;0;0.666666666666666;0.333333333333333;0;0;0;15;10;2;37;21;37;30;18;30;18.5;15;0;2
29;195;14;577;4;4;0;21;1;0;0.0476190476190476;0;0.952380952380952;16;24;24;39;0;2;3;0;3;0;0;0;1.5;0;0;0
29;196;68;579;2;2;0;29;4;2;0.137931034482758;0.0689655172413793;0.793103448275862;21;14;16;7;34;2;1;1;1;0;0;0;0.5;0;0;0
29;214;18;615;2;2;0;11;2;1;0.181818181818181;0.0909090909090909;0.727272727272727;9;11;16;53;0;2;0;0;0;0;0;0;0;0;0;0
29;222;35;634;4;4;0;6;0;1;0;0.166666666666666;0.833333333333333;2;1;2;23;0;2;3;1;3;0;0;0;1.5;0;0;2
29;260;35;731;1;5;0;1;0;0;0;0;1;1;1;1;21;0;4;9;1;6;3;1;2;2.25;0.75;1;1
29;270;19;772;1;1;0;10;1;4;0.1;0.4;0.5;5;1;5;39;0;2;3;1;3;1;1;1;1.5;0.5;0;1
29;275;35;795;1;6;0;13;3;1;0.23076923076923;0.0769230769230769;0.692307692307692;7;5;6;38;0;6;5;1;3;2;0;1;0.833333333333333;0.333333333333333;1;0
29;284;13;812;3;3;0;1;0;0;0;0;1;0;0;0;33;0;2;49;29;49;45;29;45;24.5;22.5;0;1
29;296;29;836;2;2;0;0;0;0;0;0;0;0;0;0;7;0;2;10;2;10;5;2;5;5;2.5;0;0
29;310;19;898;1;1;0;8;2;0;0.25;0;0.75;6;4;7;65;0;2;3;1;3;1;1;1;1.5;0.5;0;0
29;314;68;912;4;4;0;5;2;0;0.4;0;0.6;2;3;3;7;59;2;1;0;1;0;0;0;0.5;0;0;0
29;327;11;937;2;2;0;12;2;0;0.175757575757575;0;0.824242424242424;10;17;17;60;0;2;0;0;0;0;0;0;0;0;0;0
29;343;31;985;1;1;0;12;5;2;0.446969696969696;0.178787878787878;0.374242424242423;2;1;2;43;0;2;3;1;3;1;1;1;1.5;0.5;0;0
29;345;35;989;1;2;0;7;2;1;0.285714285714285;0.142857142857142;0.571428571428571;2;2;2;53;0;4;3;0;3;1;0;1;0.75;0.25;0;0
29;353;13;1003;2;2;0;4;2;1;0.566666666666666;0.15;0.283333333333333;1;1;1;28;0;2;21;16;21;17;14;17;10.5;8.5;0;0
29;374;13;1062;1;1;0;7;0;2;0;0.285714285714285;0.714285714285714;4;0;1;7;46;2;3;1;3;1;1;1;1.5;0.5;0;0
29;395;11;1138;5;5;0;7;5;0;0.714285714285714;0;0.285714285714285;6;7;7;46;0;2;6;5;6;2;2;2;3;1;0;0
29;414;35;1216;1;1;0;9;2;0;0.222222222222222;0;0.777777777777777;5;3;4;62;0;2;3;1;3;1;1;1;1.5;0.5;0;0
29;450;3;1440;5;5;0;8;6;0;0.742857142857143;0;0.257142857142857;3;5;5;5;65;2;11;11;11;7;7;7;5.5;3.5;0;0
