min;playerId;playerRemainingTokens;playerUsedTokens;playerIdeas;playerItems;playerComments;playerVotes;playerTimeSinceAction;playerBestIdeaScore;playerItemUsage;playerIdeaUsage;playerCommentUsage;playercréativité;playerpertinence;playerpersuasion;playeradaptation;rankcréativité;rankpertinence;rankpersuasion;rankadaptation
1;2;10;0;0;0;0;0;114;0;0;0;0;0;0;0;0;0;0;0;0
2;2;10;0;0;0;0;0;114;0;0;0;0;0;0;0;0;0;0;0;0
2;3;10;0;0;0;0;0;92;0;0;0;0;0;0;0;0;0;0;0;0
2;4;10;0;0;0;0;0;87;0;0;0;0;0;0;0;0;0;0;0;0
2;5;10;0;0;0;0;0;81;0;0;0;0;0;0;0;0;0;0;0;0
2;6;10;0;0;0;0;0;80;0;0;0;0;0;0;0;0;0;0;0;0
2;7;10;0;0;0;0;0;79;0;0;0;0;0;0;0;0;0;0;0;0
2;8;10;0;0;0;0;0;78;0;0;0;0;0;0;0;0;0;0;0;0
2;9;10;0;0;0;0;0;74;0;0;0;0;0;0;0;0;0;0;0;0
2;10;10;0;0;0;0;0;73;0;0;0;0;0;0;0;0;0;0;0;0
2;11;10;0;0;0;0;0;66;0;0;0;0;0;0;0;0;0;0;0;0
2;12;10;0;0;0;0;0;65;0;0;0;0;0;0;0;0;0;0;0;0
2;13;10;0;0;0;0;0;61;0;0;0;0;0;0;0;0;0;0;0;0
2;14;10;0;0;0;0;0;58;0;0;0;0;0;0;0;0;0;0;0;0
2;15;10;0;0;0;0;0;56;0;0;0;0;0;0;0;0;0;0;0;0
2;16;10;0;0;0;0;0;55;0;0;0;0;0;0;0;0;0;0;0;0
2;17;10;0;0;0;0;0;51;0;0;0;0;0;0;0;0;0;0;0;0
2;18;10;0;0;0;0;0;49;0;0;0;0;0;0;0;0;0;0;0;0
2;19;10;0;0;0;0;0;49;0;0;0;0;0;0;0;0;0;0;0;0
2;20;10;0;0;0;0;0;46;0;0;0;0;0;0;0;0;0;0;0;0
2;21;10;0;0;0;0;0;46;0;0;0;0;0;0;0;0;0;0;0;0
2;22;10;0;0;0;0;0;44;0;0;0;0;0;0;0;0;0;0;0;0
2;23;9;1;0;0;1;1;41;0;0;0;0;0;0;0;0;30;30;30;30
2;24;10;0;0;0;0;0;41;0;0;0;0;0;0;0;0;0;0;0;0
2;25;10;0;0;0;0;0;34;0;0;0;0;0;0;0;0;0;0;0;0
2;26;10;0;0;0;0;0;33;0;0;0;0;0;0;0;0;0;0;0;0
2;27;10;0;0;0;0;0;22;0;0;0;0;0;0;0;0;0;0;0;0
2;28;10;0;0;0;0;0;21;0;0;0;0;0;0;0;0;0;0;0;0
2;29;10;0;0;0;0;0;20;0;0;0;0;0;0;0;0;0;0;0;0
2;30;10;0;0;0;0;0;15;0;0;0;0;0;0;0;0;0;0;0;0
2;31;10;0;0;0;0;0;6;0;0;0;0;0;0;0;0;0;0;0;0
3;2;10;0;4;0;0;0;22.5714285714286;0;0;2;0;0;0;0;0;32;32;32;32
3;3;10;0;0;0;0;0;185.857142857143;0;0;0;0;0;0;0;0;0;0;0;0
3;4;10;0;0;0;0;0;180.857142857143;0;0;0;0;0;0;0;0;0;0;0;0
3;5;10;0;0;0;0;0;174.857142857143;0;0;0;0;0;0;0;0;0;0;0;0
3;6;10;0;0;0;0;0;173.857142857143;0;0;0;0;0;0;0;0;0;0;0;0
3;7;10;0;1;0;0;0;86.3571428571429;0;0;0;0;0;0;0;0;32;32;32;32
3;8;10;2;0;0;1;1;158.571428571429;0;0;0;0;0;0;0;0;32;32;32;32
3;9;10;0;0;0;0;0;167.857142857143;0;0;0;0;0;0;0;0;0;0;0;0
3;10;10;0;0;0;0;0;166.857142857143;0;0;0;0;0;0;0;0;0;0;0;0
3;11;10;0;0;0;0;0;159.857142857143;0;0;0;0;0;0;0;0;0;0;0;0
3;12;10;0;0;0;0;0;158.857142857143;0;0;0;0;0;0;0;0;0;0;0;0
3;13;10;0;1;0;0;0;55.8571428571429;0;0;0;0;0;0;0;0;32;32;32;32
3;14;10;0;1;0;0;0;96.5;0;0;0;0;0;0;0;0;32;32;32;32
3;15;10;0;0;0;0;0;149.857142857143;0;0;0;0;0;0;0;0;0;0;0;0
3;16;10;0;0;0;0;0;148.857142857143;0;0;0;0;0;0;0;0;0;0;0;0
3;17;10;0;0;0;0;0;144.857142857143;0;0;0;0;0;0;0;0;0;0;0;0
3;18;10;0;0;0;0;0;142.857142857143;0;0;0;0;0;0;0;0;0;0;0;0
3;19;10;0;1;0;0;0;61.1428571428571;0;0;0;0;0;0;0;0;32;32;32;32
3;20;10;0;1;0;0;0;79.4285714285714;0;0;0;0;0;0;0;0;32;32;32;32
3;21;10;0;1;0;0;0;107.071428571429;0;0;0;0;0;0;0;0;32;32;32;32
3;22;10;0;0;0;0;0;137.857142857143;0;0;0;0;0;0;0;0;0;0;0;0
3;23;9;1;0;0;1;1;93.8571428571429;0;0;0;0;0;0;0;0;30;30;30;30
3;24;10;0;0;0;0;0;134.857142857143;0;0;0;0;0;0;0;0;0;0;0;0
3;25;10;2;0;0;1;1;107.571428571429;0;0;0;0;0;0;0;0;32;32;32;32
3;26;10;0;0;0;0;0;126.857142857143;0;0;0;0;0;0;0;0;0;0;0;0
3;27;10;0;0;0;0;0;115.857142857143;0;0;0;0;0;0;0;0;0;0;0;0
3;28;10;0;0;0;0;0;114.857142857143;0;0;0;0;0;0;0;0;0;0;0;0
3;29;10;0;0;0;0;0;113.857142857143;0;0;0;0;0;0;0;0;0;0;0;0
3;30;10;0;0;0;0;0;108.857142857143;0;0;0;0;0;0;0;0;0;0;0;0
3;31;10;0;0;0;0;0;99.8571428571429;0;0;0;0;0;0;0;0;0;0;0;0
3;33;10;0;0;0;0;0;42.8571428571429;0;0;0;0;0;0;0;0;0;0;0;0
3;35;10;3;0;0;2;2;22;0;0;0;0;0;8;0;0;32;32;32;32
4;2;10;0;4;0;0;0;52.1176470588235;0;0;4;0;0;0;0;0;32;32;32;32
4;3;10;8;1;0;2;2;19.9705882352941;9;0;0;0;8;6;0;0.833333333333333;32;34;34;34
4;4;10;2;0;0;1;1;163.735294117647;0;0;0;0;0;0;0;0;34;34;34;34
4;5;10;0;0;0;0;0;223.117647058824;0;0;0;0;0;0;0;0;0;0;0;0
4;6;10;2;0;0;1;1;90.5588235294118;0;0;0;0;0;0;0;0.666666666666666;32;32;32;3
4;7;10;0;2;0;0;0;24.8235294117647;0;0;0;0;0;0;0;0;32;32;32;32
4;8;8;2;0;0;1;1;34.1176470588235;0;0;0;0;0;0;0;0;32;32;32;32
4;9;10;0;1;0;0;0;98.7647058823529;0;0;0;0;0;0;0;0;32;32;32;32
4;10;10;0;0;0;0;0;215.117647058824;0;0;0;0;0;0;0;0;0;0;0;0
4;11;10;0;0;0;0;0;208.117647058824;0;0;0;0;0;0;0;0;0;0;0;0
4;12;10;0;0;0;0;0;207.117647058824;0;0;0;0;0;0;0;0;0;0;0;0
4;13;10;8;1;0;3;3;18.6470588235294;0;0;0;0;0;56;0;0;34;32;34;33
4;14;10;4;1;0;1;1;30.0588235294118;31;0;0;0;27;0;0;0.8;32;34;34;32
4;15;10;0;0;0;0;0;198.117647058824;0;0;0;0;0;0;0;0;0;0;0;0
4;16;10;5;0;0;1;1;76.7647058823529;0;0;0;0;0;0;0;2.5;32;32;32;2
4;17;10;4;0;0;1;1;35.9411764705882;0;0;0;0;0;0;0;0;32;32;32;32
4;18;10;2;1;0;1;1;54.9411764705882;0;0;0;0;0;0;0;0;33;33;33;33
4;19;10;4;1;0;2;1;14.3529411764706;0;0;0;0;0;28;0;4;34;32;34;32
4;20;10;0;1;0;3;0;12.0294117647059;0;0;0;0;0;0;7.16666666666666;0;34;34;32;34
4;21;10;0;1;0;0;0;35.1176470588235;0;0;0;0;0;0;0;0;32;32;32;32
4;22;10;0;0;0;0;0;186.117647058824;0;0;0;0;0;0;0;0;0;0;0;0
4;23;9;1;0;0;1;1;142.117647058824;0;0;0;0;0;0;0;0;30;30;30;30
4;24;10;2;0;0;1;1;52.1764705882353;0;0;0;0;0;0;0;0;32;32;32;32
4;25;8;3;0;0;2;2;26.4411764705882;0;0;0;0;0;20;0;0;32;32;32;32
4;26;10;0;0;0;0;0;175.117647058824;0;0;0;0;0;0;0;0;0;0;0;0
4;27;10;0;0;0;0;0;164.117647058824;0;0;0;0;0;0;0;0;0;0;0;0
4;28;10;3;0;0;2;2;40.7058823529412;0;0;0;0;0;44;0;0;34;32;34;33
4;29;10;0;1;0;0;0;151.117647058824;0;0;0;0;0;0;0;0;34;34;34;33
4;30;10;0;0;0;0;0;157.117647058824;0;0;0;0;0;0;0;0;0;0;0;0
4;31;10;5;0;0;3;3;22.1764705882353;0;0;0;0;0;28;0;0;34;32;34;34
4;33;10;0;0;0;0;0;91.1176470588235;0;0;0;0;0;0;0;0;0;0;0;0
4;35;7;10;0;0;6;6;9.52941176470588;0;0;0;0;0;80;0;0;34;2;34;34
4;65;10;5;0;0;1;1;10.5;0;0;0;0;0;0;0;0;34;34;34;34
4;68;10;3;0;0;1;1;6.75;0;0;0;0;0;0;0;3;34;34;34;2
5;2;10;0;4;0;0;0;113.37037037037;0;0;6;0;0;0;0;0;32;32;32;32
5;3;2;10;1;0;3;3;19.2222222222222;9;0;1;0;20;52;0;0.833333333333333;3;15;34;5
5;4;8;2;0;0;1;1;42.9285714285714;0;0;0;0;0;0;0;0;34;34;34;34
5;5;10;0;0;0;0;0;283.928571428571;0;0;0;0;0;0;0;0;0;0;0;0
5;6;8;2;0;0;1;1;69.9285714285714;0;0;0;0;0;0;0;0.666666666666666;32;32;32;3
5;7;10;0;2;0;0;0;75.9285714285714;0;0;0;0;0;0;0;0;32;32;32;32
5;8;8;2;0;0;1;1;94.9285714285714;0;0;0;0;0;0;0;0;32;32;32;32
5;9;10;6;1;0;1;1;52.4642857142857;0;0;0;0;5;0;0;0;32;34;34;33
5;10;10;0;1;0;0;0;38.7142857142857;0;0;0;0;0;0;0;0;34;34;34;33
5;11;10;2;0;0;1;1;160.892857142857;0;0;0;0;0;0;0;0.222222222222222;34;34;34;9
5;12;10;3;0;0;1;1;207.928571428571;0;0;0;0;0;0;0;0;34;34;34;33
5;13;2;8;1;0;4;3;18.5;0;0;0;0;0;100;0;0;34;6;34;33
5;14;6;9;1;0;2;2;20.5714285714286;31;0;0;0;34;28;0;0.8;1;34;34;5
5;15;10;0;0;0;0;0;258.928571428571;0;0;0;0;0;0;0;0;0;0;0;0
5;16;5;7;1;0;2;2;28.9285714285714;0;0;0;0;0;75;0;2.5;34;32;34;3
5;17;6;5;0;0;2;2;87.3703703703704;0;0;0;0;0;116;0;0;34;32;34;33
5;18;8;2;1;0;3;1;23.2962962962963;0;0;0;0;0;44;0;0;34;33;34;33
5;19;6;4;1;0;2;1;53.3703703703704;0;0;0;0;0;28;0;4;34;5;34;1
5;20;10;2;1;0;4;1;24.7777777777778;0;0;0;0;0;0;10.8;0;34;34;1;34
5;21;10;0;1;0;0;0;96.3703703703704;0;0;1;0;0;0;0;0;32;32;32;32
5;22;10;0;0;0;0;0;247.37037037037;0;0;0;0;0;0;0;0;0;0;0;0
5;23;9;2;0;0;2;2;88.4074074074074;0;0;0;0;0;0;0;0;34;34;34;33
5;24;8;4;0;0;3;3;18.8148148148148;0;0;0;0;0;51;0;1;34;32;34;33
5;25;7;5;0;0;3;3;51.9259259259259;0;0;0;0;0;82;0;0;34;3;34;33
5;26;10;2;0;0;1;1;122.259259259259;0;0;0;0;0;0;0;1;34;34;34;5
5;27;10;6;1;0;2;2;28.6296296296296;0;0;0;0;6;30;0;0;34;34;34;33
5;28;7;5;0;0;3;3;20.7037037037037;0;0;0;0;0;52;0;0;34;12;34;33
5;29;10;0;1;0;0;0;35.9285714285714;0;0;0;0;0;0;0;0;34;34;34;33
5;30;10;0;0;0;0;0;217.928571428571;0;0;0;0;0;0;0;0;0;0;0;0
5;31;5;5;0;0;3;3;36.9285714285714;0;0;0;0;0;28;0;0;34;10;34;33
5;33;10;0;0;0;0;0;151.928571428571;0;0;0;0;0;0;0;0;0;0;0;0
5;35;2;10;0;0;9;8;11.9642857142857;0;0;0;0;0;80;0;-1;34;7;34;34
5;49;3;240;2;2;0;8;0;0;0;0;1;8;21;21;10;51;2;0;0
5;65;5;6;0;0;2;2;43.0714285714286;0;0;0;0;0;25;0;0;34;34;34;34
5;68;7;5;1;0;2;2;16.4642857142857;0;0;0;0;0;0;0;3;34;34;34;2
5;82;29;294;1;1;0;0;0;0;0;0;0;0;0;0;7;23;2;0;0
6;2;10;0;4;0;0;0;174.53125;0;0;6;0;0;0;0;0;32;32;32;32
6;3;0;10;1;0;3;3;63.53125;9;0;1;0;20;52;0;0.833333333333333;2;9;34;5
6;4;8;2;0;0;1;1;104.53125;0;0;0;0;0;0;0;0;34;34;34;34
6;5;10;1;0;0;1;1;222.46875;0;0;0;0;0;0;0;1;34;34;34;7
6;6;8;5;0;0;2;2;67.53125;0;0;0;0;0;30;0;0.666666666666666;34;32;34;9
6;7;10;9;2;0;2;2;26.25;0;0;0;0;15;75;0;0;32;34;34;33
6;8;8;4;0;0;2;2;107.875;0;0;0;0;0;70;0;0;34;32;34;33
6;9;4;8;1;0;2;2;24.6875;0;0;0;0;5;0;0;0;7;34;34;33
6;10;10;0;1;0;0;0;91.53125;0;0;1;0;0;0;0;0;34;34;34;33
6;11;8;2;0;0;1;1;55.53125;0;0;0;0;0;0;0;0.222222222222222;34;34;34;9
6;12;7;6;0;0;2;2;25.90625;0;0;0;0;0;24;0;1;34;34;34;33
6;13;2;9;1;0;6;4;31.4375;0;0;0;0;0;240;0;0;34;2;34;33
6;14;1;9;1;0;2;2;77.53125;31;0;0;0;34;28;0;0.8;1;13;34;5
6;15;10;0;0;0;0;0;320.53125;0;0;0;0;0;0;0;0;0;0;0;0
6;16;3;7;1;0;2;2;35.53125;0;0;0;0;0;75;0;2.5;34;8;34;3
6;17;5;10;0;0;5;5;14.65625;0;0;0;0;0;151;0;0.5;34;5;34;33
6;18;8;10;1;0;8;6;12.34375;6;0;0;0;0;72;0;0.4;34;23;34;33
6;19;6;4;2;0;2;1;67.28125;0;0;0;0;8;88;0;4;34;13;34;1
6;20;8;7;1;0;7;3;28.09375;0;0;0;0;0;8;14.4722222222222;0;34;34;1;33
6;21;10;0;1;0;0;0;157.53125;0;0;1;0;0;0;0;0;32;32;32;32
6;22;10;4;0;0;1;1;131;0;0;0;0;0;0;0;0;34;34;34;33
6;23;8;4;0;0;3;3;53.46875;0;0;0;0;0;0;0;0;34;34;34;33
6;24;6;5;0;0;4;4;30.15625;0;0;0;0;0;77;0;1;34;10;34;6
6;25;5;5;0;0;3;3;54.53125;0;0;0;0;0;82;0;0;34;3;34;33
6;26;8;4;0;0;2;2;27;0;0;0;0;0;0;0;1.2;34;34;34;5
6;27;4;9;1;0;3;3;23.15625;0;0;1;0;6;42;0;0;6;15;34;33
6;28;2;10;0;0;5;5;20.625;0;0;0;0;0;71;0;0;34;13;34;33
6;29;10;0;1;0;0;0;97.53125;0;0;0;0;0;0;0;0;34;34;34;33
6;30;10;0;0;0;0;0;279.53125;0;0;0;0;0;0;0;0;0;0;0;0
6;31;5;5;0;0;3;3;98.53125;0;0;0;0;0;28;0;0;34;10;34;33
6;33;10;0;0;0;0;0;213.53125;0;0;0;0;0;0;0;0;0;0;0;0
6;35;0;10;1;0;9;8;29.90625;0;0;0;0;0;195;0;-1.25;34;5;34;34
6;65;4;6;0;0;3;2;29.53125;0;0;0;0;0;90;0;0;34;16;34;33
6;68;5;10;2;0;3;3;27.53125;0;0;0;0;6;0;0;3;34;34;34;2
7;2;10;0;4;0;0;0;244.8;0;0;6;0;0;0;0;0;32;32;32;32
7;3;0;10;1;0;3;3;133.8;9;0;1;0;20;52;0;0.833333333333333;2;9;34;5
7;4;8;2;0;0;1;1;174.8;0;0;0;0;0;0;0;0;34;34;34;34
7;5;9;4;0;0;2;2;20.3;0;0;0;0;0;0;0;1;35;35;35;7
7;6;5;5;0;0;2;2;73.8;0;0;0;0;0;30;0;0.666666666666666;34;18;34;9
7;7;1;9;2;0;2;2;46.8;0;0;0;0;15;75;0;0;4;15;34;33
7;8;6;4;0;0;2;2;53.8;0;0;0;0;0;70;0;0;34;15;34;33
7;9;2;8;1;0;2;2;74.8;0;0;0;0;5;0;0;0;7;34;34;33
7;10;10;0;1;0;0;0;161.8;0;0;1;0;0;0;0;0;34;34;34;33
7;11;8;2;0;0;1;1;125.8;0;0;0;0;0;0;0;0.222222222222222;34;34;34;9
7;12;4;6;0;0;2;2;91.8;0;0;0;0;0;24;0;1;34;17;34;6
7;13;0;10;1;0;8;5;19.05;0;0;0;0;0;242;0;0;35;1;35;34
7;14;1;9;1;0;2;2;147.8;31;0;0;0;34;28;0;0.8;1;13;34;5
7;15;10;0;0;0;0;0;390.8;0;0;0;0;0;0;0;0;0;0;0;0
7;16;3;7;1;0;2;2;105.8;0;0;0;0;0;75;0;2.5;34;8;34;3
7;17;2;10;0;0;7;7;17.25;0;0;0;0;0;152;0;0.5;35;6;35;13
7;18;3;7;1;0;9;6;29.15;6;0;0;0;0;8;0;0.4;35;23;35;12
7;19;6;4;2;0;3;1;25.2;0;0;0;0;16;88;0;4;5;14;35;1
7;20;3;7;1;0;7;3;61.8;0;0;0;0;0;8;14.4722222222222;0;34;22;1;33
7;21;10;0;1;0;0;0;227.8;0;0;1;0;0;0;0;0;32;32;32;32
7;22;6;4;0;0;1;1;79.8;0;0;0;0;0;0;0;0;34;34;34;33
7;23;6;4;0;0;3;3;49.8;0;0;0;0;0;0;0;0;34;34;34;33
7;24;5;5;0;0;4;4;90.8;0;0;0;0;0;77;0;1;34;10;34;6
7;25;5;5;0;0;3;3;124.8;0;0;0;0;0;82;0;0;34;3;34;33
7;26;6;7;0;0;5;5;20.85;0;0;0;0;0;14;0;1.84285714285714;35;34;35;5
7;27;1;9;1;0;3;3;90.8;0;0;1;0;6;42;0;0;6;15;34;33
7;28;4;10;0;0;8;8;38.5;0;0;0;0;0;112;0;2;35;13;35;33
7;29;10;0;1;0;0;0;167.8;0;0;0;0;0;0;0;0;34;34;34;33
7;30;10;0;0;0;0;0;349.8;0;0;0;0;0;0;0;0;0;0;0;0
7;31;5;5;0;0;4;3;35.6;0;0;0;0;0;136;0;0;35;10;35;34
7;33;10;0;0;0;0;0;283.8;0;0;0;0;0;0;0;0;0;0;0;0
7;35;0;10;1;0;10;8;51.25;0;0;0;0;2;248;0;-1.25;34;2;35;35
7;65;4;6;0;0;4;2;32.9;0;0;0;0;0;90;2;0;35;15;34;34
7;68;5;10;2;0;7;7;28.8;0;0;0;0;6;0;0;5.5;7;35;35;2
7;146;10;0;0;0;0;0;27.5789473684211;0;0;0;0;0;0;0;0;0;0;0;0
8;2;10;0;4;0;0;0;295.045454545455;0;0;6;0;0;0;0;0;32;32;32;32
8;3;0;10;1;0;3;3;184.045454545455;9;0;1;0;20;52;0;0.833333333333333;2;9;34;5
8;4;8;5;0;0;2;2;88.8636363636364;0;0;0;0;0;20;0;0;36;34;36;35
8;5;6;4;0;0;2;2;58.0454545454545;0;0;0;0;0;0;0;1;35;35;35;7
8;6;5;5;0;0;2;2;124.045454545455;0;0;0;0;0;30;0;0.666666666666666;34;18;34;9
8;7;0;10;2;0;3;3;32.1363636363636;15;0;0;0;15;119;0;1.11111111111111;5;9;35;6
8;8;6;4;0;0;2;2;104.045454545455;0;0;0;0;0;70;0;0;34;15;34;33
8;9;2;8;1;0;2;2;125.045454545455;0;0;0;0;5;0;0;0;7;34;34;33
8;10;10;0;1;0;0;0;212.045454545455;0;0;1;0;0;0;0;0;34;34;34;33
8;11;8;2;0;0;1;1;176.045454545455;0;0;0;0;0;0;0;0.222222222222222;34;34;34;9
8;12;4;6;0;0;2;2;142.045454545455;0;0;0;0;0;24;0;1;34;17;34;6
8;13;0;10;2;0;8;5;49.5909090909091;0;0;0;0;0;293;0.5;0;36;1;35;35
8;14;1;9;1;0;2;2;198.045454545455;31;0;0;0;34;28;0;0.8;1;13;34;5
8;15;10;0;0;0;0;0;441.045454545455;0;0;0;0;0;0;0;0;0;0;0;0
8;16;3;10;1;0;3;3;76.0454545454545;0;0;0;0;4;153;0;2.5;34;9;36;3
8;17;2;10;0;0;11;11;27.4545454545455;0;0;0;0;0;167;0;2.36666666666666;36;6;35;13
8;18;3;7;1;0;9;6;41.0454545454545;6;0;0;0;0;8;0;0.4;35;23;35;12
8;19;6;4;2;0;5;1;22.3181818181818;0;0;0;0;17;88;1;4;5;17;35;2
8;20;3;7;1;0;7;3;112.045454545455;0;0;0;0;0;8;14.4722222222222;0;34;22;1;33
8;21;10;0;1;0;0;0;278.045454545455;0;0;1;0;0;0;0;0;32;32;32;32
8;22;6;4;0;0;1;1;130.045454545455;0;0;0;0;0;0;0;0;34;34;34;33
8;23;6;4;0;0;3;3;100.045454545455;0;0;0;0;0;0;0;0;34;34;34;33
8;24;5;5;0;0;4;4;141.045454545455;0;0;0;0;0;77;0;1;34;10;34;6
8;25;5;6;0;0;4;4;63.9090909090909;0;0;0;0;0;167;0;0;36;5;36;35
8;26;3;7;0;0;5;5;33.0454545454545;0;0;0;0;0;10;0;1.84285714285714;35;24;35;5
8;27;5;9;1;0;5;5;97.6818181818182;0;0;1;0;6;104;0;0;8;15;36;35
8;28;4;6;0;0;9;8;25.0454545454545;0;0;0;0;0;122;0;2;36;11;36;5
8;29;10;0;1;0;0;0;218.045454545455;0;0;0;0;0;0;0;0;34;34;34;33
8;30;10;0;0;0;0;0;400.045454545455;0;0;0;0;0;0;0;0;0;0;0;0
8;31;5;7;0;0;5;4;45.2727272727273;0;0;0;0;0;156;0;0;36;8;36;35
8;33;10;0;0;0;0;0;334.045454545455;0;0;0;0;0;0;0;0;0;0;0;0
8;35;2;10;1;0;14;11;9.59090909090909;0;0;0;0;3;275;0;-1.25;12;3;36;36
8;65;4;6;0;0;5;2;21.9545454545455;0;0;0;0;0;85;3.33333333333333;0;36;18;2;35
8;68;3;10;2;0;9;9;19.3181818181818;0;0;0;0;6;25;0;5.5;7;35;36;1
8;146;10;0;0;0;0;0;76.0454545454545;0;0;0;0;0;0;0;0;0;0;0;0
8;169;10;0;0;0;0;0;26.4736842105263;0;0;0;0;0;0;0;0;0;0;0;0
9;2;10;0;4;0;0;0;358.090909090909;0;0;7;0;0;0;0;0;32;32;32;32
9;3;0;10;1;0;3;3;247.090909090909;9;0;1;0;20;52;0;0.833333333333333;2;9;34;5
9;4;5;5;0;0;2;2;74.0909090909091;0;0;0;0;0;20;0;0;36;23;36;35
9;5;6;6;0;0;3;3;38.4545454545455;0;0;0;0;0;39;0;1;36;35;35;9
9;6;5;5;0;0;2;2;187.090909090909;0;0;0;0;0;30;0;0.666666666666666;34;18;34;9
9;7;0;10;2;0;3;3;92.0909090909091;15;0;0;0;15;119;0;1.11111111111111;5;9;35;6
9;8;6;4;0;0;2;2;167.090909090909;0;0;0;0;0;70;0;0;34;15;34;33
9;9;2;8;1;0;2;2;188.090909090909;0;0;0;0;5;0;0;0;7;34;34;33
9;10;10;0;1;0;0;0;275.090909090909;0;0;1;0;0;0;0;0;34;34;34;33
9;11;8;4;0;0;2;2;239.090909090909;0;0;0;0;0;4;0;0.222222222222222;38;34;36;18
9;12;4;10;0;0;3;3;66.9090909090909;0;0;0;0;0;132;0;1;36;17;34;9
9;13;1;10;2;0;9;6;24.6363636363636;0;0;0;0;6;293;0.5;0.5;36;1;4;35
9;14;1;9;2;0;2;2;141.545454545455;31;0;1;0;36;274;0;0.8;2;13;35;12
9;15;10;0;0;0;0;0;504.090909090909;0;0;0;0;0;0;0;0;0;0;0;0
9;16;0;10;1;0;3;3;59.0909090909091;0;0;0;0;4;153;0;2.5;9;9;36;3
9;17;0;10;0;0;11;11;40.0909090909091;0;0;0;0;0;167;0;0.583333333333333;36;6;34;13
9;18;3;7;1;0;9;6;104.090909090909;6;0;0;0;0;8;0;0.4;35;23;35;12
9;19;6;4;2;0;6;1;36.2727272727273;0;0;0;0;17;88;0;4;4;17;37;2
9;20;3;8;1;0;8;4;85.6363636363636;0;0;0;0;2;16;15.1443722943722;1;34;25;1;33
9;21;10;0;1;0;0;0;341.090909090909;0;0;1;0;0;0;0;0;32;32;32;32
9;22;6;4;0;0;1;1;193.090909090909;0;0;0;0;0;0;0;0;34;34;34;33
9;23;6;4;0;0;3;3;163.090909090909;0;0;0;0;0;0;0;0;34;34;34;33
9;24;5;5;0;0;4;4;204.090909090909;0;0;0;0;0;77;0;1;34;10;34;6
9;25;4;6;0;0;4;4;75.0909090909091;0;0;0;0;0;167;0;0;36;5;36;35
9;26;3;7;0;0;5;5;96.0909090909091;0;0;0;0;0;10;0;1.84285714285714;35;24;35;5
9;27;1;9;1;0;5;5;45.0909090909091;0;0;1;0;6;104;0;0;8;14;36;35
9;28;4;6;1;0;9;8;31.7272727272727;0;0;1;0;0;122;-1;2;36;11;36;4
9;29;10;0;1;0;0;0;281.090909090909;0;0;0;0;0;0;0;0;34;34;34;33
9;30;10;0;0;0;0;0;463.090909090909;0;0;0;0;0;0;0;0;0;0;0;0
9;31;3;9;0;0;6;5;39.6363636363636;0;0;0;0;0;156;0;1;37;8;36;35
9;33;10;0;0;0;0;0;397.090909090909;0;0;0;0;0;0;0;0;0;0;0;0
9;35;1;9;1;0;15;11;26.4545454545455;0;0;0;0;3;236;0;-3.18181818181818;12;3;35;37
9;65;4;6;0;0;5;2;55.0909090909091;0;0;0;0;0;60;3.33333333333333;0;36;18;2;35
9;68;0;10;3;0;9;9;43.1818181818182;0;0;0;0;6;40;0;4.5;9;22;36;1
9;146;10;0;0;0;0;0;139.090909090909;0;0;0;0;0;0;0;0;0;0;0;0
9;169;10;0;0;0;0;0;85.0909090909091;0;0;0;0;0;0;0;0;0;0;0;0
9;194;10;0;0;0;0;0;22;0;0;0;0;0;0;0;0;0;0;0;0
9;199;10;0;0;0;0;0;0.5;0;0;0;0;0;0;0;0;0;0;0;0
10;2;10;0;4;0;0;0;409.911764705882;0;0;8;0;0;0;0;0;32;32;32;32
10;3;0;10;1;0;3;3;298.911764705882;9;0;1;0;20;52;0;0.833333333333333;2;9;34;5
10;4;5;7;0;0;3;3;92.7352941176471;0;0;0;0;0;29;0;0;38;24;36;36
10;5;4;7;0;0;4;4;33.7352941176471;0;0;0;0;0;53;0;1;38;21;37;12
10;6;5;7;0;0;3;3;158.029411764706;0;0;0;0;0;90;0;0.666666666666666;38;18;37;15
10;7;0;10;2;0;3;3;143.911764705882;15;0;0;0;15;119;0;1.11111111111111;5;9;35;6
10;8;6;8;0;0;4;4;44.2058823529412;0;0;0;0;0;114;0;0;38;15;37;37
10;9;2;8;1;0;3;2;117.088235294118;0;0;0;0;5;46;0;0;10;34;37;37
10;10;10;0;1;0;0;0;326.911764705882;0;0;1;0;0;0;0;0;34;34;34;33
10;11;8;4;0;0;4;3;11.7058823529412;0;0;0;0;0;16;0;0.888888888888888;38;27;38;18
10;12;0;10;0;0;3;3;66.9117647058823;0;0;0;0;0;132;0;1;36;10;34;9
10;13;3;9;2;0;11;8;27.0882352941176;0;0;0;0;9;261;0.966666666666666;0.5;7;2;5;16
10;14;1;10;2;0;3;3;27;31;0;1;0;45;274;0;0.8;2;2;37;14
10;15;10;0;0;0;0;0;555.911764705882;0;0;0;0;0;0;0;0;0;0;0;0
10;16;5;10;1;0;4;4;92.0882352941177;0;0;0;0;6;153;0;2.5;9;17;36;15
10;17;1;10;0;0;13;13;26.6176470588235;0;0;0;0;0;167;0;1.38333333333333;38;6;36;13
10;18;3;7;2;0;9;6;66.9705882352941;6;0;0;0;0;12;3.05;0.4;38;27;35;17
10;19;6;6;2;0;8;2;13.6764705882353;0;0;0;0;17;88;0.533333333333333;4.55384615384615;4;18;37;2
10;20;2;10;1;0;11;7;26.9705882352941;0;0;0;0;2;18;15.2982184482184;1;15;26;1;36
10;21;10;0;1;0;0;0;392.911764705882;0;0;1;0;0;0;0;0;32;32;32;32
10;22;6;4;0;0;1;1;244.911764705882;0;0;0;0;0;0;0;0;34;34;34;33
10;23;6;4;0;0;3;3;214.911764705882;0;0;0;0;0;0;0;0;34;34;34;33
10;24;5;7;0;0;5;5;177.088235294118;0;0;0;0;0;118;0;1;38;14;35;37
10;25;4;9;0;0;6;6;25.1176470588235;0;0;0;0;0;176;0;0;38;5;36;37
10;26;3;10;0;0;7;7;22.9705882352941;0;0;0;0;0;22;0;1.84285714285714;38;25;36;5
10;27;1;9;1;0;5;5;96.9117647058823;0;0;1;0;6;104;0;0;8;14;36;35
10;28;4;7;1;0;10;9;45.0882352941176;0;0;2;0;0;122;-1;2;38;11;38;4
10;29;10;0;1;0;0;0;332.911764705882;0;0;0;0;0;0;0;0;34;34;34;33
10;30;10;0;0;0;0;0;514.911764705882;0;0;0;0;0;0;0;0;0;0;0;0
10;31;1;9;0;0;6;5;30.9117647058824;0;0;0;0;0;156;0;1;37;8;35;11
10;33;10;0;0;0;0;0;448.911764705882;0;0;0;0;0;0;0;0;0;0;0;0
10;35;1;9;2;0;15;11;18.2352941176471;0;0;0;0;3;239;0;-3.18181818181818;12;3;37;38
10;65;4;6;0;0;5;2;106.911764705882;0;0;0;0;0;60;3.33333333333333;0;36;18;2;35
10;68;3;10;3;0;16;15;11.2647058823529;0;0;0;0;16;46;0;6;9;21;37;2
10;146;10;0;0;0;0;0;190.911764705882;0;0;0;0;0;0;0;0;0;0;0;0
10;169;10;0;0;0;0;0;136.911764705882;0;0;0;0;0;0;0;0;0;0;0;0
10;194;10;0;0;0;0;0;58.9117647058824;0;0;0;0;0;0;0;0;0;0;0;0
10;199;10;0;0;0;0;0;29.9117647058824;0;0;0;0;0;0;0;0;0;0;0;0
10;234;10;0;0;0;0;0;6;0;0;0;0;0;0;0;0;0;0;0;0
11;2;10;0;4;0;0;0;468.5;0;0;8;0;0;0;0;0;32;32;32;32
11;3;0;10;1;0;3;3;357.473684210526;9;0;1;0;20;52;0;0.833333333333333;2;9;34;5
11;4;3;7;0;0;3;3;43.4736842105263;0;0;0;0;0;29;0;0;38;24;35;36
11;5;2;8;0;0;5;5;24.1052631578947;0;0;0;0;0;54;0;1;39;19;35;9
11;6;3;7;0;0;3;3;47.4736842105263;0;0;0;0;0;90;0;0.666666666666666;38;16;37;15
11;7;2;10;2;0;4;4;146.684210526316;15;0;0;0;16;182;0;1.11111111111111;6;9;35;6
11;8;2;10;0;0;5;5;42.0526315789474;0;0;0;0;0;132;0;1;40;13;37;37
11;9;2;8;1;0;3;2;66.4736842105263;0;0;0;0;5;46;0;0;10;21;37;37
11;10;10;0;1;0;0;0;385.473684210526;0;0;1;0;0;0;0;0;34;34;34;33
11;11;8;5;0;0;5;4;23.4210526315789;0;0;0;0;0;4;-2;0.888888888888888;39;27;38;12
11;12;0;10;0;0;3;3;125.473684210526;0;0;0;0;0;132;0;1;36;10;34;9
11;13;1;9;2;0;13;8;19.8421052631579;0;0;0;0;10;277;0.966666666666666;0.166666666666666;8;2;5;18
11;14;0;10;2;0;3;3;67.4736842105263;31;0;1;0;45;274;0;0.8;2;1;37;14
11;15;10;0;0;0;0;0;614.5;0;0;0;0;0;0;0;0;0;0;0;0
11;16;5;10;1;0;5;5;22.7222222222222;0;0;0;0;6;68;0;0.476190476190476;10;19;35;15
11;17;0;10;0;0;13;13;76.5;0;0;0;0;0;167;0;1.38333333333333;38;6;36;6
11;18;3;7;2;0;10;6;64.8333333333333;6;0;0;0;11;16;3.55;0.4;38;27;3;17
11;19;4;8;2;0;10;3;16.8333333333333;0;0;0;0;17;60;0.533333333333333;4.55384615384615;4;20;37;2
11;20;1;9;1;0;11;7;43.5;0;0;0;0;2;14;15.2982184482184;-0.583333333333333;15;26;1;36
11;21;10;0;1;0;0;0;451.5;0;0;1;0;0;0;0;0;32;32;32;32
11;22;6;7;0;0;2;2;51.0555555555556;0;0;0;0;0;100;0;0;39;34;35;36
11;23;6;4;0;0;3;3;273.5;0;0;0;0;0;0;0;0;34;34;34;33
11;24;3;7;0;0;5;5;46.5;0;0;0;0;0;118;0;-2;38;14;35;37
11;25;2;9;0;0;7;7;31.8333333333333;0;0;0;0;0;191;0;0.45;39;6;36;37
11;26;1;10;0;0;8;8;45.6666666666667;0;0;0;0;0;40;0;2.2095238095238;39;24;36;5
11;27;1;9;1;0;5;5;155.473684210526;0;0;1;0;6;104;0;0;8;14;36;35
11;28;3;8;1;0;11;10;41.2631578947368;0;0;2;0;0;122;-1;2.33333333333333;40;12;40;4
11;29;10;0;1;0;0;0;391.473684210526;0;0;0;0;0;0;0;0;34;34;34;33
11;30;10;0;0;0;0;0;573.473684210526;0;0;0;0;0;0;0;0;0;0;0;0
11;31;1;9;0;0;6;5;89.4736842105263;0;0;0;0;0;156;0;1;37;8;35;11
11;33;10;0;0;0;0;0;507.473684210526;0;0;0;0;0;0;0;0;0;0;0;0
11;35;1;9;2;0;16;11;23.0526315789474;0;0;0;0;5;239;0;-3.18181818181818;12;3;37;39
11;65;4;6;0;0;6;2;104.684210526316;0;0;0;0;0;75;3.48333333333333;0;39;18;3;36
11;68;3;10;3;0;19;18;17.7894736842105;0;0;0;0;16;67;0;5;6;21;35;3
11;132;19;403;1;1;0;3;0;0;0;0;1;3;6;6;24;0;2;0;0
11;146;10;0;0;0;0;0;249.473684210526;0;0;0;0;0;0;0;0;0;0;0;0
11;169;10;0;0;0;0;0;195.473684210526;0;0;0;0;0;0;0;0;0;0;0;0
11;194;10;0;0;0;0;0;117.473684210526;0;0;0;0;0;0;0;0;0;0;0;0
11;196;68;579;2;2;0;13;0;2;0;0.153846153846153;0.846153846153846;11;9;10;7;34;2;0;0
11;199;10;0;0;0;0;0;88.4736842105263;0;0;0;0;0;0;0;0;0;0;0;0
11;222;35;634;4;4;0;3;0;1;0;0.333333333333333;0.666666666666666;1;2;2;23;0;2;0;0
11;234;10;0;0;0;0;0;37.4736842105263;0;0;0;0;0;0;0;0;0;0;0;0
11;251;10;0;0;0;0;0;12.2;0;0;0;0;0;0;0;0;0;0;0;0
12;2;10;0;4;0;0;0;527.4;0;0;8;0;0;0;0;0;32;32;32;32
12;3;0;10;1;0;3;3;416.4;9;0;1;0;20;52;0;0.833333333333333;2;9;34;5
12;4;3;7;0;0;3;3;102.4;0;0;0;0;0;29;0;0;38;24;35;36
12;5;2;8;0;0;5;5;80.4;0;0;0;0;0;54;0;1;39;19;35;9
12;6;3;10;0;0;4;4;90.2666666666667;0;0;0;0;0;104;0;1.16666666666666;40;16;37;15
12;7;2;10;2;0;5;5;49.4;15;0;0;0;16;182;0;1.39682539682539;6;6;37;6
12;8;0;10;0;0;5;5;29.4;0;0;0;0;0;132;0;1;40;11;36;10
12;9;2;8;1;0;3;2;125.4;0;0;0;0;5;46;0;0;10;21;37;37
12;10;10;0;1;0;0;0;444.4;0;0;1;0;0;0;0;0;34;34;34;33
12;11;5;5;0;0;5;4;78.4;0;0;0;0;0;4;-2.33333333333333;0.888888888888888;39;27;38;10
12;12;0;10;0;0;3;3;184.4;0;0;0;0;0;132;0;1;36;10;34;9
12;13;1;10;2;0;14;9;20.2;0;0;0;0;10;277;0.966666666666666;0.416666666666666;8;2;5;18
12;14;0;10;2;0;3;3;126.4;31;0;1;0;45;274;0;0.8;2;1;37;14
12;15;10;0;0;0;0;0;673.4;0;0;0;0;0;0;0;0;0;0;0;0
12;16;0;10;1;0;6;5;31.0666666666667;0;0;0;0;6;68;0;0.476190476190476;10;19;36;15
12;17;0;10;0;0;13;13;135.4;0;0;0;0;0;167;0;1.38333333333333;38;6;36;6
12;18;5;10;2;0;12;8;15.2666666666667;16;0;0;0;11;16;3.55;2.06666666666666;7;27;2;18
12;19;2;8;3;0;11;3;23.2666666666667;0;0;0;0;17;60;-1.8;3.93479853479853;4;21;39;2
12;20;1;10;1;0;12;8;67.7333333333333;0;0;0;0;2;21;15.2982184482184;-0.583333333333333;15;26;1;37
12;21;10;0;1;0;0;0;510.4;0;0;1;0;0;0;0;0;32;32;32;32
12;22;3;7;0;0;2;2;78.4;0;0;0;0;0;100;0;0;39;14;35;36
12;23;6;4;0;0;3;3;332.4;0;0;0;0;0;0;0;0;34;34;34;33
12;24;3;8;0;0;6;6;73.9333333333333;0;0;0;0;0;118;0;-1.8;40;14;36;38
12;25;2;8;0;0;7;7;70.4;0;0;0;0;0;191;0;0.45;39;6;35;15
12;26;1;10;0;0;9;9;25.1333333333333;0;0;0;0;0;44;0;2.54285714285714;40;24;36;3
12;27;5;9;1;0;7;7;89.6;0;0;1;0;6;121;0;0;10;14;36;40
12;28;2;8;1;0;11;10;40.4;0;0;2;0;0;118;-3.66666666666666;2.33333333333333;40;12;40;3
12;29;10;0;1;0;0;0;450.4;0;0;0;0;0;0;0;0;34;34;34;33
12;30;10;0;0;0;0;0;632.4;0;0;0;0;0;0;0;0;0;0;0;0
12;31;1;9;0;0;6;5;148.4;0;0;0;0;0;156;0;1;37;8;35;11
12;33;10;0;0;0;0;0;566.4;0;0;0;0;0;0;0;0;0;0;0;0
12;35;1;9;3;0;16;11;29.6666666666667;0;0;1;0;5;265;0;-3.18181818181818;12;3;36;40
12;65;4;6;0;0;7;2;44.6;0;0;0;0;0;75;3.48333333333333;0;40;18;5;36
12;68;0;10;3;0;19;18;64.4;0;0;0;0;16;57;0;5;6;21;35;1
12;146;10;0;0;0;0;0;308.4;0;0;0;0;0;0;0;0;0;0;0;0
12;169;10;0;0;0;0;0;254.4;0;0;0;0;0;0;0;0;0;0;0;0
12;194;10;0;0;0;0;0;176.4;0;0;0;0;0;0;0;0;0;0;0;0
12;199;10;0;0;0;0;0;147.4;0;0;0;0;0;0;0;0;0;0;0;0
12;234;10;0;0;0;0;0;96.4;0;0;0;0;0;0;0;0;0;0;0;0
12;251;10;0;0;0;0;0;46.4;0;0;0;0;0;0;0;0;0;0;0;0
13;2;10;0;4;0;0;0;595.04;0;0;9;0;0;0;0;0;32;32;32;32
13;3;0;10;1;0;3;3;484.04;9;0;2;0;20;52;0;0.833333333333333;2;9;34;5
13;4;3;7;0;0;3;3;170.04;0;0;0;0;0;29;0;0;38;24;35;36
13;5;2;8;0;0;5;5;148.04;0;0;0;0;0;54;0;1;39;19;35;9
13;6;0;10;0;0;4;4;53.04;0;0;0;0;0;104;0;1.16666666666666;40;15;37;7
13;7;0;10;2;0;5;5;38.04;15;0;0;0;16;182;0;1.39682539682539;6;6;37;6
13;8;0;10;0;0;5;5;97.04;0;0;0;0;0;132;0;1;40;11;36;10
13;9;2;8;1;0;3;2;193.04;0;0;0;0;5;46;0;0;10;21;37;37
13;10;10;0;1;0;0;0;512.04;0;0;1;0;0;0;0;0;34;34;34;33
13;11;5;5;0;0;5;4;146.04;0;0;0;0;0;4;-2.33333333333333;0.888888888888888;39;27;38;10
13;12;0;10;0;0;3;3;252.04;0;0;0;0;0;132;0;1;36;10;34;9
13;13;0;10;3;0;14;9;41.32;0;0;0;0;10;281;0.966666666666666;0.416666666666666;8;2;7;17
13;14;0;10;2;0;3;3;194.04;31;0;1;0;45;274;0;0.8;2;1;37;14
13;15;10;0;0;0;0;0;741.04;0;0;0;0;0;0;0;0;0;0;0;0
13;16;7;10;1;0;8;7;48.88;0;0;0;0;8;66;3;0.476190476190476;10;20;36;38
13;17;3;10;0;0;17;17;80.8;0;0;0;0;0;167;0;5.09583333333333;41;16;38;6
13;18;0;10;2;0;13;8;40.24;16;0;0;0;11;16;3.55;2.06666666666666;7;27;2;6
13;19;2;8;3;0;11;3;40.04;0;0;1;0;17;60;-1.8;3.93479853479853;4;21;39;2
13;20;2;10;1;0;14;10;59.4;0;0;0;0;2;22;14.7410755910755;-0.583333333333333;15;26;1;38
13;21;10;0;1;0;0;0;578.04;0;0;1;0;0;0;0;0;32;32;32;32
13;22;3;7;0;0;2;2;146.04;0;0;0;0;0;100;0;0;39;14;35;36
13;23;6;4;0;0;3;3;400.04;0;0;0;0;0;0;0;0;34;34;34;33
13;24;2;8;0;0;6;6;55.04;0;0;0;0;0;114;0;-1.8;40;14;36;38
13;25;2;8;0;0;7;7;138.04;0;0;0;0;0;191;0;0.45;39;6;35;15
13;26;0;10;0;0;9;9;87.04;0;0;0;0;0;44;0;2.54285714285714;40;23;36;3
13;27;8;8;1;0;9;9;59.48;0;0;1;0;6;121;0;-2.5;11;14;37;41
13;28;2;10;1;0;14;13;41.24;0;0;2;0;0;119;-3.66666666666666;4.11111111111111;41;14;41;4
13;29;10;0;2;0;0;0;496.36;0;0;0;0;1;0;0;0;34;41;37;36
13;30;10;0;0;0;0;0;700.04;0;0;0;0;0;0;0;0;0;0;0;0
13;31;2;10;0;0;8;7;35.76;0;0;0;0;0;163;0;1;40;8;36;36
13;33;10;0;0;0;0;0;634.04;0;0;0;0;0;0;0;0;0;0;0;0
13;35;1;9;4;0;16;11;27.28;0;0;2;0;6;265;0;-3.18181818181818;12;3;36;40
13;65;4;7;0;0;9;3;13.68;0;0;0;0;0;70;0.983333333333333;0.111111111111111;41;18;8;36
13;68;3;10;3;0;23;22;36.88;0;0;0;0;16;82;0;5.33333333333333;6;21;36;1
13;146;10;0;0;0;0;0;376.04;0;0;0;0;0;0;0;0;0;0;0;0
13;169;10;0;0;0;0;0;322.04;0;0;0;0;0;0;0;0;0;0;0;0
13;194;10;0;0;0;0;0;244.04;0;0;0;0;0;0;0;0;0;0;0;0
13;199;10;0;0;0;0;0;215.04;0;0;0;0;0;0;0;0;0;0;0;0
13;234;10;0;0;0;0;0;164.04;0;0;0;0;0;0;0;0;0;0;0;0
13;251;10;0;0;0;0;0;114.04;0;0;0;0;0;0;0;0;0;0;0;0
13;281;10;0;0;0;0;0;21.5625;0;0;0;0;0;0;0;0;0;0;0;0
14;2;10;0;4;0;0;0;653.333333333333;0;0;9;0;0;0;0;0;32;32;32;32
14;3;0;10;1;0;3;3;542.333333333333;9;0;2;0;20;52;0;0.833333333333333;2;9;34;5
14;4;3;7;0;0;4;3;151;0;0;0;0;0;43;0;0;42;24;38;37
14;5;2;8;0;0;5;5;206.333333333333;0;0;0;0;0;54;0;1;39;19;35;9
14;6;0;10;0;0;4;4;111.333333333333;0;0;0;0;0;104;0;1.16666666666666;40;15;37;7
14;7;0;10;2;0;5;5;96.3333333333333;15;0;0;0;16;182;0;1.39682539682539;6;6;37;6
14;8;0;10;0;0;5;5;155.333333333333;0;0;0;0;0;132;0;1;40;11;36;10
14;9;2;8;1;0;3;2;251.333333333333;0;0;0;0;5;46;0;0;10;21;37;37
14;10;10;0;1;0;0;0;570.333333333333;0;0;1;0;0;0;0;0;34;34;34;33
14;11;5;5;0;0;6;4;61.8333333333333;0;0;0;0;0;25;1.4579365079365;0.888888888888888;41;27;38;12
14;12;0;10;0;0;3;3;310.333333333333;0;0;0;0;0;132;0;1;36;10;34;9
14;13;0;10;3;0;15;9;30.3333333333333;0;0;0;0;10;281;0.966666666666666;0.416666666666666;9;2;7;17
14;14;0;10;2;0;3;3;252.333333333333;31;0;1;0;45;274;0;0.8;2;1;37;14
14;15;10;0;0;0;0;0;799.333333333333;0;0;0;0;0;0;0;0;0;0;0;0
14;16;2;8;1;0;8;7;47.3333333333333;0;0;0;0;8;64;3;-0.863095238095238;10;20;3;38
14;17;0;10;0;0;17;17;54.3333333333333;0;0;0;0;0;90;0;4.42916666666666;41;16;38;2
14;18;0;10;2;0;13;8;47.3333333333333;16;0;0;0;11;16;3.05;2.06666666666666;7;27;2;6
14;19;2;8;4;0;12;3;36.6666666666667;0;0;1;0;22;74;-1.38333333333333;3.93479853479853;5;21;40;4
14;20;0;10;1;0;14;10;32.3333333333333;0;0;0;0;2;22;14.5535755910755;-1.16111111111111;15;26;1;38
14;21;10;0;1;0;0;0;636.333333333333;0;0;1;0;0;0;0;0;32;32;32;32
14;22;3;7;0;0;2;2;204.333333333333;0;0;0;0;0;100;0;0;39;14;35;36
14;23;6;4;0;0;3;3;458.333333333333;0;0;0;0;0;0;0;0;34;34;34;33
14;24;2;8;0;0;6;6;113.333333333333;0;0;0;0;0;114;0;-1.8;40;14;36;38
14;25;2;8;0;0;7;7;196.333333333333;0;0;0;0;0;191;0;0.45;39;6;35;15
14;26;0;10;0;0;10;9;83.6666666666667;0;0;0;0;0;75;0;2.54285714285714;42;23;38;5
14;27;4;6;1;0;10;9;29.5833333333333;0;0;1;0;6;96;0;-4.5;11;14;38;42
14;28;1;10;1;0;16;15;23.6666666666667;0;0;2;0;0;99;-4.26666666666666;4.55228758169934;41;16;41;3
14;29;10;0;2;0;0;0;34.3333333333333;0;0;0;0;1;0;0;0;16;41;37;36
14;30;10;0;0;0;0;0;758.333333333333;0;0;0;0;0;0;0;0;0;0;0;0
14;31;1;10;0;0;10;9;60.9166666666667;0;0;0;0;0;163;0;2.83333333333333;42;9;38;36
14;33;10;0;0;0;0;0;692.333333333333;0;0;0;0;0;0;0;0;0;0;0;0
14;35;1;9;4;0;17;11;30.4166666666667;0;0;2;0;10;243;0;-3.18181818181818;9;3;37;40
14;65;3;7;0;0;9;3;54.3333333333333;0;0;0;0;0;70;0.816666666666666;0.111111111111111;41;18;8;18
14;68;0;10;3;0;23;22;71.3333333333333;0;0;0;0;16;64;0;4.58333333333333;6;21;36;1
14;146;10;0;0;0;0;0;434.333333333333;0;0;0;0;0;0;0;0;0;0;0;0
14;169;10;0;0;0;0;0;380.333333333333;0;0;0;0;0;0;0;0;0;0;0;0
14;194;10;0;0;0;0;0;302.333333333333;0;0;0;0;0;0;0;0;0;0;0;0
14;199;10;0;0;0;0;0;273.333333333333;0;0;0;0;0;0;0;0;0;0;0;0
14;234;10;0;0;0;0;0;222.333333333333;0;0;0;0;0;0;0;0;0;0;0;0
14;251;10;0;0;0;0;0;172.333333333333;0;0;0;0;0;0;0;0;0;0;0;0
14;281;10;0;0;0;0;0;70.3333333333333;0;0;0;0;0;0;0;0;0;0;0;0
14;303;10;0;0;0;0;0;18.1428571428571;0;0;0;0;0;0;0;0;0;0;0;0
15;2;10;0;4;0;0;0;711.4;0;0;10;0;0;0;0;0;32;32;32;32
15;3;0;10;1;1;3;3;453.76;9;0;2;0;67;213;0;0.833333333333333;2;9;37;14
15;4;3;8;0;0;5;4;54.4;0;0;0;0;0;58;1;0;42;22;38;37
15;5;2;8;0;0;5;5;264.4;0;0;0;0;0;54;0;1;39;19;35;9
15;6;0;10;0;0;4;4;169.4;0;0;0;0;0;104;0;1.16666666666666;40;15;37;7
15;7;0;10;2;0;5;5;154.4;15;0;0;0;16;182;0;1.39682539682539;6;6;37;6
15;8;0;10;0;0;5;5;213.4;0;0;0;0;0;132;0;1;40;11;36;10
15;9;2;10;1;0;4;3;256.76;0;0;0;0;5;56;0;0;12;22;39;37
15;10;10;0;1;0;0;0;628.4;0;0;1;0;0;0;0;0;34;34;34;33
15;11;5;5;1;0;6;4;44.7307692307692;0;0;0;0;0;25;2.33066378066378;0.888888888888888;42;25;5;13
15;12;0;10;0;0;3;3;368.769230769231;0;0;0;0;0;132;0;1;36;10;34;9
15;13;1;10;3;0;17;11;23.6538461538462;0;0;1;0;10;266;0.823809523809523;0.559523809523809;9;2;9;16
15;14;0;10;2;0;3;3;310.769230769231;31;0;1;0;45;274;0;0.8;2;1;37;14
15;15;10;0;0;0;0;0;857.769230769231;0;0;0;0;0;0;0;0;0;0;0;0
15;16;5;8;1;0;10;9;57.8846153846154;0;0;0;0;8;86;4.16666666666666;-0.340367965367965;10;20;3;38
15;17;3;10;0;0;21;21;49.4615384615385;0;0;0;0;0;92;0;4.42916666666666;42;17;38;4
15;18;0;10;2;0;13;8;105.769230769231;16;0;0;0;11;16;3.05;2.06666666666666;7;27;2;6
15;19;2;9;4;0;15;4;9.65384615384615;0;0;1;0;25;74;-1.24047619047619;3.93479853479853;5;20;40;4
15;20;2;10;1;0;18;13;12.36;0;0;0;0;2;21;14.4947520616638;-0.361111111111111;15;27;1;39
15;21;10;0;1;0;0;0;694.769230769231;0;0;1;0;0;0;0;0;32;32;32;32
15;22;3;7;0;0;2;2;262.4;0;0;0;0;0;100;0;0;39;14;35;36
15;23;6;4;0;0;3;3;516.769230769231;0;0;0;0;0;0;0;0;34;34;34;33
15;24;2;8;0;0;6;6;171.4;0;0;0;0;0;114;0;-1.8;40;14;36;38
15;25;2;10;0;0;9;8;97.44;0;0;0;0;0;198;0;0.45;42;6;38;17
15;26;0;10;0;0;10;9;55.4;0;0;0;0;0;75;0;2.54285714285714;42;18;38;5
15;27;4;8;1;0;11;10;25.4;0;0;1;0;6;96;1;-4.5;11;13;38;42
15;28;0;10;1;0;17;15;43.04;0;0;2;0;0;89;-4.26666666666666;3.99276377217553;42;16;42;3
15;29;10;0;2;0;0;0;92.4;0;0;0;0;1;0;0;0;16;41;37;36
15;30;10;0;0;0;0;0;816.4;0;0;0;0;0;0;0;0;0;0;0;0
15;31;0;10;0;0;11;9;19.16;0;0;0;0;0;146;0;2.83333333333333;42;9;38;5
15;33;10;0;0;0;0;0;750.4;0;0;0;0;0;0;0;0;0;0;0;0
15;35;1;9;4;0;17;11;84.4;0;0;2;0;10;243;0;-3.18181818181818;9;3;37;40
15;45;21;234;2;2;0;21;1;0;0.0476190476190476;0;0.952380952380952;20;13;25;6;21;2;0;0
15;63;9;263;2;2;0;10;1;4;0.1;0.4;0.5;5;0;5;7;74;2;0;0
15;65;3;8;0;0;10;4;87;0;0;0;0;0;70;0.816666666666666;0.111111111111111;42;24;41;18
15;68;0;10;4;0;23;22;34.48;0;0;0;0;22;64;0;4.58333333333333;6;21;38;1
15;104;68;340;2;2;0;6;1;0;0.166666666666666;0;0.833333333333333;4;6;6;7;21;2;0;0
15;132;19;403;1;1;0;4;0;0;0;0;1;4;4;6;24;0;2;0;0
15;146;10;0;0;0;0;0;492.4;0;0;0;0;0;0;0;0;0;0;0;0
15;169;10;0;0;0;0;0;438.4;0;0;0;0;0;0;0;0;0;0;0;0
15;184;13;532;1;1;0;8;1;1;0.125;0.125;0.75;7;11;11;7;59;2;0;0
15;194;10;0;0;0;0;0;360.4;0;0;0;0;0;0;0;0;0;0;0;0
15;199;10;0;0;0;0;0;331.4;0;0;0;0;0;0;0;0;0;0;0;0
15;234;10;0;0;0;0;0;280.4;0;0;0;0;0;0;0;0;0;0;0;0
15;251;10;0;0;0;0;0;230.4;0;0;0;0;0;0;0;0;0;0;0;0
15;281;10;0;0;0;0;0;128.4;0;0;0;0;0;0;0;0;0;0;0;0
15;303;10;0;0;0;0;0;63.4;0;0;0;0;0;0;0;0;0;0;0;0
16;2;10;0;4;0;0;0;773.772727272727;0;0;11;0;0;0;0;0;32;32;32;32
16;3;0;10;1;1;3;3;51.7727272727273;9;0;2;0;67;213;0;0.833333333333333;1;4;37;14
16;4;2;8;0;0;6;4;32.9047619047619;0;0;0;0;0;58;1;0;42;22;6;37
16;5;2;10;0;0;6;6;101.857142857143;0;0;0;0;0;101;0;1;42;19;37;12
16;6;0;10;0;0;4;4;231.857142857143;0;0;0;0;0;104;0;1.16666666666666;40;15;37;7
16;7;2;10;2;0;6;6;145.181818181818;15;0;1;0;16;182;0;1.39682539682539;6;6;37;8
16;8;0;10;0;0;5;5;275.857142857143;0;0;0;0;0;132;0;1;40;11;36;10
16;9;0;10;1;0;5;3;28.2857142857143;0;0;0;0;5;68;-0.808694083694083;0;13;22;39;37
16;10;10;0;1;0;0;0;690.857142857143;0;0;1;0;0;0;0;0;34;34;34;33
16;11;5;5;1;0;6;4;53.8571428571429;0;0;0;0;0;25;2.33066378066378;0.888888888888888;42;25;5;13
16;12;0;10;0;0;3;3;430.857142857143;0;0;0;0;0;132;0;1;36;10;34;9
16;13;0;10;4;0;17;11;55.6666666666667;0;0;1;0;12;276;0.823809523809523;0.559523809523809;9;2;9;16
16;14;0;10;2;0;3;3;372.857142857143;31;0;1;0;45;274;0;0.8;2;1;37;14
16;15;10;0;0;0;0;0;919.857142857143;0;0;0;0;0;0;0;0;0;0;0;0
16;16;2;10;1;0;12;11;20.7142857142857;0;0;0;0;8;86;4.16666666666666;-0.340367965367965;11;17;2;39
16;17;2;10;0;0;23;23;17.8095238095238;0;0;0;0;0;97;0;3.17916666666666;42;16;37;4
16;18;1;10;2;0;15;10;42.0952380952381;16;0;0;0;11;16;3.21666666666666;2.06666666666666;9;27;3;7
16;19;3;10;4;0;19;8;12.6190476190476;0;0;1;0;25;76;-1.24047619047619;3.93479853479853;4;23;40;3
16;20;0;10;1;0;19;13;42.8571428571429;0;0;0;0;2;12;14.4947520616638;-0.503535353535353;17;27;1;39
16;21;10;0;1;0;0;0;756.95;0;0;1;0;0;0;0;0;32;32;32;32
16;22;3;7;0;0;2;2;324.95;0;0;0;0;0;100;0;0;39;14;35;36
16;23;6;4;0;0;3;3;578.95;0;0;0;0;0;0;0;0;34;34;34;33
16;24;0;10;0;0;7;7;38.6190476190476;0;0;0;0;0;127;0;-1.8;42;11;37;40
16;25;0;10;0;0;10;8;24.4285714285714;0;0;0;0;0;204;0;0.45;42;5;37;17
16;26;0;10;0;0;10;9;117.857142857143;0;0;0;0;0;75;0;2.54285714285714;42;18;38;5
16;27;2;10;1;0;12;11;69.8571428571429;0;0;1;0;6;104;1;-4.5;12;13;9;42
16;28;0;10;1;0;17;15;56.8571428571429;0;0;2;0;0;89;-4.26666666666666;3.99276377217553;42;16;42;2
16;29;10;0;2;0;0;0;154.857142857143;0;0;0;0;1;0;0;0;16;41;37;36
16;30;10;0;0;0;0;0;878.857142857143;0;0;0;0;0;0;0;0;0;0;0;0
16;31;0;10;1;0;11;9;29.5238095238095;0;0;0;0;0;162;0;2.83333333333333;42;9;38;5
16;33;10;0;0;0;0;0;812.857142857143;0;0;0;0;0;0;0;0;0;0;0;0
16;35;1;9;5;0;17;11;57.0952380952381;0;0;2;0;11;261;0;-3.18181818181818;10;3;37;41
16;65;2;8;0;0;11;4;26.5238095238095;0;0;0;0;0;50;-1.51666666666666;0.111111111111111;42;24;41;18
16;68;0;10;4;0;23;22;78.8571428571429;0;0;0;0;22;58;0;4.58333333333333;5;20;38;1
16;146;10;0;0;0;0;0;554.857142857143;0;0;0;0;0;0;0;0;0;0;0;0
16;169;10;0;0;0;0;0;500.857142857143;0;0;0;0;0;0;0;0;0;0;0;0
16;194;10;0;0;0;0;0;422.857142857143;0;0;0;0;0;0;0;0;0;0;0;0
16;199;10;0;0;0;0;0;393.857142857143;0;0;0;0;0;0;0;0;0;0;0;0
16;234;10;0;0;0;0;0;342.772727272727;0;0;0;0;0;0;0;0;0;0;0;0
16;251;10;0;0;0;0;0;292.772727272727;0;0;0;0;0;0;0;0;0;0;0;0
16;281;10;0;0;0;0;0;190.772727272727;0;0;0;0;0;0;0;0;0;0;0;0
16;303;10;0;0;0;0;0;125.772727272727;0;0;0;0;0;0;0;0;0;0;0;0
17;2;10;0;4;0;0;0;829;0;0;11;0;0;0;0;0;32;32;32;32
17;3;9;10;1;1;6;6;64.6;65;0;2;0;67;213;0;1.19517543859649;1;20;37;38
17;4;2;8;0;0;6;4;29;0;0;0;0;0;56;1;0;42;21;6;37
17;5;0;10;0;0;6;6;67;0;0;0;0;0;101;0;1;42;15;37;12
17;6;0;10;0;0;4;4;287;0;0;0;0;0;104;0;1.16666666666666;40;15;37;7
17;7;2;8;2;0;6;6;47;15;0;1;0;16;178;0;1.39682539682539;6;6;37;8
17;8;0;10;0;0;5;5;331;0;0;0;0;0;132;0;1;40;11;36;10
17;9;0;10;1;0;6;3;69.5;0;0;0;0;5;68;-0.808694083694083;0;13;21;40;37
17;10;10;0;1;0;0;0;746;0;0;1;0;0;0;0;0;34;34;34;33
17;11;5;5;1;0;6;4;109;0;0;0;0;0;25;2.33066378066378;0.888888888888888;42;25;5;13
17;12;0;10;0;0;3;3;486;0;0;0;0;0;132;0;1;36;10;34;9
17;13;0;10;5;0;17;11;31.2;0;0;1;0;13;276;0.823809523809523;0.559523809523809;7;2;10;16
17;14;0;10;2;0;3;3;428;31;0;1;0;45;274;0;0.8;2;1;37;14
17;15;10;0;0;0;0;0;975;0;0;0;0;0;0;0;0;0;0;0;0
17;16;0;10;1;0;12;11;56;0;0;0;0;8;86;4.16666666666666;-0.981393606393606;11;17;2;39
17;17;0;10;0;0;23;23;52;0;0;0;0;0;97;0;3.17916666666666;42;15;37;4
17;18;0;10;2;0;15;10;84;16;0;0;0;11;16;3.21666666666666;2.06666666666666;9;26;3;7
17;19;2;9;4;0;23;9;14.85;0;0;1;0;27;46;-0.84047619047619;4.35940170940171;4;23;40;3
17;20;0;10;1;0;19;13;38;0;0;0;0;2;12;14.3122123791241;-0.503535353535353;17;27;1;38
17;21;10;0;1;0;0;0;812;0;0;1;0;0;0;0;0;32;32;32;32
17;22;3;7;0;0;2;2;380;0;0;0;0;0;100;0;0;39;14;35;36
17;23;6;4;0;0;3;3;634;0;0;0;0;0;0;0;0;34;34;34;33
17;24;0;10;0;0;7;7;84;0;0;0;0;0;127;0;-1.8;42;11;37;40
17;25;0;10;0;0;10;8;46;0;0;0;0;0;204;0;0.45;42;5;37;17
17;26;0;10;0;0;11;9;143.9;0;0;0;0;0;76;0;2.54285714285714;42;18;38;6
17;27;0;10;1;0;13;11;15.75;0;0;1;0;6;104;0.916666666666666;-4.5;12;13;9;42
17;28;1;10;1;0;18;16;104.85;0;0;2;0;0;89;-4.26666666666666;3.99276377217553;42;16;42;3
17;29;10;0;2;0;0;0;210;0;0;0;0;1;0;0;0;16;41;37;36
17;30;10;0;0;0;0;0;934;0;0;0;0;0;0;0;0;0;0;0;0
17;31;0;10;1;0;11;9;61;0;0;0;0;0;162;-0.5;2.83333333333333;42;8;38;5
17;33;10;0;0;0;0;0;868;0;0;0;0;0;0;0;0;0;0;0;0
17;35;3;9;5;0;20;14;25.25;0;0;2;0;11;261;0;-1.36931818181818;10;3;37;41
17;65;2;8;0;0;12;4;21.8;0;0;0;0;0;50;-1.68333333333333;0.111111111111111;42;23;41;18
17;68;5;10;4;0;27;26;29.45;0;0;0;0;23;58;0;7.82619047619047;5;24;38;2
17;146;10;0;0;0;0;0;610;0;0;0;0;0;0;0;0;0;0;0;0
17;169;10;0;0;0;0;0;556;0;0;0;0;0;0;0;0;0;0;0;0
17;194;10;0;0;0;0;0;478;0;0;0;0;0;0;0;0;0;0;0;0
17;199;10;0;0;0;0;0;449;0;0;0;0;0;0;0;0;0;0;0;0
17;234;10;0;0;0;0;0;398;0;0;0;0;0;0;0;0;0;0;0;0
17;251;10;0;0;0;0;0;348;0;0;0;0;0;0;0;0;0;0;0;0
17;281;10;0;0;0;0;0;246;0;0;0;0;0;0;0;0;0;0;0;0
17;303;10;0;0;0;0;0;181;0;0;0;0;0;0;0;0;0;0;0;0
18;2;10;0;4;0;0;0;888.058823529412;0;0;11;0;0;0;0;0;32;32;32;32
18;3;9;1;1;1;8;6;24;65;0;2;0;67;60;0;-0.804824561403508;1;20;37;38
18;4;2;8;0;0;6;4;88.0588235294118;0;0;0;0;0;56;1;0;42;21;6;37
18;5;0;10;0;0;6;6;126.058823529412;0;0;0;0;0;101;0;1;42;15;37;12
18;6;0;10;0;0;4;4;346.058823529412;0;0;0;0;0;104;0;1.16666666666666;40;15;37;7
18;7;2;8;2;0;6;6;106.058823529412;15;0;1;0;16;178;0;1.39682539682539;6;6;37;8
18;8;0;10;0;0;5;5;390.058823529412;0;0;0;0;0;132;0;1;40;11;36;10
18;9;0;10;1;0;6;3;34.0588235294118;0;0;0;0;5;66;-1.11638639138639;0;13;18;40;36
18;10;10;0;1;0;0;0;805.058823529412;0;0;1;0;0;0;0;0;34;34;34;33
18;11;5;5;2;0;6;4;168.058823529412;0;0;0;0;14;25;2.33066378066378;0.888888888888888;42;25;5;13
18;12;0;10;0;0;3;3;545.058823529412;0;0;0;0;0;132;0;1;36;10;34;9
18;13;0;10;5;0;18;11;29.1764705882353;0;0;1;0;14;262;0.823809523809523;0.559523809523809;8;2;10;15
18;14;0;10;2;0;3;3;487.058823529412;31;0;1;0;45;274;0;0.8;2;1;37;14
18;15;10;0;0;0;0;0;1034.05882352941;0;0;0;0;0;0;0;0;0;0;0;0
18;16;0;10;1;0;12;11;115.058823529412;0;0;0;0;8;86;4.16666666666666;-0.981393606393606;11;17;2;39
18;17;1;10;0;0;25;25;40;0;0;0;0;0;97;0;3.625;42;15;37;4
18;18;0;10;2;0;15;10;143.058823529412;16;0;0;0;11;16;3.21666666666666;2.06666666666666;9;26;3;7
18;19;1;10;4;0;26;11;8.88235294117647;0;0;1;0;27;41;-0.34047619047619;4.36589521589521;3;24;39;2
18;20;0;10;1;0;19;13;97.0588235294118;0;0;0;0;2;12;14.3122123791241;-0.503535353535353;17;27;1;38
18;21;10;0;1;0;0;0;871.058823529412;0;0;1;0;0;0;0;0;32;32;32;32
18;22;3;10;0;0;3;3;306.117647058824;0;0;0;0;0;147;0.93015873015873;0;42;14;35;36
18;23;6;4;0;0;3;3;693.058823529412;0;0;0;0;0;0;0;0;34;34;34;33
18;24;0;10;0;0;7;7;143.058823529412;0;0;0;0;0;127;0;-1.8;42;11;37;40
18;25;2;10;0;0;11;9;55.2941176470588;0;0;0;0;0;204;2.2;0.488095238095238;42;6;37;17
18;26;0;10;0;0;11;9;38.0588235294118;0;0;0;0;0;76;0;2.54285714285714;42;17;37;6
18;27;0;10;1;0;14;11;29.7647058823529;0;0;1;0;6;98;0.916666666666666;-4.5;12;13;9;42
18;28;1;9;1;0;18;16;28.0588235294118;0;0;2;0;0;87;-5.17738095238095;3.74276377217553;42;16;42;3
18;29;10;0;2;0;0;0;269.058823529412;0;0;0;0;1;0;0;0;16;41;37;36
18;30;10;0;0;0;0;0;993.058823529412;0;0;0;0;0;0;0;0;0;0;0;0
18;31;0;10;1;0;12;9;35.3529411764706;0;0;0;0;2;162;-0.166666666666666;2.83333333333333;42;9;38;5
18;33;10;0;0;0;0;0;927.058823529412;0;0;0;0;0;0;0;0;0;0;0;0
18;35;1;9;5;0;21;14;57.5294117647059;0;0;3;0;12;239;0;-1.36931818181818;10;3;37;40
18;65;2;8;0;0;13;4;41.8235294117647;0;0;0;0;0;50;-1.68333333333333;0.111111111111111;42;21;41;18
18;68;3;8;4;0;29;28;15.7058823529412;0;0;0;0;23;37;0;7.78730158730158;5;23;37;1
18;146;10;0;0;0;0;0;669.058823529412;0;0;0;0;0;0;0;0;0;0;0;0
18;169;10;0;0;0;0;0;615.058823529412;0;0;0;0;0;0;0;0;0;0;0;0
18;194;10;0;0;0;0;0;537.058823529412;0;0;0;0;0;0;0;0;0;0;0;0
18;199;10;0;0;0;0;0;508.058823529412;0;0;0;0;0;0;0;0;0;0;0;0
18;234;10;0;0;0;0;0;457.058823529412;0;0;0;0;0;0;0;0;0;0;0;0
18;251;10;0;0;0;0;0;407.058823529412;0;0;0;0;0;0;0;0;0;0;0;0
18;281;10;0;0;0;0;0;305.058823529412;0;0;0;0;0;0;0;0;0;0;0;0
18;303;10;0;0;0;0;0;240.058823529412;0;0;0;0;0;0;0;0;0;0;0;0
19;2;10;0;4;0;0;0;951.066666666667;0;0;11;0;0;0;0;0;32;32;32;32
19;3;9;8;1;1;10;8;22.7333333333333;71;0;2;0;67;60;0;-0.804824561403508;1;20;37;38
19;4;2;10;0;0;7;5;72.1333333333333;0;0;0;0;0;61;1.58333333333333;0;42;21;6;37
19;5;0;10;0;0;6;6;189.066666666667;0;0;0;0;0;101;0;1;42;15;37;12
19;6;0;10;0;0;4;4;409.066666666667;0;0;0;0;0;104;0;1.16666666666666;40;15;37;7
19;7;2;8;2;0;6;6;169.066666666667;15;0;1;0;16;178;0;1.39682539682539;6;6;37;8
19;8;0;10;0;0;5;5;453.066666666667;0;0;0;0;0;132;0;1;40;11;36;10
19;9;0;10;1;0;7;3;69.0666666666667;0;0;0;0;5;72;-1.11638639138639;0;13;18;40;36
19;10;10;0;1;0;0;0;868.066666666667;0;0;1;0;0;0;0;0;34;34;34;33
19;11;5;5;2;0;6;4;30.0666666666667;0;0;0;0;14;24;2.23066378066378;0.888888888888888;8;25;4;13
19;12;0;10;0;0;3;3;608.066666666667;0;0;0;0;0;132;0;1;36;10;34;9
19;13;2;10;5;0;20;13;25.0666666666667;0;0;1;0;14;262;0.823809523809523;0.559523809523809;8;2;10;36
19;14;0;10;2;0;3;3;550.066666666667;31;0;1;0;45;274;0;0.8;2;1;37;14
19;15;10;0;0;0;0;0;1097.06666666667;0;0;0;0;0;0;0;0;0;0;0;0
19;16;0;10;1;0;13;11;139.666666666667;0;0;0;0;8;94;6.23452380952381;-0.981393606393606;11;17;2;39
19;17;0;10;0;0;25;25;81.0666666666667;0;0;0;0;0;91;0;3.625;42;14;37;4
19;18;0;10;2;0;15;10;206.066666666667;16;0;0;0;11;16;3.21666666666666;2.06666666666666;9;26;3;7
19;19;1;9;4;0;27;11;18.1333333333333;0;0;1;0;27;32;-0.173809523809523;4.36589521589521;3;24;39;2
19;20;1;10;1;0;21;15;37;0;0;0;0;2;16;15.7125285103613;-0.503535353535353;17;27;1;38
19;21;10;0;1;0;0;0;934.066666666667;0;0;1;0;0;0;0;0;32;32;32;32
19;22;0;10;0;0;3;3;50.0666666666667;0;0;0;0;0;147;0.93015873015873;0;42;8;9;36
19;23;6;4;0;0;3;3;756.066666666667;0;0;0;0;0;0;0;0;34;34;34;33
19;24;0;10;0;0;7;7;206.066666666667;0;0;0;0;0;127;0;-1.8;42;11;37;40
19;25;2;8;0;0;12;9;22.7333333333333;0;0;0;0;0;155;2.2;0.488095238095238;42;6;5;16
19;26;0;10;0;0;11;9;101.066666666667;0;0;0;0;0;76;0;2.54285714285714;42;17;37;6
19;27;0;10;1;0;14;11;86.0666666666667;0;0;1;0;6;98;0.916666666666666;-4.5;12;12;9;42
19;28;1;10;1;0;19;17;83.5333333333333;0;0;2;0;0;91;-5.17738095238095;3.74276377217553;42;16;42;5
19;29;10;0;2;0;0;0;332.066666666667;0;0;0;0;1;0;0;0;16;41;37;36
19;30;10;0;0;0;0;0;1056.06666666667;0;0;0;0;0;0;0;0;0;0;0;0
19;31;1;10;1;0;13;10;38.4666666666667;0;0;0;0;2;143;-0.166666666666666;3.95;17;9;38;5
19;33;10;0;0;0;0;0;990.066666666667;0;0;0;0;0;0;0;0;0;0;0;0
19;35;1;9;5;0;21;14;32.0666666666667;0;0;3;0;12;239;0;-1.36931818181818;9;3;37;40
19;65;2;8;0;0;14;4;42.6666666666667;0;0;0;0;0;48;-2.08214285714285;0.111111111111111;42;21;41;17
19;68;3;8;4;0;30;29;48.4;0;0;0;0;23;39;0;8.78730158730158;5;23;37;1
19;146;10;0;0;0;0;0;732.066666666667;0;0;0;0;0;0;0;0;0;0;0;0
19;169;10;0;0;0;0;0;678.066666666667;0;0;0;0;0;0;0;0;0;0;0;0
19;194;10;0;0;0;0;0;600.066666666667;0;0;0;0;0;0;0;0;0;0;0;0
19;199;10;0;0;0;0;0;571.066666666667;0;0;0;0;0;0;0;0;0;0;0;0
19;234;10;0;0;0;0;0;520.066666666667;0;0;0;0;0;0;0;0;0;0;0;0
19;251;10;0;0;0;0;0;470.066666666667;0;0;0;0;0;0;0;0;0;0;0;0
19;281;10;0;0;0;0;0;368.066666666667;0;0;0;0;0;0;0;0;0;0;0;0
19;303;10;0;0;0;0;0;303.066666666667;0;0;0;0;0;0;0;0;0;0;0;0
20;2;10;0;4;0;0;0;1013;0;0;11;0;0;0;0;0;32;32;32;32
20;3;2;10;1;1;11;9;23.6;71;0;2;0;67;60;0;-0.804824561403508;1;20;37;38
20;4;0;10;0;0;8;5;31.5;0;0;0;0;0;81;1.58333333333333;0;42;19;6;35
20;5;0;10;0;0;6;6;251;0;0;0;0;0;101;0;1;42;15;37;12
20;6;0;10;0;0;4;4;471;0;0;0;0;0;104;0;1.16666666666666;40;15;37;7
20;7;2;8;2;0;6;6;231;15;0;1;0;16;178;0;1.39682539682539;6;6;37;8
20;8;0;10;0;0;5;5;515;0;0;0;0;0;132;0;1;40;11;36;10
20;9;0;10;1;0;7;3;54;0;0;0;0;5;72;-1.17888639138639;0;13;18;40;35
20;10;10;0;1;0;0;0;930;0;0;1;0;0;0;0;0;34;34;34;33
20;11;5;5;2;0;7;4;71;0;0;0;0;19;28;2.43066378066378;0.888888888888888;8;25;4;14
20;12;0;10;0;0;3;3;670;0;0;0;0;0;132;0;1;36;10;34;9
20;13;0;10;5;0;20;13;79;0;0;1;0;14;256;0.823809523809523;-0.436853002070393;8;2;9;36
20;14;0;10;2;0;3;3;612;31;0;1;0;45;274;0;0.8;2;1;37;14
20;15;10;0;0;0;0;0;1159;0;0;0;0;0;0;0;0;0;0;0;0
20;16;0;10;1;0;13;11;48;0;0;0;0;8;94;6.23452380952381;-0.981393606393606;11;14;2;39
20;17;0;10;0;0;25;25;143;0;0;0;0;0;91;0;3.625;42;14;37;4
20;18;0;10;2;0;15;10;268;16;0;0;0;11;16;3.21666666666666;2.06666666666666;9;26;3;7
20;19;1;10;4;0;29;12;29.4;0;0;1;0;27;35;-0.173809523809523;4.36589521589521;3;24;40;3
20;20;0;10;1;0;21;15;80;0;0;0;0;2;16;15.7125285103613;-0.753535353535353;17;27;1;37
20;21;10;0;1;0;0;0;996;0;0;1;0;0;0;0;0;32;32;32;32
20;22;0;10;0;0;3;3;112;0;0;0;0;0;147;0.93015873015873;0;42;8;9;36
20;23;6;4;0;0;3;3;818;0;0;0;0;0;0;0;0;34;34;34;33
20;24;0;10;0;0;8;7;239.7;0;0;0;0;0;141;0;-1.8;42;11;37;41
20;25;2;9;0;0;13;10;44.6;0;0;0;0;0;167;3.2;1.98809523809523;42;7;5;16
20;26;0;10;0;0;11;9;163;0;0;0;0;0;76;0;2.54285714285714;42;17;37;6
20;27;0;10;1;0;16;11;25.6;0;0;1;0;6;158;1.5595238095238;-4.5;12;9;7;42
20;28;0;10;1;0;19;17;40;0;0;2;0;0;91;-5.19051226551226;3.55228758169934;42;16;42;5
20;29;10;0;2;0;0;0;394;0;0;0;0;1;0;0;0;16;41;37;36
20;30;10;0;0;0;0;0;1118;0;0;0;0;0;0;0;0;0;0;0;0
20;31;1;9;1;0;13;10;68;0;0;0;0;2;143;-0.166666666666666;3.95;17;9;38;3
20;33;10;0;0;0;0;0;1052;0;0;0;0;0;0;0;0;0;0;0;0
20;35;1;9;6;0;21;14;46;0;0;3;0;13;269;0;-1.36931818181818;9;3;37;40
20;65;2;8;0;0;14;4;59;0;0;0;0;0;48;-2.33214285714285;0.111111111111111;42;21;41;16
20;68;3;7;4;0;30;29;41;0;0;0;0;23;39;0;8.78730158730158;5;22;37;1
20;146;10;0;0;0;0;0;794;0;0;0;0;0;0;0;0;0;0;0;0
20;169;10;0;0;0;0;0;740;0;0;0;0;0;0;0;0;0;0;0;0
20;194;10;0;0;0;0;0;662;0;0;0;0;0;0;0;0;0;0;0;0
20;199;10;0;0;0;0;0;633;0;0;0;0;0;0;0;0;0;0;0;0
20;234;10;0;0;0;0;0;582;0;0;0;0;0;0;0;0;0;0;0;0
20;251;10;0;0;0;0;0;532;0;0;0;0;0;0;0;0;0;0;0;0
20;281;10;0;0;0;0;0;430;0;0;0;0;0;0;0;0;0;0;0;0
20;303;10;0;0;0;0;0;365;0;0;0;0;0;0;0;0;0;0;0;0
21;2;10;0;4;0;0;0;1059.66666666667;0;0;11;0;0;0;0;0;32;32;32;32
21;3;0;10;1;1;14;9;28.5555555555556;71;0;2;0;67;60;0.5;-0.804824561403508;1;20;37;40
21;4;0;10;0;0;8;5;44.6666666666667;0;0;0;0;0;81;1.58333333333333;0;42;19;6;35
21;5;0;10;0;0;6;6;297.666666666667;0;0;0;0;0;101;0;1;42;15;37;12
21;6;0;10;0;0;4;4;517.666666666667;0;0;0;0;0;104;0;1.16666666666666;40;15;37;7
21;7;2;8;2;0;6;6;277.666666666667;15;0;1;0;16;178;0;1.39682539682539;6;6;37;8
21;8;0;10;0;0;5;5;561.666666666667;0;0;0;0;0;132;0;1;40;11;36;10
21;9;0;10;1;0;7;3;100.666666666667;0;0;0;0;5;72;-1.17888639138639;0;13;18;40;35
21;10;10;0;1;0;0;0;976.666666666667;0;0;1;0;0;0;0;0;34;34;34;33
21;11;5;5;2;0;8;4;25.6666666666667;0;0;0;0;20;28;2.43066378066378;0.888888888888888;6;25;4;14
21;12;0;10;0;0;3;3;716.666666666667;0;0;0;0;0;132;0;1;36;10;34;9
21;13;0;10;5;0;20;13;125.666666666667;0;0;1;0;14;256;0.823809523809523;-0.436853002070393;8;2;9;36
21;14;0;10;2;0;3;3;658.666666666667;31;0;1;0;45;274;0;0.8;2;1;37;14
21;15;10;0;0;0;0;0;1205.66666666667;0;0;0;0;0;0;0;0;0;0;0;0
21;16;2;10;1;0;15;13;24.5555555555556;0;0;0;0;8;96;6.23452380952381;0.0186063936063933;11;16;2;39
21;17;0;10;0;0;25;25;189.666666666667;0;0;0;0;0;91;0;3.625;42;14;37;4
21;18;0;10;2;0;15;10;314.666666666667;16;0;0;0;11;16;3.21666666666666;2.06666666666666;9;26;3;7
21;19;0;10;4;0;29;12;24.6666666666667;0;0;1;0;27;35;-0.673809523809524;3.86589521589521;3;24;40;3
21;20;0;10;1;0;21;15;126.666666666667;0;0;0;0;2;16;15.7125285103613;-0.753535353535353;17;27;1;37
21;21;10;0;1;0;0;0;1042.66666666667;0;0;1;0;0;0;0;0;32;32;32;32
21;22;0;10;0;0;3;3;158.666666666667;0;0;0;0;0;147;0.93015873015873;0;42;8;9;36
21;23;6;4;0;0;3;3;864.666666666667;0;0;0;0;0;0;0;0;34;34;34;33
21;24;0;10;0;0;8;7;31.6666666666667;0;0;0;0;0;141;0;-1.8;42;11;37;41
21;25;1;9;0;0;13;10;36.6666666666667;0;0;0;0;0;167;3.2;1.98809523809523;42;7;3;8
21;26;0;10;0;0;11;9;209.666666666667;0;0;0;0;0;76;0;2.54285714285714;42;17;37;6
21;27;0;10;1;0;16;11;34.6666666666667;0;0;1;0;6;158;1.5595238095238;-4.5;12;9;7;42
21;28;0;10;1;0;19;17;86.6666666666667;0;0;2;0;0;91;-5.19051226551226;3.55228758169934;42;16;42;5
21;29;10;0;2;0;0;0;440.666666666667;0;0;0;0;1;0;0;0;16;41;37;36
21;30;10;0;0;0;0;0;1164.66666666667;0;0;0;0;0;0;0;0;0;0;0;0
21;31;1;9;1;0;13;10;114.666666666667;0;0;0;0;2;143;-0.166666666666666;3.95;17;9;38;3
21;33;10;0;0;0;0;0;1098.66666666667;0;0;0;0;0;0;0;0;0;0;0;0
21;35;2;9;6;0;23;16;34.1111111111111;0;0;3;0;13;269;0;-0.369318181818181;9;3;37;40
21;65;2;8;0;0;14;4;105.666666666667;0;0;0;0;0;48;-2.33214285714285;0.111111111111111;42;21;41;16
21;68;3;8;4;0;31;30;63;0;0;0;0;25;42;0;8.78730158730158;5;23;37;1
21;146;10;0;0;0;0;0;840.666666666667;0;0;0;0;0;0;0;0;0;0;0;0
21;169;10;0;0;0;0;0;786.666666666667;0;0;0;0;0;0;0;0;0;0;0;0
21;194;10;0;0;0;0;0;708.666666666667;0;0;0;0;0;0;0;0;0;0;0;0
21;199;10;0;0;0;0;0;679.666666666667;0;0;0;0;0;0;0;0;0;0;0;0
21;234;10;0;0;0;0;0;628.666666666667;0;0;0;0;0;0;0;0;0;0;0;0
21;251;10;0;0;0;0;0;578.666666666667;0;0;0;0;0;0;0;0;0;0;0;0
21;281;10;0;0;0;0;0;476.666666666667;0;0;0;0;0;0;0;0;0;0;0;0
21;303;10;0;0;0;0;0;411.666666666667;0;0;0;0;0;0;0;0;0;0;0;0
22;2;10;0;4;0;0;0;1140.61538461538;0;0;11;0;0;0;0;0;32;32;32;32
22;3;0;10;1;1;14;9;44.6153846153846;71;0;2;0;67;58;0.5;-0.804824561403508;1;20;10;40
22;4;0;10;0;0;8;5;125.615384615385;0;0;0;0;0;81;1.58333333333333;0;42;19;6;35
22;5;0;10;0;0;6;6;378.615384615385;0;0;0;0;0;101;0;1;42;15;37;12
22;6;0;10;0;0;4;4;598.615384615385;0;0;0;0;0;104;0;1.16666666666666;40;15;37;7
22;7;2;8;2;0;6;6;358.615384615385;15;0;1;0;16;178;0;1.39682539682539;6;6;37;8
22;8;0;10;0;0;5;5;642.615384615385;0;0;0;0;0;132;0;1;40;11;36;10
22;9;0;10;1;0;7;3;181.615384615385;0;0;0;0;5;72;-1.17888639138639;0;13;18;40;35
22;10;10;0;1;0;0;0;1057.61538461538;0;0;1;0;0;0;0;0;34;34;34;33
22;11;5;8;2;0;10;5;28.1538461538462;0;0;0;0;20;28;2.43066378066378;0.888888888888888;6;25;4;36
22;12;0;10;0;0;3;3;797.615384615385;0;0;0;0;0;132;0;1;36;10;34;9
22;13;0;10;5;0;21;13;53.4615384615385;0;0;1;0;14;270;0.823809523809523;-0.436853002070393;9;2;9;38
22;14;0;10;2;0;3;3;739.615384615385;31;0;1;0;45;274;0;0.8;2;1;37;14
22;15;10;0;0;0;0;0;1286.61538461538;0;0;0;0;0;0;0;0;0;0;0;0
22;16;0;10;1;0;15;13;96.6153846153846;0;0;0;0;8;96;6.23452380952381;0.0186063936063933;11;16;2;17
22;17;0;10;0;0;25;25;270.615384615385;0;0;0;0;0;91;0;3.625;42;14;37;4
22;18;0;10;2;0;15;10;395.615384615385;16;0;0;0;11;16;3.21666666666666;2.06666666666666;9;26;3;7
22;19;0;10;4;0;30;12;53.9230769230769;0;0;1;0;29;35;-0.673809523809524;3.86589521589521;3;24;40;3
22;20;0;10;1;0;21;15;207.615384615385;0;0;0;0;2;16;15.7125285103613;-0.753535353535353;17;27;1;37
22;21;10;0;1;0;0;0;1123.61538461538;0;0;1;0;0;0;0;0;32;32;32;32
22;22;0;10;0;0;3;3;239.615384615385;0;0;0;0;0;147;0.93015873015873;0;42;8;9;36
22;23;6;4;0;0;3;3;945.615384615385;0;0;0;0;0;0;0;0;34;34;34;33
22;24;0;10;0;0;8;7;112.615384615385;0;0;0;0;0;141;0;-1.8;42;11;37;41
22;25;1;9;0;0;15;10;69.1538461538462;0;0;0;0;0;167;3.2;1.98809523809523;42;7;3;8
22;26;0;10;0;0;12;9;114.615384615385;0;0;0;0;0;82;0;2.54285714285714;42;17;37;6
22;27;0;10;1;0;16;11;115.615384615385;0;0;1;0;6;158;1.5595238095238;-4.5;12;9;7;42
22;28;0;10;1;0;21;17;43.3076923076923;0;0;2;0;0;98;-5.11358918858918;3.55228758169934;42;15;42;5
22;29;10;0;2;0;0;0;521.615384615385;0;0;0;0;1;0;0;0;16;41;37;36
22;30;10;0;0;0;0;0;1245.61538461538;0;0;0;0;0;0;0;0;0;0;0;0
22;31;2;9;1;0;15;12;146.461538461538;0;0;0;0;2;149;-2.77555756156289E-17;3.95;17;9;38;3
22;33;10;0;0;0;0;0;1179.61538461538;0;0;0;0;0;0;0;0;0;0;0;0
22;35;3;9;6;0;24;17;34.7692307692308;0;0;3;0;14;246;0;-0.369318181818181;9;3;37;41
22;65;2;8;0;0;14;4;186.615384615385;0;0;0;0;0;48;-2.33214285714285;0.111111111111111;42;21;41;16
22;68;2;8;4;0;32;30;25.8461538461538;0;0;0;0;25;42;0;8.78730158730158;5;23;37;1
22;146;10;0;0;0;0;0;921.615384615385;0;0;0;0;0;0;0;0;0;0;0;0
22;169;10;0;0;0;0;0;867.615384615385;0;0;0;0;0;0;0;0;0;0;0;0
22;194;10;0;0;0;0;0;789.615384615385;0;0;0;0;0;0;0;0;0;0;0;0
22;199;10;0;0;0;0;0;760.615384615385;0;0;0;0;0;0;0;0;0;0;0;0
22;234;10;0;0;0;0;0;709.615384615385;0;0;0;0;0;0;0;0;0;0;0;0
22;251;10;0;0;0;0;0;659.615384615385;0;0;0;0;0;0;0;0;0;0;0;0
22;281;10;0;0;0;0;0;557.615384615385;0;0;0;0;0;0;0;0;0;0;0;0
22;303;10;0;0;0;0;0;492.615384615385;0;0;0;0;0;0;0;0;0;0;0;0
23;2;10;0;4;0;0;0;1187.85714285714;0;0;11;0;0;0;0;0;32;32;32;32
23;3;0;10;1;1;14;9;91.8571428571429;71;0;2;0;67;58;0.5;-0.804824561403508;1;20;10;40
23;4;0;10;0;0;8;5;172.857142857143;0;0;0;0;0;81;1.58333333333333;0;42;19;6;35
23;5;0;10;0;0;6;6;425.857142857143;0;0;0;0;0;101;0;1;42;15;37;12
23;6;0;10;0;0;4;4;645.857142857143;0;0;0;0;0;104;0;1.16666666666666;40;15;37;7
23;7;2;8;2;0;6;6;405.857142857143;15;0;1;0;16;178;0;1.39682539682539;6;6;37;8
23;8;0;10;0;0;5;5;689.857142857143;0;0;0;0;0;132;0;1;40;11;36;10
23;9;0;10;1;0;7;3;228.857142857143;0;0;0;0;5;72;-1.17888639138639;0;13;18;40;35
23;10;10;0;1;0;0;0;1104.85714285714;0;0;1;0;0;0;0;0;34;34;34;33
23;11;2;8;2;0;10;5;33.8571428571429;0;0;0;0;20;28;2.43066378066378;-0.111111111111111;6;25;4;36
23;12;0;10;0;0;3;3;844.857142857143;0;0;0;0;0;132;0;1;36;10;34;9
23;13;0;10;5;0;22;13;72.8571428571429;0;0;1;0;14;278;0.823809523809523;-0.436853002070393;9;2;38;38
23;14;0;10;2;0;3;3;786.857142857143;31;0;1;0;45;274;0;0.8;2;1;37;14
23;15;10;0;0;0;0;0;1333.85714285714;0;0;0;0;0;0;0;0;0;0;0;0
23;16;0;10;1;0;15;13;143.857142857143;0;0;0;0;8;96;6.23452380952381;0.0186063936063933;11;16;2;17
23;17;0;10;0;0;25;25;317.857142857143;0;0;0;0;0;91;0;3.625;42;14;37;4
23;18;0;10;2;0;15;10;442.857142857143;16;0;0;0;11;16;3.21666666666666;2.06666666666666;9;26;3;7
23;19;0;10;4;0;31;12;27.1428571428571;0;0;1;0;29;36;-0.673809523809524;3.86589521589521;3;24;40;3
23;20;0;10;1;0;21;15;254.857142857143;0;0;0;0;2;16;15.7125285103613;-0.753535353535353;17;27;1;37
23;21;10;0;1;0;0;0;1170.85714285714;0;0;1;0;0;0;0;0;32;32;32;32
23;22;0;10;0;0;3;3;286.857142857143;0;0;0;0;0;147;0.93015873015873;0;42;8;9;36
23;23;6;4;0;0;3;3;992.857142857143;0;0;0;0;0;0;0;0;34;34;34;33
23;24;0;10;0;0;8;7;159.857142857143;0;0;0;0;0;141;0;-1.8;42;11;37;41
23;25;1;9;0;0;15;10;28.8571428571429;0;0;0;0;0;163;3.2;1.98809523809523;42;6;3;8
23;26;0;10;0;0;12;9;51.8571428571429;0;0;0;0;0;82;0;2.54285714285714;42;17;37;6
23;27;0;10;1;0;17;11;114.285714285714;0;0;1;0;6;166;1.5595238095238;-4.5;12;9;8;42
23;28;1;10;1;0;22;18;21;0;0;2;0;0;98;-5.11358918858918;3.60473513414689;42;16;42;5
23;29;10;0;2;0;0;0;568.857142857143;0;0;0;0;1;0;0;0;16;41;37;36
23;30;10;0;0;0;0;0;1292.85714285714;0;0;0;0;0;0;0;0;0;0;0;0
23;31;1;9;1;0;16;12;23.8571428571429;0;0;0;0;2;152;-2.77555756156289E-17;3.75747863247863;17;10;37;3
23;33;10;0;0;0;0;0;1226.85714285714;0;0;0;0;0;0;0;0;0;0;0;0
23;35;2;9;6;0;26;19;15.1428571428571;0;0;3;0;14;242;0;-1.03598484848484;9;3;36;40
23;65;2;8;0;0;14;4;233.857142857143;0;0;0;0;0;48;-2.33214285714285;0.111111111111111;42;21;41;16
23;68;2;8;4;0;32;30;45.8571428571429;0;0;0;0;25;42;0;8.78730158730158;5;23;37;1
23;146;10;0;0;0;0;0;968.857142857143;0;0;0;0;0;0;0;0;0;0;0;0
23;169;10;0;0;0;0;0;914.857142857143;0;0;0;0;0;0;0;0;0;0;0;0
23;194;10;0;0;0;0;0;836.857142857143;0;0;0;0;0;0;0;0;0;0;0;0
23;199;10;0;0;0;0;0;807.857142857143;0;0;0;0;0;0;0;0;0;0;0;0
23;234;10;0;0;0;0;0;756.857142857143;0;0;0;0;0;0;0;0;0;0;0;0
23;251;10;0;0;0;0;0;706.857142857143;0;0;0;0;0;0;0;0;0;0;0;0
23;281;10;0;0;0;0;0;604.857142857143;0;0;0;0;0;0;0;0;0;0;0;0
23;303;10;0;0;0;0;0;539.857142857143;0;0;0;0;0;0;0;0;0;0;0;0
24;2;10;0;4;0;0;0;1256.13333333333;0;0;11;0;0;0;0;0;32;32;32;32
24;3;0;10;2;1;14;9;41.6;71;0;2;0;67;72;0.5;-0.804824561403508;1;20;9;39
24;4;0;10;0;0;8;5;241.133333333333;0;0;0;0;0;81;1.58333333333333;0;42;19;6;35
24;5;0;10;0;0;6;6;494.133333333333;0;0;0;0;0;101;0;1;42;15;37;12
24;6;0;10;0;0;4;4;714.133333333333;0;0;0;0;0;104;0;1.16666666666666;40;15;37;7
24;7;2;8;2;0;6;6;474.133333333333;15;0;1;0;16;178;0;1.39682539682539;6;6;37;8
24;8;0;10;0;0;5;5;758.133333333333;0;0;0;0;0;132;0;1;40;11;36;10
24;9;0;10;1;0;7;3;297.133333333333;0;0;0;0;5;72;-1.17888639138639;0;13;18;40;35
24;10;10;0;1;0;0;0;1173.13333333333;0;0;1;0;0;0;0;0;34;34;34;33
24;11;2;10;2;0;11;6;60.5333333333333;0;0;0;0;20;30;4.43066378066378;-0.111111111111111;6;25;4;36
24;12;0;10;0;0;3;3;913.133333333333;0;0;0;0;0;132;0;1;36;10;34;9
24;13;0;10;5;0;22;13;36.1333333333333;0;0;1;0;14;278;-0.176190476190476;-0.436853002070393;9;2;38;37
24;14;0;10;2;0;3;3;855.133333333333;31;0;1;0;45;274;0;0.8;2;1;37;14
24;15;10;0;0;0;0;0;1402.13333333333;0;0;0;0;0;0;0;0;0;0;0;0
24;16;0;10;1;0;16;13;166.533333333333;0;0;0;0;8;102;6.23452380952381;0.0186063936063933;11;16;3;17
24;17;1;10;0;0;27;27;331.866666666667;0;0;0;0;0;102;0;3.625;42;14;37;6
24;18;0;10;2;0;15;10;511.133333333333;16;0;0;0;11;16;3.21666666666666;2.06666666666666;9;26;3;7
24;19;0;10;4;0;32;12;45.4666666666667;0;0;1;0;29;36;-0.673809523809524;3.86589521589521;3;24;40;2
24;20;1;10;1;0;23;17;50.6;0;0;0;0;2;19;16.0804679380833;-0.753535353535353;17;27;1;38
24;21;10;0;1;0;0;0;1239.13333333333;0;0;1;0;0;0;0;0;32;32;32;32
24;22;0;10;0;0;3;3;355.133333333333;0;0;0;0;0;147;0.93015873015873;0;42;8;9;36
24;23;6;4;0;0;3;3;1061.13333333333;0;0;0;0;0;0;0;0;34;34;34;33
24;24;1;10;0;0;9;8;96.1333333333333;0;0;0;0;0;142;0;-1.8;42;11;37;41
24;25;1;10;0;0;16;11;97.1333333333333;0;0;0;0;0;171;4.2;1.98809523809523;42;8;3;9
24;26;0;10;0;0;12;9;120.133333333333;0;0;0;0;0;82;0;2.54285714285714;42;17;37;6
24;27;0;10;1;0;19;11;18.5333333333333;0;0;1;0;6;186;1.5595238095238;-4.5;12;8;8;42
24;28;1;9;1;0;22;18;86.1333333333333;0;0;2;0;0;85;-5.11358918858918;3.60473513414689;42;16;42;5
24;29;10;0;2;0;0;0;637.133333333333;0;0;0;0;1;0;0;0;16;41;37;36
24;30;10;0;0;0;0;0;1361.13333333333;0;0;0;0;0;0;0;0;0;0;0;0
24;31;1;9;1;0;16;12;56.1333333333333;0;0;0;0;2;152;-2.77555756156289E-17;3.75747863247863;17;10;37;3
24;33;10;0;0;0;0;0;1295.13333333333;0;0;0;0;0;0;0;0;0;0;0;0
24;35;2;8;6;0;28;19;19.5333333333333;0;0;4;0;15;241;0;-1.1915404040404;9;3;36;40
24;65;2;9;0;0;15;5;108.133333333333;0;0;0;0;0;48;-2.33214285714285;1.11111111111111;42;21;41;16
24;68;2;8;4;0;32;30;114.133333333333;0;0;0;0;25;42;0;8.78730158730158;5;23;37;1
24;146;10;0;0;0;0;0;1037.13333333333;0;0;0;0;0;0;0;0;0;0;0;0
24;169;10;0;0;0;0;0;983.133333333333;0;0;0;0;0;0;0;0;0;0;0;0
24;194;10;0;0;0;0;0;905.133333333333;0;0;0;0;0;0;0;0;0;0;0;0
24;199;10;0;0;0;0;0;876.133333333333;0;0;0;0;0;0;0;0;0;0;0;0
24;234;10;0;0;0;0;0;825.133333333333;0;0;0;0;0;0;0;0;0;0;0;0
24;251;10;0;0;0;0;0;775.133333333333;0;0;0;0;0;0;0;0;0;0;0;0
24;281;10;0;0;0;0;0;673.133333333333;0;0;0;0;0;0;0;0;0;0;0;0
24;303;10;0;0;0;0;0;608.133333333333;0;0;0;0;0;0;0;0;0;0;0;0
25;2;10;0;4;0;0;0;1309.66666666667;0;0;11;0;0;0;0;0;32;32;32;32
25;3;0;10;2;1;14;9;86.6666666666667;71;0;2;0;67;72;0.5;-0.804824561403508;1;20;9;39
25;4;0;10;0;0;8;5;294.666666666667;0;0;0;0;0;81;1.58333333333333;0;42;19;6;35
25;5;0;10;0;0;6;6;547.666666666667;0;0;0;0;0;101;0;1;42;15;37;12
25;6;0;10;0;0;4;4;767.666666666667;0;0;0;0;0;104;0;1.16666666666666;40;15;37;7
25;7;2;8;2;0;6;6;527.666666666667;15;0;1;0;16;178;0;1.39682539682539;6;6;37;8
25;8;0;10;0;0;5;5;811.666666666667;0;0;0;0;0;132;0;1;40;11;36;10
25;9;0;10;1;0;7;3;350.666666666667;0;0;0;0;5;72;-1.17888639138639;0;13;18;40;35
25;10;10;0;1;0;0;0;1226.66666666667;0;0;1;0;0;0;0;0;34;34;34;33
25;11;0;10;2;0;12;6;26.9166666666667;0;0;0;0;20;30;4.48329535961114;-0.111111111111111;6;25;2;36
25;12;0;10;0;0;3;3;966.666666666667;0;0;0;0;0;132;0;1;36;10;34;9
25;13;0;10;5;0;22;13;89.6666666666667;0;0;1;0;14;278;-0.176190476190476;-0.436853002070393;9;2;38;37
25;14;0;10;2;0;3;3;908.666666666667;31;0;1;0;45;274;0;0.8;2;1;37;14
25;15;10;0;0;0;0;0;1455.66666666667;0;0;0;0;0;0;0;0;0;0;0;0
25;16;0;10;1;0;16;13;37.6666666666667;0;0;0;0;8;102;4.21432178932179;0.0186063936063933;11;15;3;16
25;17;0;10;0;0;27;27;32.6666666666667;0;0;0;0;0;102;0;3.47763157894736;42;14;35;5
25;18;0;10;2;0;16;10;198.666666666667;16;0;0;0;11;16;3.21666666666666;2.06666666666666;10;27;38;7
25;19;1;10;4;0;33;13;53.6666666666667;0;0;1;0;29;39;-0.0904761904761906;5.11589521589521;3;24;40;2
25;20;2;10;1;0;26;20;36.25;0;0;0;0;2;19;17.0804679380833;-0.753535353535353;17;27;1;40
25;21;10;0;1;0;0;0;1292.66666666667;0;0;1;0;0;0;0;0;32;32;32;32
25;22;0;10;0;0;4;3;267.333333333333;0;0;0;0;0;178;1.93015873015873;0;42;8;9;36
25;23;6;4;0;0;3;3;1114.66666666667;0;0;0;0;0;0;0;0;34;34;34;33
25;24;3;9;0;0;10;9;37.0833333333333;0;0;0;0;0;142;0;-2.13333333333333;42;12;35;41
25;25;0;10;0;0;17;11;19.4166666666667;0;0;0;0;0;171;4.7;1.32142857142857;42;8;3;9
25;26;0;10;0;0;12;9;173.666666666667;0;0;0;0;0;82;0;2.54285714285714;42;17;37;6
25;27;0;10;1;0;19;11;40.6666666666667;0;0;1;0;6;186;1.5595238095238;-4.5;12;5;8;42
25;28;1;10;1;0;23;19;43;0;0;2;0;0;87;-5.11358918858918;4.10473513414689;42;18;42;5
25;29;10;0;2;0;0;0;690.666666666667;0;0;0;0;1;0;0;0;16;41;37;36
25;30;10;0;0;0;0;0;1414.66666666667;0;0;0;0;0;0;0;0;0;0;0;0
25;31;1;9;1;0;17;12;53.6666666666667;0;0;0;0;2;156;-2.77555756156289E-17;3.75747863247863;17;10;37;4
25;33;10;0;0;0;0;0;1348.66666666667;0;0;0;0;0;0;0;0;0;0;0;0
25;35;2;8;6;0;29;19;28.1666666666667;0;0;4;0;17;241;0;-1.1915404040404;8;3;35;40
25;65;1;9;0;0;15;5;64.6666666666667;0;0;0;0;0;48;-2.63214285714285;1.11111111111111;42;21;41;11
25;68;2;8;4;0;32;30;167.666666666667;0;0;0;0;25;42;0;8.78730158730158;5;23;37;1
25;146;10;0;0;0;0;0;1090.66666666667;0;0;0;0;0;0;0;0;0;0;0;0
25;169;10;0;0;0;0;0;1036.66666666667;0;0;0;0;0;0;0;0;0;0;0;0
25;194;10;0;0;0;0;0;958.666666666667;0;0;0;0;0;0;0;0;0;0;0;0
25;199;10;0;0;0;0;0;929.666666666667;0;0;0;0;0;0;0;0;0;0;0;0
25;234;10;0;0;0;0;0;878.666666666667;0;0;0;0;0;0;0;0;0;0;0;0
25;251;10;0;0;0;0;0;828.666666666667;0;0;0;0;0;0;0;0;0;0;0;0
25;281;10;0;0;0;0;0;726.666666666667;0;0;0;0;0;0;0;0;0;0;0;0
25;303;10;0;0;0;0;0;661.666666666667;0;0;0;0;0;0;0;0;0;0;0;0
26;2;10;0;4;0;0;0;1385.25;0;0;11;0;0;0;0;0;32;32;32;32
26;3;0;10;2;1;15;9;64.4;71;0;2;0;69;86;0.5;-0.804824561403508;1;20;9;39
26;4;0;10;0;0;8;5;373.2;0;0;0;0;0;81;1.58333333333333;0;42;19;6;35
26;5;0;10;0;0;6;6;626.2;0;0;0;0;0;101;0;1;42;15;37;12
26;6;0;10;0;0;4;4;846.2;0;0;0;0;0;104;0;1.16666666666666;40;15;37;7
26;7;2;8;2;0;6;6;606.2;15;0;1;0;16;178;0;1.39682539682539;6;6;37;8
26;8;0;10;0;0;5;5;890.2;0;0;0;0;0;132;0;1;40;11;36;10
26;9;0;10;1;0;7;3;426.25;0;0;0;0;5;72;-1.17888639138639;0;13;18;40;35
26;10;10;0;1;0;0;0;1302.25;0;0;1;0;0;0;0;0;34;34;34;33
26;11;0;10;2;0;12;6;100.25;0;0;0;0;20;30;4.48329535961114;-0.111111111111111;6;25;2;36
26;12;0;10;0;0;3;3;1042.25;0;0;0;0;0;132;0;1;36;10;34;9
26;13;0;10;5;0;23;13;165.25;0;0;1;0;14;286;-0.176190476190476;-0.436853002070393;9;2;40;37
26;14;0;10;2;0;3;3;984.25;31;0;1;0;45;274;0;0.8;2;1;37;14
26;15;10;0;0;0;0;0;1531.25;0;0;0;0;0;0;0;0;0;0;0;0
26;16;0;10;1;0;16;13;113.25;0;0;0;0;8;102;4.21432178932179;0.0186063936063933;11;15;3;16
26;17;0;10;0;0;27;27;108.25;0;0;0;0;0;102;0;3.47763157894736;42;14;35;5
26;18;0;10;2;0;16;10;91.25;16;0;0;0;11;14;-0.283333333333333;2.06666666666666;10;27;38;7
26;19;1;9;4;0;33;13;54.2;0;0;1;0;29;39;-0.0904761904761906;5.11589521589521;3;24;36;2
26;20;0;10;1;0;26;20;56.2;0;0;0;0;2;14;17.0804679380833;-1.36626984126984;17;27;1;40
26;21;10;0;1;0;0;0;1371.2;0;0;1;0;0;0;0;0;32;32;32;32
26;22;0;10;0;0;4;3;63.2;0;0;0;0;0;178;1.93015873015873;0;42;7;6;35
26;23;6;4;0;0;3;3;1193.2;0;0;0;0;0;0;0;0;34;34;34;33
26;24;3;7;0;0;10;9;81.2;0;0;0;0;0;122;0;-3.37765567765567;42;12;35;41
26;25;0;10;0;0;17;11;95.2;0;0;0;0;0;171;4.7;1.32142857142857;42;8;2;9
26;26;0;10;0;0;12;9;252.2;0;0;0;0;0;82;0;2.54285714285714;42;17;37;6
26;27;0;10;1;0;21;11;52;0;0;1;0;6;186;0.246031746031746;-4.5;12;5;9;42
26;28;0;10;1;0;24;19;57.8;0;0;2;0;0;91;-5.11358918858918;4.10473513414689;42;18;42;3
26;29;10;0;2;0;0;0;769.2;0;0;0;0;1;0;0;0;16;41;37;36
26;30;10;0;0;0;0;0;1493.2;0;0;0;0;0;0;0;0;0;0;0;0
26;31;1;9;1;0;17;12;92.2;0;0;0;0;2;156;-2.77555756156289E-17;3.75747863247863;17;10;36;4
26;33;10;0;0;0;0;0;1427.2;0;0;0;0;0;0;0;0;0;0;0;0
26;35;2;8;6;0;29;19;87.2;0;0;4;0;17;241;0;-1.1915404040404;7;3;35;40
26;65;1;9;0;0;15;5;143.2;0;0;0;0;0;48;-2.63214285714285;1.11111111111111;42;21;41;11
26;68;2;8;4;0;32;30;246.2;0;0;0;0;25;42;0;8.78730158730158;5;23;37;1
26;146;10;0;0;0;0;0;1169.2;0;0;0;0;0;0;0;0;0;0;0;0
26;169;10;0;0;0;0;0;1115.2;0;0;0;0;0;0;0;0;0;0;0;0
26;194;10;0;0;0;0;0;1037.2;0;0;0;0;0;0;0;0;0;0;0;0
26;199;10;0;0;0;0;0;1008.2;0;0;0;0;0;0;0;0;0;0;0;0
26;234;10;0;0;0;0;0;957.2;0;0;0;0;0;0;0;0;0;0;0;0
26;251;10;0;0;0;0;0;907.2;0;0;0;0;0;0;0;0;0;0;0;0
26;281;10;0;0;0;0;0;805.2;0;0;0;0;0;0;0;0;0;0;0;0
26;303;10;0;0;0;0;0;740.2;0;0;0;0;0;0;0;0;0;0;0;0
26;353;13;1003;2;2;0;3;2;0;0.666666666666666;0;0.333333333333333;1;1;1;28;0;2;0;0
26;374;13;1062;1;1;0;7;0;2;0;0.285714285714285;0.714285714285714;4;0;1;7;46;2;0;0
27;2;10;0;4;0;0;0;1437.625;0;0;11;0;0;0;0;0;32;32;32;32
27;3;0;10;2;1;16;9;19.125;71;0;2;0;69;86;0.5;-0.804824561403508;1;19;8;38
27;4;0;10;0;0;8;5;422.625;0;0;0;0;0;81;1.58333333333333;0;42;19;6;35
27;5;0;10;0;0;6;6;675.625;0;0;0;0;0;101;0;1;42;15;37;12
27;6;0;10;0;0;4;4;895.625;0;0;0;0;0;104;0;1.16666666666666;40;15;37;7
27;7;2;8;2;0;6;6;655.625;15;0;1;0;16;178;0;1.39682539682539;6;6;37;8
27;8;0;10;0;0;5;5;939.625;0;0;0;0;0;132;0;1;40;11;36;10
27;9;0;10;1;0;7;3;478.625;0;0;0;0;5;72;-1.17888639138639;0;13;18;40;35
27;10;10;0;1;0;0;0;1354.625;0;0;1;0;0;0;0;0;34;34;34;33
27;11;3;10;2;0;13;7;152.625;0;0;0;0;20;30;4.48805726437305;2.28888888888888;6;27;2;36
27;12;0;10;0;0;3;3;1094.625;0;0;0;0;0;132;0;1;36;10;34;9
27;13;0;10;5;0;23;13;37.625;0;0;1;0;14;286;-1.5095238095238;-0.436853002070393;9;2;40;37
27;14;0;10;2;0;3;3;1036.625;31;0;1;0;45;274;0;0.8;2;1;37;14
27;15;10;0;0;0;0;0;1583.625;0;0;0;0;0;0;0;0;0;0;0;0
27;16;0;10;1;0;16;13;165.625;0;0;0;0;8;102;4.21432178932179;0.0186063936063933;11;15;3;16
27;17;0;10;0;0;28;27;45.125;0;0;0;0;0;101;0;3.47763157894736;42;15;35;5
27;18;0;10;2;0;16;10;143.625;16;0;0;0;11;14;-0.283333333333333;2.06666666666666;10;27;38;7
27;19;1;9;4;0;35;13;33.875;0;0;1;0;29;39;-0.0904761904761906;5.11589521589521;3;24;36;2
27;20;0;10;1;0;26;20;105.625;0;0;0;0;2;14;17.0804679380833;-1.36626984126984;17;27;1;40
27;21;10;0;1;0;0;0;1420.625;0;0;1;0;0;0;0;0;32;32;32;32
27;22;0;10;0;0;4;3;112.625;0;0;0;0;0;178;1.93015873015873;0;42;7;6;35
27;23;6;4;0;0;3;3;1242.625;0;0;0;0;0;0;0;0;34;34;34;33
27;24;3;8;0;0;12;11;94.875;0;0;0;0;0;122;0;-2.04432234432234;42;12;35;41
27;25;0;10;0;0;17;11;144.625;0;0;0;0;0;171;4.7;1.32142857142857;42;8;2;9
27;26;0;10;0;0;12;9;301.625;0;0;0;0;0;82;0;2.54285714285714;42;17;37;6
27;27;0;10;1;0;22;11;16.125;0;0;1;0;6;186;0.246031746031746;-4.5;12;5;9;42
27;28;0;10;1;0;24;19;40.625;0;0;2;0;0;91;-5.11358918858918;4.10473513414689;42;16;42;3
27;29;10;0;2;0;0;0;818.625;0;0;0;0;1;0;0;0;16;41;37;36
27;30;10;0;0;0;0;0;1542.625;0;0;0;0;0;0;0;0;0;0;0;0
27;31;1;9;1;0;17;12;141.625;0;0;0;0;2;156;-2.77555756156289E-17;3.75747863247863;17;10;36;4
27;33;10;0;0;0;0;0;1476.625;0;0;0;0;0;0;0;0;0;0;0;0
27;35;2;8;6;0;29;19;136.625;0;0;4;0;17;241;0;-1.1915404040404;7;3;35;40
27;65;1;9;0;0;15;5;192.625;0;0;0;0;0;48;-2.63214285714285;1.11111111111111;42;21;41;11
27;68;2;8;4;0;32;30;295.625;0;0;0;0;25;42;0;8.78730158730158;5;23;37;1
27;146;10;0;0;0;0;0;1218.625;0;0;0;0;0;0;0;0;0;0;0;0
27;169;10;0;0;0;0;0;1164.625;0;0;0;0;0;0;0;0;0;0;0;0
27;194;10;0;0;0;0;0;1086.625;0;0;0;0;0;0;0;0;0;0;0;0
27;199;10;0;0;0;0;0;1057.625;0;0;0;0;0;0;0;0;0;0;0;0
27;234;10;0;0;0;0;0;1006.625;0;0;0;0;0;0;0;0;0;0;0;0
27;251;10;0;0;0;0;0;956.625;0;0;0;0;0;0;0;0;0;0;0;0
27;281;10;0;0;0;0;0;854.625;0;0;0;0;0;0;0;0;0;0;0;0
27;303;10;0;0;0;0;0;789.625;0;0;0;0;0;0;0;0;0;0;0;0
28;2;10;0;4;0;0;0;1495.90909090909;0;0;11;0;0;0;0;0;32;32;32;32
28;3;0;10;2;1;16;9;60.9090909090909;71;0;2;0;69;86;0.5;-0.804824561403508;1;19;8;38
28;4;2;10;0;0;10;7;135.545454545455;0;0;0;0;0;81;2.58333333333333;0;42;20;6;36
28;5;0;10;0;0;6;6;733.909090909091;0;0;0;0;0;101;0;1;42;15;37;12
28;6;0;10;0;0;4;4;953.909090909091;0;0;0;0;0;104;0;1.16666666666666;40;15;37;7
28;7;2;8;2;0;6;6;713.909090909091;15;0;1;0;16;178;0;1.39682539682539;6;6;37;8
28;8;0;10;0;0;5;5;997.909090909091;0;0;0;0;0;132;0;1;40;11;36;10
28;9;0;10;1;0;7;3;536.909090909091;0;0;0;0;5;72;-1.17888639138639;0;13;18;40;35
28;10;10;0;1;0;0;0;1412.90909090909;0;0;1;0;0;0;0;0;34;34;34;33
28;11;3;10;2;0;14;8;17.3636363636364;0;0;0;0;20;16;5.55472393103972;7.38888888888888;6;27;2;7
28;12;0;10;0;0;3;3;1152.90909090909;0;0;0;0;0;132;0;1;36;10;34;9
28;13;0;10;5;0;25;13;33.6363636363636;0;0;1;0;14;294;-1.39841269841269;-0.436853002070393;9;2;40;37
28;14;0;10;2;0;3;3;1094.90909090909;31;0;1;0;45;274;0;0.8;2;1;37;14
28;15;10;0;0;0;0;0;1641.90909090909;0;0;0;0;0;0;0;0;0;0;0;0
28;16;0;10;1;0;16;13;223.909090909091;0;0;0;0;8;102;4.21432178932179;0.0186063936063933;11;15;3;16
28;17;0;10;0;0;28;27;86.9090909090909;0;0;0;0;0;101;0;3.47763157894736;42;15;35;5
28;18;0;10;2;0;16;10;201.909090909091;16;0;0;0;11;14;-0.283333333333333;2.06666666666666;10;27;38;7
28;19;1;9;4;0;35;13;50.9090909090909;0;0;1;0;29;39;-0.0904761904761906;5.11589521589521;3;24;36;2
28;20;0;10;1;0;26;20;163.909090909091;0;0;0;0;2;14;17.0804679380833;-1.36626984126984;17;27;1;40
28;21;10;0;1;0;0;0;1478.90909090909;0;0;1;0;0;0;0;0;32;32;32;32
28;22;0;10;0;0;4;3;170.909090909091;0;0;0;0;0;178;1.93015873015873;0;42;7;6;35
28;23;6;4;0;0;3;3;1300.90909090909;0;0;0;0;0;0;0;0;34;34;34;33
28;24;3;7;0;0;12;11;42.9090909090909;0;0;0;0;0;122;0;-2.79432234432234;42;12;35;41
28;25;0;10;0;0;17;11;202.909090909091;0;0;0;0;0;171;4.7;1.32142857142857;42;8;2;9
28;26;0;10;0;0;12;9;359.909090909091;0;0;0;0;0;82;0;2.54285714285714;42;17;37;6
28;27;0;10;1;0;23;11;35.1818181818182;0;0;1;0;6;206;0.246031746031746;-4.5;12;5;12;42
28;28;1;10;1;0;26;21;52.1818181818182;0;0;2;0;0;95;-4.61358918858918;6.29084624525801;42;17;42;4
28;29;10;0;2;0;0;0;876.909090909091;0;0;0;0;1;0;0;0;16;41;37;36
28;30;10;0;0;0;0;0;1600.90909090909;0;0;0;0;0;0;0;0;0;0;0;0
28;31;1;10;1;0;18;13;199.909090909091;0;0;0;0;2;156;-2.77555756156289E-17;5.84081196581196;17;10;38;4
28;33;10;0;0;0;0;0;1534.90909090909;0;0;0;0;0;0;0;0;0;0;0;0
28;35;2;8;6;0;31;19;35.8181818181818;0;0;4;0;18;253;0;-1.1915404040404;7;3;37;39
28;65;1;9;0;0;15;5;250.909090909091;0;0;0;0;0;48;-2.63214285714285;1.11111111111111;42;21;41;11
28;68;2;8;4;0;32;30;353.909090909091;0;0;0;0;25;42;0;8.78730158730158;5;23;37;1
28;146;10;0;0;0;0;0;1276.90909090909;0;0;0;0;0;0;0;0;0;0;0;0
28;169;10;0;0;0;0;0;1222.90909090909;0;0;0;0;0;0;0;0;0;0;0;0
28;194;10;0;0;0;0;0;1144.90909090909;0;0;0;0;0;0;0;0;0;0;0;0
28;199;10;0;0;0;0;0;1115.90909090909;0;0;0;0;0;0;0;0;0;0;0;0
28;234;10;0;0;0;0;0;1064.90909090909;0;0;0;0;0;0;0;0;0;0;0;0
28;251;10;0;0;0;0;0;1014.90909090909;0;0;0;0;0;0;0;0;0;0;0;0
28;281;10;0;0;0;0;0;912.909090909091;0;0;0;0;0;0;0;0;0;0;0;0
28;303;10;0;0;0;0;0;847.909090909091;0;0;0;0;0;0;0;0;0;0;0;0
29;2;10;0;4;0;0;0;1533.8;0;0;11;0;0;0;0;0;32;32;32;32
29;3;0;10;2;1;16;9;98.8;71;0;2;0;69;86;0.5;-0.804824561403508;1;19;8;38
29;4;0;10;0;0;10;7;43.8;0;0;0;0;0;80;2.58333333333333;-0.266666666666666;42;20;6;36
29;5;0;10;0;0;6;6;771.8;0;0;0;0;0;101;0;1;42;15;37;12
29;6;0;10;0;0;4;4;991.8;0;0;0;0;0;104;0;1.16666666666666;40;15;37;7
29;7;2;8;2;0;6;6;751.8;15;0;1;0;16;178;0;1.39682539682539;6;6;37;8
29;8;0;10;0;0;5;5;1035.8;0;0;0;0;0;132;0;1;40;11;36;10
29;9;0;10;1;0;7;3;574.8;0;0;0;0;5;72;-1.17888639138639;0;13;18;40;35
29;10;10;0;1;0;0;0;1450.8;0;0;1;0;0;0;0;0;34;34;34;33
29;11;0;10;2;0;14;8;39.8;0;0;0;0;20;16;5.55472393103972;7.38888888888888;6;26;2;2
29;12;0;10;0;0;3;3;1190.8;0;0;0;0;0;132;0;1;36;10;34;9
29;13;0;10;5;0;25;13;24.8;0;0;1;0;14;294;-1.39841269841269;-0.436853002070393;9;2;40;37
29;14;0;10;2;0;3;3;1132.8;31;0;1;0;45;274;0;0.8;2;1;37;14
29;15;10;0;0;0;0;0;1679.8;0;0;0;0;0;0;0;0;0;0;0;0
29;16;2;10;1;0;18;15;57;0;0;0;0;8;16;2.61999944499944;-0.000441225441225601;11;26;7;40
29;17;0;10;0;0;28;27;124.8;0;0;0;0;0;101;0;3.47763157894736;42;15;35;5
29;18;0;10;2;0;16;10;239.8;16;0;0;0;11;14;-0.283333333333333;2.06666666666666;10;27;38;7
29;19;1;9;4;0;36;13;52.4;0;0;1;0;29;39;3.07619047619047;5.11589521589521;3;24;36;5
29;20;0;10;1;0;26;20;201.8;0;0;0;0;2;14;17.0804679380833;-1.36626984126984;17;27;1;40
29;21;10;0;1;0;0;0;1516.8;0;0;1;0;0;0;0;0;32;32;32;32
29;22;0;10;0;0;4;3;208.8;0;0;0;0;0;178;1.93015873015873;0;42;7;6;35
29;23;6;4;0;0;3;3;1338.8;0;0;0;0;0;0;0;0;34;34;34;33
29;24;3;7;0;0;12;11;80.8;0;0;0;0;0;122;0;-2.79432234432234;42;12;35;41
29;25;0;10;0;0;17;11;240.8;0;0;0;0;0;171;4.7;1.32142857142857;42;8;2;9
29;26;0;10;0;0;12;9;397.8;0;0;0;0;0;82;0;2.54285714285714;42;17;37;6
29;27;0;10;1;0;23;11;25.8;0;0;1;0;6;206;0.246031746031746;-4.5;12;5;12;42
29;28;0;10;1;0;26;21;33.8;0;0;2;0;0;95;-4.61358918858918;6.29084624525801;42;17;42;3
29;29;10;0;2;0;0;0;914.8;0;0;0;0;1;0;0;0;16;41;37;36
29;30;10;0;0;0;0;0;1638.8;0;0;0;0;0;0;0;0;0;0;0;0
29;31;0;10;1;0;18;13;15.8;0;0;0;0;2;156;-0.125;5.84081196581196;17;10;38;4
29;33;10;0;0;0;0;0;1572.8;0;0;0;0;0;0;0;0;0;0;0;0
29;35;2;8;6;0;32;19;25.8;0;0;4;0;18;253;0;-1.1915404040404;7;3;37;39
29;65;1;9;0;0;15;5;288.8;0;0;0;0;0;48;-2.63214285714285;1.11111111111111;42;21;41;11
29;68;2;8;4;0;33;30;159.6;0;0;0;0;25;51;0;8.78730158730158;5;23;37;1
29;146;10;0;0;0;0;0;1314.8;0;0;0;0;0;0;0;0;0;0;0;0
29;169;10;0;0;0;0;0;1260.8;0;0;0;0;0;0;0;0;0;0;0;0
29;194;10;0;0;0;0;0;1182.8;0;0;0;0;0;0;0;0;0;0;0;0
29;199;10;0;0;0;0;0;1153.8;0;0;0;0;0;0;0;0;0;0;0;0
29;234;10;0;0;0;0;0;1102.8;0;0;0;0;0;0;0;0;0;0;0;0
29;251;10;0;0;0;0;0;1052.8;0;0;0;0;0;0;0;0;0;0;0;0
29;281;10;0;0;0;0;0;950.8;0;0;0;0;0;0;0;0;0;0;0;0
29;303;10;0;0;0;0;0;885.8;0;0;0;0;0;0;0;0;0;0;0;0
