min;id;players;totalRemainingTokens;totalUsedTokens;totalIdeas;totalItems;totalComments;totalIdeasWithBets;playerId;playerRemainingTokens;playerUsedTokens;playerIdeas;playerItems;playerComments;playerVotes;playerTimeSinceAction;playerBestIdeaScore;playerItemUsage;playerIdeaUsage;playerCommentUsage;playercreativite;playerpertinence;playerpersuasion;playeradaptation;rankcreativite;rankpertinence;rankpersuasion;rankadaptation;itemCreationTime;ideaId;ideaOwnerId;ideaCreationTime;ideaDepthMin;ideaDepthMax;ideaItems;ideaComments;PositiveComments;NegativeComments;PositiveProportion;NegativeProportion;NulProportion;ideaVotes;ideaTokens;ideaTokensMax;ideaShortLength;ideaLongLength;ideaParents;ideaParentItems;ideaParentItemsMin;ideaParentItemsMax;ideaParentComments;ideaParentCommentsMin;ideaParentCommentsMax;ideaParentVotes;ideaParentVotesMin;ideaParentVotesMax;ideaParentCreationTimeMin;ideaParentCreationTimeMax;ideaParentItemMean;ideaParentCommentsMean;ideaParentVotesMean;ideaParentCreationTimeMean;ideaHasSameOwnerParent;ideaSameOwnerParents;childrens;commentCreationTime;commentSize;commentRank;voteTokens;voteValence;voteInceptions;voteOutceptions;persuasionGraph;tokenGraph;commentGraph
6;2;17;170;0;5;4;0;0;2;10;0;1;3;0;0;188;0;1;0;0;0.0;0.0;0.0;0.0;17.0;17.0;17.0;17.0;0;0;0;0;0;0;0;0;0;0;0;0;0;0;0;0;0;0;0;0;0;0;0;0;0;0.0;0.0;0.0;0.0;false;0;0;0;0;0;0;0;0;0;0;0;0;0;0;[];[];[]
6;3;17;170;0;5;4;0;0;3;10;0;0;0;0;0;384;0;0;0;0;0.0;0.0;0.0;0.0;0.0;0.0;0.0;0.0;0;0;0;0;0;0;0;0;0;0;0;0;0;0;0;0;0;0;0;0;0;0;0;0;0;0.0;0.0;0.0;0.0;false;0;0;0;0;0;0;0;0;0;0;0;0;0;0;[];[];[]
6;4;17;170;0;5;4;0;0;4;10;0;0;0;0;0;379;0;0;0;0;0.0;0.0;0.0;0.0;0.0;0.0;0.0;0.0;0;0;0;0;0;0;0;0;0;0;0;0;0;0;0;0;0;0;0;0;0;0;0;0;0;0.0;0.0;0.0;0.0;false;0;0;0;0;0;0;0;0;0;0;0;0;0;0;[];[];[]
6;5;17;170;0;5;4;0;0;5;10;0;0;0;0;0;379;0;0;0;0;0.0;0.0;0.0;0.0;0.0;0.0;0.0;0.0;0;0;0;0;0;0;0;0;0;0;0;0;0;0;0;0;0;0;0;0;0;0;0;0;0;0.0;0.0;0.0;0.0;false;0;0;0;0;0;0;0;0;0;0;0;0;0;0;[];[];[]
6;7;17;170;0;5;4;0;0;7;10;0;0;0;0;0;376;0;0;0;0;0.0;0.0;0.0;0.0;0.0;0.0;0.0;0.0;0;0;0;0;0;0;0;0;0;0;0;0;0;0;0;0;0;0;0;0;0;0;0;0;0;0.0;0.0;0.0;0.0;false;0;0;0;0;0;0;0;0;0;0;0;0;0;0;[];[];[]
6;8;17;170;0;5;4;0;0;8;10;0;1;0;0;0;3;0;0;0;0;0.0;0.0;0.0;0.0;17.0;17.0;17.0;17.0;0;0;0;0;0;0;0;0;0;0;0;0;0;0;0;0;0;0;0;0;0;0;0;0;0;0.0;0.0;0.0;0.0;false;0;0;0;0;0;0;0;0;0;0;0;0;0;0;[];[];[]
6;10;17;170;0;5;4;0;0;10;10;0;2;0;0;0;39;0;0;0;0;0.0;0.0;0.0;0.0;17.0;17.0;17.0;17.0;0;0;0;0;0;0;0;0;0;0;0;0;0;0;0;0;0;0;0;0;0;0;0;0;0;0.0;0.0;0.0;0.0;false;0;0;0;0;0;0;0;0;0;0;0;0;0;0;[];[];[]
6;11;17;170;0;5;4;0;0;11;10;0;0;0;0;0;366;0;0;0;0;0.0;0.0;0.0;0.0;0.0;0.0;0.0;0.0;0;0;0;0;0;0;0;0;0;0;0;0;0;0;0;0;0;0;0;0;0;0;0;0;0;0.0;0.0;0.0;0.0;false;0;0;0;0;0;0;0;0;0;0;0;0;0;0;[];[];[]
6;12;17;170;0;5;4;0;0;12;10;0;1;0;0;0;4;0;0;0;0;0.0;0.0;0.0;0.0;17.0;17.0;17.0;17.0;0;0;0;0;0;0;0;0;0;0;0;0;0;0;0;0;0;0;0;0;0;0;0;0;0;0.0;0.0;0.0;0.0;false;0;0;0;0;0;0;0;0;0;0;0;0;0;0;[];[];[]
6;13;17;170;0;5;4;0;0;13;10;0;0;0;0;0;361;0;0;0;0;0.0;0.0;0.0;0.0;0.0;0.0;0.0;0.0;0;0;0;0;0;0;0;0;0;0;0;0;0;0;0;0;0;0;0;0;0;0;0;0;0;0.0;0.0;0.0;0.0;false;0;0;0;0;0;0;0;0;0;0;0;0;0;0;[];[];[]
6;14;17;170;0;5;4;0;0;14;10;0;0;0;0;0;360;0;0;0;0;0.0;0.0;0.0;0.0;0.0;0.0;0.0;0.0;0;0;0;0;0;0;0;0;0;0;0;0;0;0;0;0;0;0;0;0;0;0;0;0;0;0.0;0.0;0.0;0.0;false;0;0;0;0;0;0;0;0;0;0;0;0;0;0;[];[];[]
6;15;17;170;0;5;4;0;0;15;10;0;0;0;0;0;339;0;0;0;0;0.0;0.0;0.0;0.0;0.0;0.0;0.0;0.0;0;0;0;0;0;0;0;0;0;0;0;0;0;0;0;0;0;0;0;0;0;0;0;0;0;0.0;0.0;0.0;0.0;false;0;0;0;0;0;0;0;0;0;0;0;0;0;0;[];[];[]
6;16;17;170;0;5;4;0;0;16;10;0;0;0;0;0;337;0;0;0;0;0.0;0.0;0.0;0.0;0.0;0.0;0.0;0.0;0;0;0;0;0;0;0;0;0;0;0;0;0;0;0;0;0;0;0;0;0;0;0;0;0;0.0;0.0;0.0;0.0;false;0;0;0;0;0;0;0;0;0;0;0;0;0;0;[];[];[]
6;18;17;170;0;5;4;0;0;18;10;0;0;0;0;0;323;0;0;0;0;0.0;0.0;0.0;0.0;0.0;0.0;0.0;0.0;0;0;0;0;0;0;0;0;0;0;0;0;0;0;0;0;0;0;0;0;0;0;0;0;0;0.0;0.0;0.0;0.0;false;0;0;0;0;0;0;0;0;0;0;0;0;0;0;[];[];[]
6;19;17;170;0;5;4;0;0;19;10;0;0;1;0;0;27;0;0;0;0;0.0;0.0;0.0;0.0;17.0;17.0;17.0;17.0;0;0;0;0;0;0;0;0;0;0;0;0;0;0;0;0;0;0;0;0;0;0;0;0;0;0.0;0.0;0.0;0.0;false;0;0;0;0;0;0;0;0;0;0;0;0;0;0;[];[];[]
6;20;17;170;0;5;4;0;0;20;10;0;0;0;0;0;304;0;0;0;0;0.0;0.0;0.0;0.0;0.0;0.0;0.0;0.0;0;0;0;0;0;0;0;0;0;0;0;0;0;0;0;0;0;0;0;0;0;0;0;0;0;0.0;0.0;0.0;0.0;false;0;0;0;0;0;0;0;0;0;0;0;0;0;0;[];[];[]
6;21;17;170;0;5;4;0;0;21;10;0;0;0;0;0;280;0;0;0;0;0.0;0.0;0.0;0.0;0.0;0.0;0.0;0.0;0;0;0;0;0;0;0;0;0;0;0;0;0;0;0;0;0;0;0;0;0;0;0;0;0;0.0;0.0;0.0;0.0;false;0;0;0;0;0;0;0;0;0;0;0;0;0;0;[];[];[]
7;2;17;166;4;15;4;2;0;2;10;0;1;3;0;0;254;0;3;0;0;0.0;0.0;0.0;0.0;17.0;17.0;17.0;17.0;0;0;0;0;0;0;0;0;0;0;0;0;0;0;0;0;0;0;0;0;0;0;0;0;0;0.0;0.0;0.0;0.0;false;0;0;0;0;0;0;0;0;0;0;0;0;0;0;[];[];[]
7;3;17;166;4;15;4;2;0;3;10;0;1;0;0;0;44;0;0;0;0;0.0;0.0;0.0;0.0;17.0;17.0;17.0;17.0;0;0;0;0;0;0;0;0;0;0;0;0;0;0;0;0;0;0;0;0;0;0;0;0;0;0.0;0.0;0.0;0.0;false;0;0;0;0;0;0;0;0;0;0;0;0;0;0;[];[];[]
7;4;17;166;4;15;4;2;0;4;10;0;2;0;0;0;8;0;0;0;0;0.0;0.0;0.0;0.0;17.0;17.0;17.0;17.0;0;0;0;0;0;0;0;0;0;0;0;0;0;0;0;0;0;0;0;0;0;0;0;0;0;0.0;0.0;0.0;0.0;false;0;0;0;0;0;0;0;0;0;0;0;0;0;0;[];[];[]
7;5;17;166;4;15;4;2;0;5;10;0;0;0;0;0;445;0;0;0;0;0.0;0.0;0.0;0.0;0.0;0.0;0.0;0.0;0;0;0;0;0;0;0;0;0;0;0;0;0;0;0;0;0;0;0;0;0;0;0;0;0;0.0;0.0;0.0;0.0;false;0;0;0;0;0;0;0;0;0;0;0;0;0;0;[];[];[]
7;7;17;166;4;15;4;2;0;7;10;0;0;0;0;0;442;0;0;0;0;0.0;0.0;0.0;0.0;0.0;0.0;0.0;0.0;0;0;0;0;0;0;0;0;0;0;0;0;0;0;0;0;0;0;0;0;0;0;0;0;0;0.0;0.0;0.0;0.0;false;0;0;0;0;0;0;0;0;0;0;0;0;0;0;[];[];[]
7;8;17;166;4;15;4;2;0;8;10;0;2;0;0;0;20;0;0;0;0;1.0;0.0;0.0;0.0;2.0;17.0;17.0;17.0;0;0;0;0;0;0;0;0;0;0;0;0;0;0;0;0;0;0;0;0;0;0;0;0;0;0.0;0.0;0.0;0.0;false;0;0;0;0;0;0;0;0;0;0;0;0;0;0;[];[];[]
7;10;17;166;4;15;4;2;0;10;10;0;3;0;0;0;30;0;0;0;0;0.0;0.0;0.0;0.0;17.0;17.0;17.0;17.0;0;0;0;0;0;0;0;0;0;0;0;0;0;0;0;0;0;0;0;0;0;0;0;0;0;0.0;0.0;0.0;0.0;false;0;0;0;0;0;0;0;0;0;0;0;0;0;0;[];[];[]
7;11;17;166;4;15;4;2;0;11;10;0;1;0;0;0;36;0;0;0;0;0.0;0.0;0.0;0.0;17.0;17.0;17.0;17.0;0;0;0;0;0;0;0;0;0;0;0;0;0;0;0;0;0;0;0;0;0;0;0;0;0;0.0;0.0;0.0;0.0;false;0;0;0;0;0;0;0;0;0;0;0;0;0;0;[];[];[]
7;12;17;166;4;15;4;2;0;12;10;0;3;0;0;0;39;0;0;0;0;3.0;0.0;0.0;0.0;1.0;17.0;17.0;17.0;0;0;0;0;0;0;0;0;0;0;0;0;0;0;0;0;0;0;0;0;0;0;0;0;0;0.0;0.0;0.0;0.0;false;0;0;0;0;0;0;0;0;0;0;0;0;0;0;[];[];[]
7;13;17;166;4;15;4;2;0;13;10;0;0;0;0;0;427;0;0;0;0;0.0;0.0;0.0;0.0;0.0;0.0;0.0;0.0;0;0;0;0;0;0;0;0;0;0;0;0;0;0;0;0;0;0;0;0;0;0;0;0;0;0.0;0.0;0.0;0.0;false;0;0;0;0;0;0;0;0;0;0;0;0;0;0;[];[];[]
7;14;17;166;4;15;4;2;0;14;10;0;0;0;0;0;426;0;0;0;0;0.0;0.0;0.0;0.0;0.0;0.0;0.0;0.0;0;0;0;0;0;0;0;0;0;0;0;0;0;0;0;0;0;0;0;0;0;0;0;0;0;0.0;0.0;0.0;0.0;false;0;0;0;0;0;0;0;0;0;0;0;0;0;0;[];[];[]
7;15;17;166;4;15;4;2;0;15;10;0;0;0;0;0;405;0;0;0;0;0.0;0.0;0.0;0.0;0.0;0.0;0.0;0.0;0;0;0;0;0;0;0;0;0;0;0;0;0;0;0;0;0;0;0;0;0;0;0;0;0;0.0;0.0;0.0;0.0;false;0;0;0;0;0;0;0;0;0;0;0;0;0;0;[];[];[]
7;16;17;166;4;15;4;2;0;16;10;0;0;0;0;0;403;0;0;0;0;0.0;0.0;0.0;0.0;0.0;0.0;0.0;0.0;0;0;0;0;0;0;0;0;0;0;0;0;0;0;0;0;0;0;0;0;0;0;0;0;0;0.0;0.0;0.0;0.0;false;0;0;0;0;0;0;0;0;0;0;0;0;0;0;[];[];[]
7;18;17;166;4;15;4;2;0;18;10;0;1;0;0;0;39;0;0;0;0;0.0;0.0;0.0;0.0;17.0;17.0;17.0;17.0;0;0;0;0;0;0;0;0;0;0;0;0;0;0;0;0;0;0;0;0;0;0;0;0;0;0.0;0.0;0.0;0.0;false;0;0;0;0;0;0;0;0;0;0;0;0;0;0;[];[];[]
7;19;17;166;4;15;4;2;0;19;6;4;0;1;2;2;28;0;1;0;0;0.0;0.0;0.0;0.0;17.0;17.0;17.0;17.0;0;0;0;0;0;0;0;0;0;0;0;0;0;0;0;0;0;0;0;0;0;0;0;0;0;0.0;0.0;0.0;0.0;false;0;0;0;0;0;0;0;0;0;0;0;0;0;0;[];[];[]
7;20;17;166;4;15;4;2;0;20;10;0;0;0;0;0;370;0;0;0;0;0.0;0.0;0.0;0.0;0.0;0.0;0.0;0.0;0;0;0;0;0;0;0;0;0;0;0;0;0;0;0;0;0;0;0;0;0;0;0;0;0;0.0;0.0;0.0;0.0;false;0;0;0;0;0;0;0;0;0;0;0;0;0;0;[];[];[]
7;21;17;166;4;15;4;2;0;21;10;0;1;0;0;0;29;0;0;0;0;0.0;0.0;0.0;0.0;17.0;17.0;17.0;17.0;0;0;0;0;0;0;0;0;0;0;0;0;0;0;0;0;0;0;0;0;0;0;0;0;0;0.0;0.0;0.0;0.0;false;0;0;0;0;0;0;0;0;0;0;0;0;0;0;[];[];[]
8;2;17;157;13;21;4;5;0;2;10;0;2;3;0;0;16;0;5;0;0;0.0;0.0;0.0;0.0;17.0;17.0;17.0;17.0;0;0;0;0;0;0;0;0;0;0;0;0;0;0;0;0;0;0;0;0;0;0;0;0;0;0.0;0.0;0.0;0.0;false;0;0;0;0;0;0;0;0;0;0;0;0;0;0;[];[];[]
8;3;17;157;13;21;4;5;0;3;10;0;2;0;0;0;1;0;0;0;0;0.0;0.0;0.0;0.0;17.0;17.0;17.0;17.0;0;0;0;0;0;0;0;0;0;0;0;0;0;0;0;0;0;0;0;0;0;0;0;0;0;0.0;0.0;0.0;0.0;false;0;0;0;0;0;0;0;0;0;0;0;0;0;0;[];[];[]
8;4;17;157;13;21;4;5;0;4;8;2;2;0;1;1;1;0;0;0;0;0.0;0.0;0.0;0.0;17.0;17.0;17.0;17.0;0;0;0;0;0;0;0;0;0;0;0;0;0;0;0;0;0;0;0;0;0;0;0;0;0;0.0;0.0;0.0;0.0;false;0;0;0;0;0;0;0;0;0;0;0;0;0;0;[];[];[]
8;5;17;157;13;21;4;5;0;5;10;0;0;0;0;0;499;0;0;0;0;0.0;0.0;0.0;0.0;0.0;0.0;0.0;0.0;0;0;0;0;0;0;0;0;0;0;0;0;0;0;0;0;0;0;0;0;0;0;0;0;0;0.0;0.0;0.0;0.0;false;0;0;0;0;0;0;0;0;0;0;0;0;0;0;[];[];[]
8;7;17;157;13;21;4;5;0;7;10;0;0;0;0;0;496;0;0;0;0;0.0;0.0;0.0;0.0;0.0;0.0;0.0;0.0;0;0;0;0;0;0;0;0;0;0;0;0;0;0;0;0;0;0;0;0;0;0;0;0;0;0.0;0.0;0.0;0.0;false;0;0;0;0;0;0;0;0;0;0;0;0;0;0;[];[];[]
8;8;17;157;13;21;4;5;0;8;10;0;2;0;0;0;74;0;0;0;0;1.0;0.0;0.0;0.0;2.0;17.0;17.0;17.0;0;0;0;0;0;0;0;0;0;0;0;0;0;0;0;0;0;0;0;0;0;0;0;0;0;0.0;0.0;0.0;0.0;false;0;0;0;0;0;0;0;0;0;0;0;0;0;0;[];[];[]
8;10;17;157;13;21;4;5;0;10;8;2;3;0;1;1;26;0;0;1;0;0.0;0.0;0.0;0.0;17.0;17.0;17.0;17.0;0;0;0;0;0;0;0;0;0;0;0;0;0;0;0;0;0;0;0;0;0;0;0;0;0;0.0;0.0;0.0;0.0;false;0;0;0;0;0;0;0;0;0;0;0;0;0;0;[];[];[]
8;11;17;157;13;21;4;5;0;11;10;0;1;0;0;0;90;0;0;1;0;0.0;0.0;0.0;0.0;17.0;17.0;17.0;17.0;0;0;0;0;0;0;0;0;0;0;0;0;0;0;0;0;0;0;0;0;0;0;0;0;0;0.0;0.0;0.0;0.0;false;0;0;0;0;0;0;0;0;0;0;0;0;0;0;[];[];[]
8;12;17;157;13;21;4;5;0;12;10;0;3;0;0;0;54;0;0;0;0;3.0;0.0;0.0;0.0;1.0;17.0;17.0;17.0;0;0;0;0;0;0;0;0;0;0;0;0;0;0;0;0;0;0;0;0;0;0;0;0;0;0.0;0.0;0.0;0.0;false;0;0;0;0;0;0;0;0;0;0;0;0;0;0;[];[];[]
8;13;17;157;13;21;4;5;0;13;10;0;0;0;0;0;481;0;0;0;0;0.0;0.0;0.0;0.0;0.0;0.0;0.0;0.0;0;0;0;0;0;0;0;0;0;0;0;0;0;0;0;0;0;0;0;0;0;0;0;0;0;0.0;0.0;0.0;0.0;false;0;0;0;0;0;0;0;0;0;0;0;0;0;0;[];[];[]
8;14;17;157;13;21;4;5;0;14;10;0;0;0;0;0;480;0;0;0;0;0.0;0.0;0.0;0.0;0.0;0.0;0.0;0.0;0;0;0;0;0;0;0;0;0;0;0;0;0;0;0;0;0;0;0;0;0;0;0;0;0;0.0;0.0;0.0;0.0;false;0;0;0;0;0;0;0;0;0;0;0;0;0;0;[];[];[]
8;15;17;157;13;21;4;5;0;15;10;0;0;0;0;0;459;0;0;0;0;0.0;0.0;0.0;0.0;0.0;0.0;0.0;0.0;0;0;0;0;0;0;0;0;0;0;0;0;0;0;0;0;0;0;0;0;0;0;0;0;0;0.0;0.0;0.0;0.0;false;0;0;0;0;0;0;0;0;0;0;0;0;0;0;[];[];[]
8;16;17;157;13;21;4;5;0;16;10;0;1;0;0;0;9;0;0;0;0;0.0;0.0;0.0;0.0;17.0;17.0;17.0;17.0;0;0;0;0;0;0;0;0;0;0;0;0;0;0;0;0;0;0;0;0;0;0;0;0;0;0.0;0.0;0.0;0.0;false;0;0;0;0;0;0;0;0;0;0;0;0;0;0;[];[];[]
8;18;17;157;13;21;4;5;0;18;10;0;2;0;0;0;93;0;0;0;0;0.0;0.0;0.0;0.0;17.0;17.0;17.0;17.0;0;0;0;0;0;0;0;0;0;0;0;0;0;0;0;0;0;0;0;0;0;0;0;0;0;0.0;0.0;0.0;0.0;false;0;0;0;0;0;0;0;0;0;0;0;0;0;0;[];[];[]
8;19;17;157;13;21;4;5;0;19;1;9;1;1;3;3;12;0;3;0;0;0.0;6.0;0.0;0.0;17.0;1.0;17.0;17.0;0;0;0;0;0;0;0;0;0;0;0;0;0;0;0;0;0;0;0;0;0;0;0;0;0;0.0;0.0;0.0;0.0;false;0;0;0;0;0;0;0;0;0;0;0;0;0;0;[];[];[]
8;20;17;157;13;21;4;5;0;20;10;0;0;0;0;0;424;0;0;0;0;0.0;0.0;0.0;0.0;0.0;0.0;0.0;0.0;0;0;0;0;0;0;0;0;0;0;0;0;0;0;0;0;0;0;0;0;0;0;0;0;0;0.0;0.0;0.0;0.0;false;0;0;0;0;0;0;0;0;0;0;0;0;0;0;[];[];[]
8;21;17;157;13;21;4;5;0;21;10;0;2;0;0;0;26;0;0;0;0;0.0;0.0;0.0;0.0;17.0;17.0;17.0;17.0;0;0;0;0;0;0;0;0;0;0;0;0;0;0;0;0;0;0;0;0;0;0;0;0;0;0.0;0.0;0.0;0.0;false;0;0;0;0;0;0;0;0;0;0;0;0;0;0;[];[];[]
9;2;17;141;29;25;4;15;0;2;8;2;2;3;1;1;35;0;5;0;0;5.0;0.0;0.0;0.0;2.0;17.0;17.0;17.0;0;0;0;0;0;0;0;0;0;0;0;0;0;0;0;0;0;0;0;0;0;0;0;0;0;0.0;0.0;0.0;0.0;false;0;0;0;0;0;0;0;0;0;0;0;0;0;0;[];[];[]
9;3;17;141;29;25;4;15;0;3;10;0;2;0;0;0;64;0;0;0;0;0.0;0.0;0.0;0.0;17.0;17.0;17.0;17.0;0;0;0;0;0;0;0;0;0;0;0;0;0;0;0;0;0;0;0;0;0;0;0;0;0;0.0;0.0;0.0;0.0;false;0;0;0;0;0;0;0;0;0;0;0;0;0;0;[];[];[]
9;4;17;141;29;25;4;15;0;4;8;2;2;0;1;1;64;0;0;0;0;0.0;0.0;0.0;0.0;17.0;17.0;17.0;17.0;0;0;0;0;0;0;0;0;0;0;0;0;0;0;0;0;0;0;0;0;0;0;0;0;0;0.0;0.0;0.0;0.0;false;0;0;0;0;0;0;0;0;0;0;0;0;0;0;[];[];[]
9;5;17;141;29;25;4;15;0;5;10;0;0;0;0;0;562;0;0;0;0;0.0;0.0;0.0;0.0;0.0;0.0;0.0;0.0;0;0;0;0;0;0;0;0;0;0;0;0;0;0;0;0;0;0;0;0;0;0;0;0;0;0.0;0.0;0.0;0.0;false;0;0;0;0;0;0;0;0;0;0;0;0;0;0;[];[];[]
9;7;17;141;29;25;4;15;0;7;8;2;0;0;2;2;1;0;0;0;0;0.0;0.0;0.0;0.0;17.0;17.0;17.0;17.0;0;0;0;0;0;0;0;0;0;0;0;0;0;0;0;0;0;0;0;0;0;0;0;0;0;0.0;0.0;0.0;0.0;false;0;0;0;0;0;0;0;0;0;0;0;0;0;0;[];[];[]
9;8;17;141;29;25;4;15;0;8;10;0;2;0;0;0;137;0;0;0;0;1.0;0.0;0.0;0.0;2.0;17.0;17.0;17.0;0;0;0;0;0;0;0;0;0;0;0;0;0;0;0;0;0;0;0;0;0;0;0;0;0;0.0;0.0;0.0;0.0;false;0;0;0;0;0;0;0;0;0;0;0;0;0;0;[];[];[]
9;10;17;141;29;25;4;15;0;10;8;2;4;0;1;1;22;0;0;2;0;2.0;0.0;0.0;0.0;4.0;17.0;17.0;17.0;0;0;0;0;0;0;0;0;0;0;0;0;0;0;0;0;0;0;0;0;0;0;0;0;0;0.0;0.0;0.0;0.0;false;0;0;0;0;0;0;0;0;0;0;0;0;0;0;[];[];[]
9;11;17;141;29;25;4;15;0;11;10;0;2;0;0;0;49;0;0;1;0;0.0;0.0;0.0;0.0;17.0;17.0;17.0;17.0;0;0;0;0;0;0;0;0;0;0;0;0;0;0;0;0;0;0;0;0;0;0;0;0;0;0.0;0.0;0.0;0.0;false;0;0;0;0;0;0;0;0;0;0;0;0;0;0;[];[];[]
9;12;17;141;29;25;4;15;0;12;10;0;4;0;0;0;51;0;0;1;0;10.0;0.0;0.0;0.0;1.0;17.0;17.0;17.0;0;0;0;0;0;0;0;0;0;0;0;0;0;0;0;0;0;0;0;0;0;0;0;0;0;0.0;0.0;0.0;0.0;false;0;0;0;0;0;0;0;0;0;0;0;0;0;0;[];[];[]
9;13;17;141;29;25;4;15;0;13;10;0;0;0;0;0;544;0;0;0;0;0.0;0.0;0.0;0.0;0.0;0.0;0.0;0.0;0;0;0;0;0;0;0;0;0;0;0;0;0;0;0;0;0;0;0;0;0;0;0;0;0;0.0;0.0;0.0;0.0;false;0;0;0;0;0;0;0;0;0;0;0;0;0;0;[];[];[]
9;14;17;141;29;25;4;15;0;14;10;0;0;0;0;0;543;0;0;0;0;0.0;0.0;0.0;0.0;0.0;0.0;0.0;0.0;0;0;0;0;0;0;0;0;0;0;0;0;0;0;0;0;0;0;0;0;0;0;0;0;0;0.0;0.0;0.0;0.0;false;0;0;0;0;0;0;0;0;0;0;0;0;0;0;[];[];[]
9;15;17;141;29;25;4;15;0;15;10;0;0;0;0;0;522;0;0;0;0;0.0;0.0;0.0;0.0;0.0;0.0;0.0;0.0;0;0;0;0;0;0;0;0;0;0;0;0;0;0;0;0;0;0;0;0;0;0;0;0;0;0.0;0.0;0.0;0.0;false;0;0;0;0;0;0;0;0;0;0;0;0;0;0;[];[];[]
9;16;17;141;29;25;4;15;0;16;6;4;1;0;2;2;33;3;0;0;0;1.0;0.0;0.0;0.0;6.0;17.0;17.0;17.0;0;0;0;0;0;0;0;0;0;0;0;0;0;0;0;0;0;0;0;0;0;0;0;0;0;0.0;0.0;0.0;0.0;false;0;0;0;0;0;0;0;0;0;0;0;0;0;0;[];[];[]
9;18;17;141;29;25;4;15;0;18;10;0;2;0;0;0;63;0;0;0;0;0.0;0.0;0.0;0.0;17.0;17.0;17.0;17.0;0;0;0;0;0;0;0;0;0;0;0;0;0;0;0;0;0;0;0;0;0;0;0;0;0;0.0;0.0;0.0;0.0;false;0;0;0;0;0;0;0;0;0;0;0;0;0;0;[];[];[]
9;19;17;141;29;25;4;15;0;19;0;10;1;1;6;4;22;0;3;0;0;0.0;25.0;0.0;0.0;17.0;1.0;17.0;17.0;0;0;0;0;0;0;0;0;0;0;0;0;0;0;0;0;0;0;0;0;0;0;0;0;0;0.0;0.0;0.0;0.0;false;0;0;0;0;0;0;0;0;0;0;0;0;0;0;[];[];[]
9;20;17;141;29;25;4;15;0;20;3;7;0;0;2;2;16;0;0;0;0;0.0;5.0;0.0;0.0;17.0;2.0;17.0;17.0;0;0;0;0;0;0;0;0;0;0;0;0;0;0;0;0;0;0;0;0;0;0;0;0;0;0.0;0.0;0.0;0.0;false;0;0;0;0;0;0;0;0;0;0;0;0;0;0;[];[];[]
9;21;17;141;29;25;4;15;0;21;10;0;3;0;0;0;47;0;0;0;0;0.0;0.0;0.0;0.0;17.0;17.0;17.0;17.0;0;0;0;0;0;0;0;0;0;0;0;0;0;0;0;0;0;0;0;0;0;0;0;0;0;0.0;0.0;0.0;0.0;false;0;0;0;0;0;0;0;0;0;0;0;0;0;0;[];[];[]
10;2;17;135;35;29;4;21;0;2;6;4;2;3;3;3;18;0;5;1;0;6.0;0.0;0.0;1.0;2.0;17.0;17.0;1.0;0;0;0;0;0;0;0;0;0;0;0;0;0;0;0;0;0;0;0;0;0;0;0;0;0;0.0;0.0;0.0;0.0;false;0;0;0;0;0;0;0;0;0;0;0;0;0;0;[];[];[]
10;3;17;135;35;29;4;21;0;3;10;0;3;0;0;0;53;0;0;0;0;0.0;0.0;0.0;0.0;17.0;17.0;17.0;17.0;0;0;0;0;0;0;0;0;0;0;0;0;0;0;0;0;0;0;0;0;0;0;0;0;0;0.0;0.0;0.0;0.0;false;0;0;0;0;0;0;0;0;0;0;0;0;0;0;[];[];[]
10;4;17;135;35;29;4;21;0;4;8;2;3;0;1;1;26;0;0;0;0;0.0;0.0;0.0;0.0;17.0;17.0;17.0;17.0;0;0;0;0;0;0;0;0;0;0;0;0;0;0;0;0;0;0;0;0;0;0;0;0;0;0.0;0.0;0.0;0.0;false;0;0;0;0;0;0;0;0;0;0;0;0;0;0;[];[];[]
10;5;17;135;35;29;4;21;0;5;10;0;0;0;0;0;628;0;0;0;0;0.0;0.0;0.0;0.0;0.0;0.0;0.0;0.0;0;0;0;0;0;0;0;0;0;0;0;0;0;0;0;0;0;0;0;0;0;0;0;0;0;0.0;0.0;0.0;0.0;false;0;0;0;0;0;0;0;0;0;0;0;0;0;0;[];[];[]
10;7;17;135;35;29;4;21;0;7;8;2;0;0;2;2;67;0;0;0;0;0.0;0.0;0.0;0.0;17.0;17.0;17.0;17.0;0;0;0;0;0;0;0;0;0;0;0;0;0;0;0;0;0;0;0;0;0;0;0;0;0;0.0;0.0;0.0;0.0;false;0;0;0;0;0;0;0;0;0;0;0;0;0;0;[];[];[]
10;8;17;135;35;29;4;21;0;8;10;0;2;0;0;0;203;0;0;0;0;1.0;0.0;0.0;0.0;2.0;17.0;17.0;17.0;0;0;0;0;0;0;0;0;0;0;0;0;0;0;0;0;0;0;0;0;0;0;0;0;0;0.0;0.0;0.0;0.0;false;0;0;0;0;0;0;0;0;0;0;0;0;0;0;[];[];[]
10;10;17;135;35;29;4;21;0;10;6;4;4;0;3;3;47;0;0;2;0;3.0;0.0;0.0;0.0;5.0;17.0;17.0;17.0;0;0;0;0;0;0;0;0;0;0;0;0;0;0;0;0;0;0;0;0;0;0;0;0;0;0.0;0.0;0.0;0.0;false;0;0;0;0;0;0;0;0;0;0;0;0;0;0;[];[];[]
10;11;17;135;35;29;4;21;0;11;10;0;3;0;0;0;49;0;0;1;0;0.0;0.0;0.0;0.0;17.0;17.0;17.0;17.0;0;0;0;0;0;0;0;0;0;0;0;0;0;0;0;0;0;0;0;0;0;0;0;0;0;0.0;0.0;0.0;0.0;false;0;0;0;0;0;0;0;0;0;0;0;0;0;0;[];[];[]
10;12;17;135;35;29;4;21;0;12;10;0;4;0;0;0;117;0;0;1;0;10.0;0.0;0.0;0.0;1.0;17.0;17.0;17.0;0;0;0;0;0;0;0;0;0;0;0;0;0;0;0;0;0;0;0;0;0;0;0;0;0;0.0;0.0;0.0;0.0;false;0;0;0;0;0;0;0;0;0;0;0;0;0;0;[];[];[]
10;13;17;135;35;29;4;21;0;13;10;0;0;0;0;0;610;0;0;0;0;0.0;0.0;0.0;0.0;0.0;0.0;0.0;0.0;0;0;0;0;0;0;0;0;0;0;0;0;0;0;0;0;0;0;0;0;0;0;0;0;0;0.0;0.0;0.0;0.0;false;0;0;0;0;0;0;0;0;0;0;0;0;0;0;[];[];[]
10;14;17;135;35;29;4;21;0;14;10;0;0;0;0;0;609;0;0;0;0;0.0;0.0;0.0;0.0;0.0;0.0;0.0;0.0;0;0;0;0;0;0;0;0;0;0;0;0;0;0;0;0;0;0;0;0;0;0;0;0;0;0.0;0.0;0.0;0.0;false;0;0;0;0;0;0;0;0;0;0;0;0;0;0;[];[];[]
10;15;17;135;35;29;4;21;0;15;10;0;0;0;0;0;588;0;0;0;0;0.0;0.0;0.0;0.0;0.0;0.0;0.0;0.0;0;0;0;0;0;0;0;0;0;0;0;0;0;0;0;0;0;0;0;0;0;0;0;0;0;0.0;0.0;0.0;0.0;false;0;0;0;0;0;0;0;0;0;0;0;0;0;0;[];[];[]
10;16;17;135;35;29;4;21;0;16;4;6;2;0;3;3;47;3;0;1;0;3.0;6.0;0.0;0.0;4.0;2.0;17.0;17.0;0;0;0;0;0;0;0;0;0;0;0;0;0;0;0;0;0;0;0;0;0;0;0;0;0;0.0;0.0;0.0;0.0;false;0;0;0;0;0;0;0;0;0;0;0;0;0;0;[];[];[]
10;18;17;135;35;29;4;21;0;18;10;0;2;0;0;0;129;0;0;0;0;0.0;0.0;0.0;0.0;17.0;17.0;17.0;17.0;0;0;0;0;0;0;0;0;0;0;0;0;0;0;0;0;0;0;0;0;0;0;0;0;0;0.0;0.0;0.0;0.0;false;0;0;0;0;0;0;0;0;0;0;0;0;0;0;[];[];[]
10;19;17;135;35;29;4;21;0;19;0;10;1;1;7;4;46;0;3;0;0;0.0;25.0;1.0;0.0;17.0;1.0;1.0;17.0;0;0;0;0;0;0;0;0;0;0;0;0;0;0;0;0;0;0;0;0;0;0;0;0;0;0.0;0.0;0.0;0.0;false;0;0;0;0;0;0;0;0;0;0;0;0;0;0;[];[];[]
10;20;17;135;35;29;4;21;0;20;3;7;0;0;2;2;82;0;0;0;0;0.0;5.0;0.0;0.0;17.0;2.0;17.0;17.0;0;0;0;0;0;0;0;0;0;0;0;0;0;0;0;0;0;0;0;0;0;0;0;0;0;0.0;0.0;0.0;0.0;false;0;0;0;0;0;0;0;0;0;0;0;0;0;0;[];[];[]
10;21;17;135;35;29;4;21;0;21;10;0;3;0;0;0;113;0;0;1;0;0.0;0.0;0.0;0.0;17.0;17.0;17.0;17.0;0;0;0;0;0;0;0;0;0;0;0;0;0;0;0;0;0;0;0;0;0;0;0;0;0;0.0;0.0;0.0;0.0;false;0;0;0;0;0;0;0;0;0;0;0;0;0;0;[];[];[]
11;2;17;131;39;33;4;25;0;2;5;5;2;3;4;4;42;0;5;2;0;6.0;1.0;0.0;1.0;2.0;5.0;17.0;1.0;0;0;0;0;0;0;0;0;0;0;0;0;0;0;0;0;0;0;0;0;0;0;0;0;0;0.0;0.0;0.0;0.0;false;0;0;0;0;0;0;0;0;0;0;0;0;0;0;[];[];[]
11;3;17;131;39;33;4;25;0;3;9;1;3;0;1;1;50;0;0;0;0;0.0;0.0;0.0;0.0;17.0;17.0;17.0;17.0;0;0;0;0;0;0;0;0;0;0;0;0;0;0;0;0;0;0;0;0;0;0;0;0;0;0.0;0.0;0.0;0.0;false;0;0;0;0;0;0;0;0;0;0;0;0;0;0;[];[];[]
11;4;17;131;39;33;4;25;0;4;7;3;4;0;2;2;36;0;0;0;0;0.0;0.0;0.0;0.0;17.0;17.0;17.0;17.0;0;0;0;0;0;0;0;0;0;0;0;0;0;0;0;0;0;0;0;0;0;0;0;0;0;0.0;0.0;0.0;0.0;false;0;0;0;0;0;0;0;0;0;0;0;0;0;0;[];[];[]
11;5;17;131;39;33;4;25;0;5;10;0;0;0;0;0;689;0;0;0;0;0.0;0.0;0.0;0.0;0.0;0.0;0.0;0.0;0;0;0;0;0;0;0;0;0;0;0;0;0;0;0;0;0;0;0;0;0;0;0;0;0;0.0;0.0;0.0;0.0;false;0;0;0;0;0;0;0;0;0;0;0;0;0;0;[];[];[]
11;7;17;131;39;33;4;25;0;7;8;2;0;0;2;2;128;0;0;0;0;0.0;0.0;0.0;0.0;17.0;17.0;17.0;17.0;0;0;0;0;0;0;0;0;0;0;0;0;0;0;0;0;0;0;0;0;0;0;0;0;0;0.0;0.0;0.0;0.0;false;0;0;0;0;0;0;0;0;0;0;0;0;0;0;[];[];[]
11;8;17;131;39;33;4;25;0;8;10;0;2;0;0;0;264;0;0;0;0;1.0;0.0;0.0;0.0;2.0;17.0;17.0;17.0;0;0;0;0;0;0;0;0;0;0;0;0;0;0;0;0;0;0;0;0;0;0;0;0;0;0.0;0.0;0.0;0.0;false;0;0;0;0;0;0;0;0;0;0;0;0;0;0;[];[];[]
11;10;17;131;39;33;4;25;0;10;5;5;4;0;4;4;61;0;0;2;0;3.0;0.0;0.0;0.0;6.0;17.0;17.0;17.0;0;0;0;0;0;0;0;0;0;0;0;0;0;0;0;0;0;0;0;0;0;0;0;0;0;0.0;0.0;0.0;0.0;false;0;0;0;0;0;0;0;0;0;0;0;0;0;0;[];[];[]
11;11;17;131;39;33;4;25;0;11;10;0;4;0;0;0;51;0;0;1;0;0.0;0.0;0.0;0.0;17.0;17.0;17.0;17.0;0;0;0;0;0;0;0;0;0;0;0;0;0;0;0;0;0;0;0;0;0;0;0;0;0;0.0;0.0;0.0;0.0;false;0;0;0;0;0;0;0;0;0;0;0;0;0;0;[];[];[]
11;12;17;131;39;33;4;25;0;12;10;0;4;0;0;0;178;0;0;1;0;10.0;0.0;0.0;0.0;1.0;17.0;17.0;17.0;0;0;0;0;0;0;0;0;0;0;0;0;0;0;0;0;0;0;0;0;0;0;0;0;0;0.0;0.0;0.0;0.0;false;0;0;0;0;0;0;0;0;0;0;0;0;0;0;[];[];[]
11;13;17;131;39;33;4;25;0;13;10;0;0;0;0;0;671;0;0;0;0;0.0;0.0;0.0;0.0;0.0;0.0;0.0;0.0;0;0;0;0;0;0;0;0;0;0;0;0;0;0;0;0;0;0;0;0;0;0;0;0;0;0.0;0.0;0.0;0.0;false;0;0;0;0;0;0;0;0;0;0;0;0;0;0;[];[];[]
11;14;17;131;39;33;4;25;0;14;10;0;0;0;0;0;670;0;0;0;0;0.0;0.0;0.0;0.0;0.0;0.0;0.0;0.0;0;0;0;0;0;0;0;0;0;0;0;0;0;0;0;0;0;0;0;0;0;0;0;0;0;0.0;0.0;0.0;0.0;false;0;0;0;0;0;0;0;0;0;0;0;0;0;0;[];[];[]
11;15;17;131;39;33;4;25;0;15;10;0;0;0;0;0;649;0;0;0;0;0.0;0.0;0.0;0.0;0.0;0.0;0.0;0.0;0;0;0;0;0;0;0;0;0;0;0;0;0;0;0;0;0;0;0;0;0;0;0;0;0;0.0;0.0;0.0;0.0;false;0;0;0;0;0;0;0;0;0;0;0;0;0;0;[];[];[]
11;16;17;131;39;33;4;25;0;16;4;6;2;0;3;3;108;3;0;1;0;3.0;6.0;0.0;0.0;4.0;2.0;17.0;17.0;0;0;0;0;0;0;0;0;0;0;0;0;0;0;0;0;0;0;0;0;0;0;0;0;0;0.0;0.0;0.0;0.0;false;0;0;0;0;0;0;0;0;0;0;0;0;0;0;[];[];[]
11;18;17;131;39;33;4;25;0;18;10;0;3;0;0;0;18;0;0;0;0;2.0;0.0;0.0;0.0;6.0;17.0;17.0;17.0;0;0;0;0;0;0;0;0;0;0;0;0;0;0;0;0;0;0;0;0;0;0;0;0;0;0.0;0.0;0.0;0.0;false;0;0;0;0;0;0;0;0;0;0;0;0;0;0;[];[];[]
11;19;17;131;39;33;4;25;0;19;0;10;2;1;7;4;24;0;3;1;0;0.0;25.0;1.0;0.0;17.0;1.0;1.0;17.0;0;0;0;0;0;0;0;0;0;0;0;0;0;0;0;0;0;0;0;0;0;0;0;0;0;0.0;0.0;0.0;0.0;false;0;0;0;0;0;0;0;0;0;0;0;0;0;0;[];[];[]
11;20;17;131;39;33;4;25;0;20;3;7;0;0;2;2;143;0;0;0;0;0.0;5.0;0.0;0.0;17.0;2.0;17.0;17.0;0;0;0;0;0;0;0;0;0;0;0;0;0;0;0;0;0;0;0;0;0;0;0;0;0;0.0;0.0;0.0;0.0;false;0;0;0;0;0;0;0;0;0;0;0;0;0;0;[];[];[]
11;21;17;131;39;33;4;25;0;21;10;0;3;0;0;0;174;0;0;2;0;0.0;0.0;0.0;0.0;17.0;17.0;17.0;17.0;0;0;0;0;0;0;0;0;0;0;0;0;0;0;0;0;0;0;0;0;0;0;0;0;0;0.0;0.0;0.0;0.0;false;0;0;0;0;0;0;0;0;0;0;0;0;0;0;[];[];[]
12;2;17;116;54;35;4;34;0;2;4;6;2;3;5;5;40;0;5;2;0;6.0;1.0;0.0;1.0;2.0;7.0;17.0;1.0;0;0;0;0;0;0;0;0;0;0;0;0;0;0;0;0;0;0;0;0;0;0;0;0;0;0.0;0.0;0.0;0.0;false;0;0;0;0;0;0;0;0;0;0;0;0;0;0;[];[];[]
12;3;17;116;54;35;4;34;0;3;8;2;3;0;2;2;9;0;0;0;0;0.0;1.0;0.0;1.0;17.0;8.0;17.0;2.0;0;0;0;0;0;0;0;0;0;0;0;0;0;0;0;0;0;0;0;0;0;0;0;0;0;0.0;0.0;0.0;0.0;false;0;0;0;0;0;0;0;0;0;0;0;0;0;0;[];[];[]
12;4;17;116;54;35;4;34;0;4;0;10;4;0;4;4;36;0;0;0;0;0.0;0.0;0.0;3.0;17.0;17.0;17.0;1.0;0;0;0;0;0;0;0;0;0;0;0;0;0;0;0;0;0;0;0;0;0;0;0;0;0;0.0;0.0;0.0;0.0;false;0;0;0;0;0;0;0;0;0;0;0;0;0;0;[];[];[]
12;5;17;116;54;35;4;34;0;5;10;0;0;0;0;0;734;0;0;0;0;0.0;0.0;0.0;0.0;0.0;0.0;0.0;0.0;0;0;0;0;0;0;0;0;0;0;0;0;0;0;0;0;0;0;0;0;0;0;0;0;0;0.0;0.0;0.0;0.0;false;0;0;0;0;0;0;0;0;0;0;0;0;0;0;[];[];[]
12;7;17;116;54;35;4;34;0;7;8;2;0;0;2;2;173;0;0;0;0;0.0;0.0;0.0;0.0;17.0;17.0;17.0;17.0;0;0;0;0;0;0;0;0;0;0;0;0;0;0;0;0;0;0;0;0;0;0;0;0;0;0.0;0.0;0.0;0.0;false;0;0;0;0;0;0;0;0;0;0;0;0;0;0;[];[];[]
12;8;17;116;54;35;4;34;0;8;10;0;2;0;1;0;26;0;0;0;0;1.0;0.0;0.0;0.0;8.0;17.0;17.0;17.0;0;0;0;0;0;0;0;0;0;0;0;0;0;0;0;0;0;0;0;0;0;0;0;0;0;0.0;0.0;0.0;0.0;false;0;0;0;0;0;0;0;0;0;0;0;0;0;0;[];[];[]
12;10;17;116;54;35;4;34;0;10;4;6;4;0;5;5;10;0;0;3;0;3.0;0.0;0.0;0.0;7.0;17.0;17.0;17.0;0;0;0;0;0;0;0;0;0;0;0;0;0;0;0;0;0;0;0;0;0;0;0;0;0;0.0;0.0;0.0;0.0;false;0;0;0;0;0;0;0;0;0;0;0;0;0;0;[];[];[]
12;11;17;116;54;35;4;34;0;11;10;0;5;0;0;0;28;0;0;1;0;5.0;0.0;0.0;0.0;4.0;17.0;17.0;17.0;0;0;0;0;0;0;0;0;0;0;0;0;0;0;0;0;0;0;0;0;0;0;0;0;0;0.0;0.0;0.0;0.0;false;0;0;0;0;0;0;0;0;0;0;0;0;0;0;[];[];[]
12;12;17;116;54;35;4;34;0;12;10;0;4;0;0;0;223;0;0;1;0;10.0;0.0;0.0;0.0;1.0;17.0;17.0;17.0;0;0;0;0;0;0;0;0;0;0;0;0;0;0;0;0;0;0;0;0;0;0;0;0;0;0.0;0.0;0.0;0.0;false;0;0;0;0;0;0;0;0;0;0;0;0;0;0;[];[];[]
12;13;17;116;54;35;4;34;0;13;10;0;0;0;0;0;716;0;0;0;0;0.0;0.0;0.0;0.0;0.0;0.0;0.0;0.0;0;0;0;0;0;0;0;0;0;0;0;0;0;0;0;0;0;0;0;0;0;0;0;0;0;0.0;0.0;0.0;0.0;false;0;0;0;0;0;0;0;0;0;0;0;0;0;0;[];[];[]
12;14;17;116;54;35;4;34;0;14;10;0;0;0;0;0;715;0;0;0;0;0.0;0.0;0.0;0.0;0.0;0.0;0.0;0.0;0;0;0;0;0;0;0;0;0;0;0;0;0;0;0;0;0;0;0;0;0;0;0;0;0;0.0;0.0;0.0;0.0;false;0;0;0;0;0;0;0;0;0;0;0;0;0;0;[];[];[]
12;15;17;116;54;35;4;34;0;15;10;0;0;0;0;0;694;0;0;0;0;0.0;0.0;0.0;0.0;0.0;0.0;0.0;0.0;0;0;0;0;0;0;0;0;0;0;0;0;0;0;0;0;0;0;0;0;0;0;0;0;0;0.0;0.0;0.0;0.0;false;0;0;0;0;0;0;0;0;0;0;0;0;0;0;[];[];[]
12;16;17;116;54;35;4;34;0;16;1;9;2;0;4;4;0;3;0;1;0;5.0;16.0;0.0;0.0;4.0;2.0;17.0;17.0;0;0;0;0;0;0;0;0;0;0;0;0;0;0;0;0;0;0;0;0;0;0;0;0;0;0.0;0.0;0.0;0.0;false;0;0;0;0;0;0;0;0;0;0;0;0;0;0;[];[];[]
12;18;17;116;54;35;4;34;0;18;8;2;3;0;1;1;41;0;0;0;0;3.0;0.0;0.0;0.0;6.0;17.0;17.0;17.0;0;0;0;0;0;0;0;0;0;0;0;0;0;0;0;0;0;0;0;0;0;0;0;0;0;0.0;0.0;0.0;0.0;false;0;0;0;0;0;0;0;0;0;0;0;0;0;0;[];[];[]
12;19;17;116;54;35;4;34;0;19;0;10;2;1;8;4;3;0;3;1;0;0.0;40.0;1.0;0.0;17.0;1.0;2.0;17.0;0;0;0;0;0;0;0;0;0;0;0;0;0;0;0;0;0;0;0;0;0;0;0;0;0;0.0;0.0;0.0;0.0;false;0;0;0;0;0;0;0;0;0;0;0;0;0;0;[];[];[]
12;20;17;116;54;35;4;34;0;20;3;7;0;0;2;2;188;0;0;0;0;0.0;5.0;0.0;0.0;17.0;2.0;17.0;17.0;0;0;0;0;0;0;0;0;0;0;0;0;0;0;0;0;0;0;0;0;0;0;0;0;0;0.0;0.0;0.0;0.0;false;0;0;0;0;0;0;0;0;0;0;0;0;0;0;[];[];[]
12;21;17;116;54;35;4;34;0;21;10;0;4;0;0;0;20;0;0;2;0;3.0;0.0;0.0;0.0;7.0;17.0;17.0;17.0;0;0;0;0;0;0;0;0;0;0;0;0;0;0;0;0;0;0;0;0;0;0;0;0;0;0.0;0.0;0.0;0.0;false;0;0;0;0;0;0;0;0;0;0;0;0;0;0;[];[];[]
13;2;17;115;55;38;4;38;0;2;4;6;2;3;5;5;88;0;5;2;0;6.0;1.0;0.0;1.0;2.0;7.0;17.0;1.0;0;0;0;0;0;0;0;0;0;0;0;0;0;0;0;0;0;0;0;0;0;0;0;0;0;0.0;0.0;0.0;0.0;false;0;0;0;0;0;0;0;0;0;0;0;0;0;0;[];[];[]
13;3;17;115;55;38;4;38;0;3;8;2;4;0;2;2;57;0;0;0;0;0.0;1.0;0.0;1.0;17.0;9.0;17.0;3.0;0;0;0;0;0;0;0;0;0;0;0;0;0;0;0;0;0;0;0;0;0;0;0;0;0;0.0;0.0;0.0;0.0;false;0;0;0;0;0;0;0;0;0;0;0;0;0;0;[];[];[]
13;4;17;115;55;38;4;38;0;4;0;10;5;0;4;4;5;0;0;0;0;0.0;3.0;0.0;3.0;17.0;8.0;17.0;1.0;0;0;0;0;0;0;0;0;0;0;0;0;0;0;0;0;0;0;0;0;0;0;0;0;0;0.0;0.0;0.0;0.0;false;0;0;0;0;0;0;0;0;0;0;0;0;0;0;[];[];[]
13;5;17;115;55;38;4;38;0;5;10;0;0;0;0;0;782;0;0;0;0;0.0;0.0;0.0;0.0;0.0;0.0;0.0;0.0;0;0;0;0;0;0;0;0;0;0;0;0;0;0;0;0;0;0;0;0;0;0;0;0;0;0.0;0.0;0.0;0.0;false;0;0;0;0;0;0;0;0;0;0;0;0;0;0;[];[];[]
13;7;17;115;55;38;4;38;0;7;8;2;0;0;2;2;221;0;0;0;0;0.0;0.0;0.0;0.0;17.0;17.0;17.0;17.0;0;0;0;0;0;0;0;0;0;0;0;0;0;0;0;0;0;0;0;0;0;0;0;0;0;0.0;0.0;0.0;0.0;false;0;0;0;0;0;0;0;0;0;0;0;0;0;0;[];[];[]
13;8;17;115;55;38;4;38;0;8;10;0;2;0;1;0;74;0;0;0;0;1.0;0.0;0.0;0.0;8.0;17.0;17.0;17.0;0;0;0;0;0;0;0;0;0;0;0;0;0;0;0;0;0;0;0;0;0;0;0;0;0;0.0;0.0;0.0;0.0;false;0;0;0;0;0;0;0;0;0;0;0;0;0;0;[];[];[]
13;10;17;115;55;38;4;38;0;10;4;6;4;0;6;5;10;0;0;4;0;3.0;5.0;4.5;0.0;7.0;7.0;1.0;17.0;0;0;0;0;0;0;0;0;0;0;0;0;0;0;0;0;0;0;0;0;0;0;0;0;0;0.0;0.0;0.0;0.0;false;0;0;0;0;0;0;0;0;0;0;0;0;0;0;[];[];[]
13;11;17;115;55;38;4;38;0;11;10;0;5;0;0;0;76;0;0;1;0;5.0;0.0;0.0;0.0;4.0;17.0;17.0;17.0;0;0;0;0;0;0;0;0;0;0;0;0;0;0;0;0;0;0;0;0;0;0;0;0;0;0.0;0.0;0.0;0.0;false;0;0;0;0;0;0;0;0;0;0;0;0;0;0;[];[];[]
13;12;17;115;55;38;4;38;0;12;10;0;4;0;1;0;7;0;0;1;0;19.0;0.0;0.0;0.0;1.0;17.0;17.0;17.0;0;0;0;0;0;0;0;0;0;0;0;0;0;0;0;0;0;0;0;0;0;0;0;0;0;0.0;0.0;0.0;0.0;false;0;0;0;0;0;0;0;0;0;0;0;0;0;0;[];[];[]
13;13;17;115;55;38;4;38;0;13;10;0;0;0;0;0;764;0;0;0;0;0.0;0.0;0.0;0.0;0.0;0.0;0.0;0.0;0;0;0;0;0;0;0;0;0;0;0;0;0;0;0;0;0;0;0;0;0;0;0;0;0;0.0;0.0;0.0;0.0;false;0;0;0;0;0;0;0;0;0;0;0;0;0;0;[];[];[]
13;14;17;115;55;38;4;38;0;14;10;0;0;0;0;0;763;0;0;0;0;0.0;0.0;0.0;0.0;0.0;0.0;0.0;0.0;0;0;0;0;0;0;0;0;0;0;0;0;0;0;0;0;0;0;0;0;0;0;0;0;0;0.0;0.0;0.0;0.0;false;0;0;0;0;0;0;0;0;0;0;0;0;0;0;[];[];[]
13;15;17;115;55;38;4;38;0;15;10;0;0;0;0;0;742;0;0;0;0;0.0;0.0;0.0;0.0;0.0;0.0;0.0;0.0;0;0;0;0;0;0;0;0;0;0;0;0;0;0;0;0;0;0;0;0;0;0;0;0;0;0.0;0.0;0.0;0.0;false;0;0;0;0;0;0;0;0;0;0;0;0;0;0;[];[];[]
13;16;17;115;55;38;4;38;0;16;0;10;2;0;5;5;22;8;0;2;0;8.0;22.0;0.0;0.5;2.0;2.0;17.0;4.0;0;0;0;0;0;0;0;0;0;0;0;0;0;0;0;0;0;0;0;0;0;0;0;0;0;0.0;0.0;0.0;0.0;false;0;0;0;0;0;0;0;0;0;0;0;0;0;0;[];[];[]
13;18;17;115;55;38;4;38;0;18;8;2;3;0;1;1;89;0;0;0;0;3.0;0.0;0.0;0.0;6.0;17.0;17.0;17.0;0;0;0;0;0;0;0;0;0;0;0;0;0;0;0;0;0;0;0;0;0;0;0;0;0;0.0;0.0;0.0;0.0;false;0;0;0;0;0;0;0;0;0;0;0;0;0;0;[];[];[]
13;19;17;115;55;38;4;38;0;19;0;10;2;1;9;4;20;0;3;1;0;0.0;55.0;1.0;0.0;17.0;1.0;2.0;17.0;0;0;0;0;0;0;0;0;0;0;0;0;0;0;0;0;0;0;0;0;0;0;0;0;0;0.0;0.0;0.0;0.0;false;0;0;0;0;0;0;0;0;0;0;0;0;0;0;[];[];[]
13;20;17;115;55;38;4;38;0;20;3;7;0;0;2;2;236;0;0;0;0;0.0;5.0;0.0;0.0;17.0;2.0;17.0;17.0;0;0;0;0;0;0;0;0;0;0;0;0;0;0;0;0;0;0;0;0;0;0;0;0;0;0.0;0.0;0.0;0.0;false;0;0;0;0;0;0;0;0;0;0;0;0;0;0;[];[];[]
13;21;17;115;55;38;4;38;0;21;10;0;5;0;0;0;23;0;0;2;0;3.0;0.0;0.0;0.0;7.0;17.0;17.0;17.0;0;0;0;0;0;0;0;0;0;0;0;0;0;0;0;0;0;0;0;0;0;0;0;0;0;0.0;0.0;0.0;0.0;false;0;0;0;0;0;0;0;0;0;0;0;0;0;0;[];[];[]
14;2;17;110;60;39;4;48;0;2;4;6;2;3;5;5;176;0;5;2;0;6.0;1.0;0.0;1.0;2.0;7.0;17.0;1.0;0;0;0;0;0;0;0;0;0;0;0;0;0;0;0;0;0;0;0;0;0;0;0;0;0;0.0;0.0;0.0;0.0;false;0;0;0;0;0;0;0;0;0;0;0;0;0;0;[];[];[]
14;3;17;110;60;39;4;48;0;3;8;2;4;0;2;2;88;0;0;0;0;0.0;1.0;0.0;1.0;17.0;9.0;17.0;3.0;0;0;0;0;0;0;0;0;0;0;0;0;0;0;0;0;0;0;0;0;0;0;0;0;0;0.0;0.0;0.0;0.0;false;0;0;0;0;0;0;0;0;0;0;0;0;0;0;[];[];[]
14;4;17;110;60;39;4;48;0;4;0;10;5;0;4;4;93;0;0;0;0;0.0;3.0;0.0;3.0;17.0;8.0;17.0;1.0;0;0;0;0;0;0;0;0;0;0;0;0;0;0;0;0;0;0;0;0;0;0;0;0;0;0.0;0.0;0.0;0.0;false;0;0;0;0;0;0;0;0;0;0;0;0;0;0;[];[];[]
14;5;17;110;60;39;4;48;0;5;10;0;0;0;0;0;870;0;0;0;0;0.0;0.0;0.0;0.0;0.0;0.0;0.0;0.0;0;0;0;0;0;0;0;0;0;0;0;0;0;0;0;0;0;0;0;0;0;0;0;0;0;0.0;0.0;0.0;0.0;false;0;0;0;0;0;0;0;0;0;0;0;0;0;0;[];[];[]
14;7;17;110;60;39;4;48;0;7;6;4;0;0;4;4;33;0;0;0;0;0.0;10.0;0.0;0.8333333333333333;17.0;4.0;17.0;4.0;0;0;0;0;0;0;0;0;0;0;0;0;0;0;0;0;0;0;0;0;0;0;0;0;0;0.0;0.0;0.0;0.0;false;0;0;0;0;0;0;0;0;0;0;0;0;0;0;[];[];[]
14;8;17;110;60;39;4;48;0;8;10;0;2;0;1;0;162;0;0;0;0;1.0;0.0;0.0;0.0;8.0;17.0;17.0;17.0;0;0;0;0;0;0;0;0;0;0;0;0;0;0;0;0;0;0;0;0;0;0;0;0;0;0.0;0.0;0.0;0.0;false;0;0;0;0;0;0;0;0;0;0;0;0;0;0;[];[];[]
14;10;17;110;60;39;4;48;0;10;4;6;4;0;7;5;29;0;0;5;0;3.0;6.0;2.0;0.0;7.0;7.0;1.0;16.0;0;0;0;0;0;0;0;0;0;0;0;0;0;0;0;0;0;0;0;0;0;0;0;0;0;0.0;0.0;0.0;0.0;false;0;0;0;0;0;0;0;0;0;0;0;0;0;0;[];[];[]
14;11;17;110;60;39;4;48;0;11;10;0;5;0;0;0;164;0;0;1;0;5.0;0.0;0.0;0.0;4.0;17.0;17.0;17.0;0;0;0;0;0;0;0;0;0;0;0;0;0;0;0;0;0;0;0;0;0;0;0;0;0;0.0;0.0;0.0;0.0;false;0;0;0;0;0;0;0;0;0;0;0;0;0;0;[];[];[]
14;12;17;110;60;39;4;48;0;12;8;2;4;0;2;1;37;0;0;1;0;19.0;0.0;0.0;0.0;1.0;17.0;17.0;17.0;0;0;0;0;0;0;0;0;0;0;0;0;0;0;0;0;0;0;0;0;0;0;0;0;0;0.0;0.0;0.0;0.0;false;0;0;0;0;0;0;0;0;0;0;0;0;0;0;[];[];[]
14;13;17;110;60;39;4;48;0;13;10;0;0;0;0;0;852;0;0;0;0;0.0;0.0;0.0;0.0;0.0;0.0;0.0;0.0;0;0;0;0;0;0;0;0;0;0;0;0;0;0;0;0;0;0;0;0;0;0;0;0;0;0.0;0.0;0.0;0.0;false;0;0;0;0;0;0;0;0;0;0;0;0;0;0;[];[];[]
14;14;17;110;60;39;4;48;0;14;10;0;0;0;0;0;851;0;0;0;0;0.0;0.0;0.0;0.0;0.0;0.0;0.0;0.0;0;0;0;0;0;0;0;0;0;0;0;0;0;0;0;0;0;0;0;0;0;0;0;0;0;0.0;0.0;0.0;0.0;false;0;0;0;0;0;0;0;0;0;0;0;0;0;0;[];[];[]
14;15;17;110;60;39;4;48;0;15;10;0;0;0;0;0;830;0;0;0;0;0.0;0.0;0.0;0.0;0.0;0.0;0.0;0.0;0;0;0;0;0;0;0;0;0;0;0;0;0;0;0;0;0;0;0;0;0;0;0;0;0;0.0;0.0;0.0;0.0;false;0;0;0;0;0;0;0;0;0;0;0;0;0;0;[];[];[]
14;16;17;110;60;39;4;48;0;16;0;10;2;0;6;5;38;8;0;2;0;8.0;22.0;0.0;0.5;2.0;2.0;17.0;4.0;0;0;0;0;0;0;0;0;0;0;0;0;0;0;0;0;0;0;0;0;0;0;0;0;0;0.0;0.0;0.0;0.0;false;0;0;0;0;0;0;0;0;0;0;0;0;0;0;[];[];[]
14;18;17;110;60;39;4;48;0;18;6;4;3;0;2;2;23;0;0;0;0;3.0;8.0;0.0;0.6666666666666666;7.0;7.0;17.0;4.0;0;0;0;0;0;0;0;0;0;0;0;0;0;0;0;0;0;0;0;0;0;0;0;0;0;0.0;0.0;0.0;0.0;false;0;0;0;0;0;0;0;0;0;0;0;0;0;0;[];[];[]
14;19;17;110;60;39;4;48;0;19;1;9;2;1;13;8;2;0;3;1;0;0.0;45.0;1.0;-3.0;17.0;1.0;2.0;17.0;0;0;0;0;0;0;0;0;0;0;0;0;0;0;0;0;0;0;0;0;0;0;0;0;0;0.0;0.0;0.0;0.0;false;0;0;0;0;0;0;0;0;0;0;0;0;0;0;[];[];[]
14;20;17;110;60;39;4;48;0;20;3;7;0;0;2;2;324;0;0;0;0;0.0;5.0;0.0;0.0;17.0;2.0;17.0;17.0;0;0;0;0;0;0;0;0;0;0;0;0;0;0;0;0;0;0;0;0;0;0;0;0;0;0.0;0.0;0.0;0.0;false;0;0;0;0;0;0;0;0;0;0;0;0;0;0;[];[];[]
14;21;17;110;60;39;4;48;0;21;10;0;6;0;0;0;45;0;0;2;0;3.0;0.0;0.0;0.0;7.0;17.0;17.0;17.0;0;0;0;0;0;0;0;0;0;0;0;0;0;0;0;0;0;0;0;0;0;0;0;0;0;0.0;0.0;0.0;0.0;false;0;0;0;0;0;0;0;0;0;0;0;0;0;0;[];[];[]
15;2;17;99;71;39;4;56;0;2;3;7;2;3;6;6;18;0;5;2;0;8.0;10.0;0.0;1.0;4.0;7.0;17.0;2.0;0;0;0;0;0;0;0;0;0;0;0;0;0;0;0;0;0;0;0;0;0;0;0;0;0;0.0;0.0;0.0;0.0;false;0;0;0;0;0;0;0;0;0;0;0;0;0;0;[];[];[]
15;3;17;99;71;39;4;56;0;3;6;4;4;0;3;3;33;0;0;0;0;0.0;5.0;0.0;-1.0;17.0;9.0;17.0;16.0;0;0;0;0;0;0;0;0;0;0;0;0;0;0;0;0;0;0;0;0;0;0;0;0;0;0.0;0.0;0.0;0.0;false;0;0;0;0;0;0;0;0;0;0;0;0;0;0;[];[];[]
15;4;17;99;71;39;4;56;0;4;0;10;5;0;4;4;149;0;0;0;0;0.0;3.0;0.0;3.0;17.0;8.0;17.0;1.0;0;0;0;0;0;0;0;0;0;0;0;0;0;0;0;0;0;0;0;0;0;0;0;0;0;0.0;0.0;0.0;0.0;false;0;0;0;0;0;0;0;0;0;0;0;0;0;0;[];[];[]
15;5;17;99;71;39;4;56;0;5;10;0;0;0;0;0;926;0;0;0;0;0.0;0.0;0.0;0.0;0.0;0.0;0.0;0.0;0;0;0;0;0;0;0;0;0;0;0;0;0;0;0;0;0;0;0;0;0;0;0;0;0;0.0;0.0;0.0;0.0;false;0;0;0;0;0;0;0;0;0;0;0;0;0;0;[];[];[]
15;7;17;99;71;39;4;56;0;7;5;5;0;0;5;5;7;0;0;0;0;0.0;11.0;0.0;2.6666666666666665;17.0;5.0;17.0;2.0;0;0;0;0;0;0;0;0;0;0;0;0;0;0;0;0;0;0;0;0;0;0;0;0;0;0.0;0.0;0.0;0.0;false;0;0;0;0;0;0;0;0;0;0;0;0;0;0;[];[];[]
15;8;17;99;71;39;4;56;0;8;10;0;2;0;2;0;218;0;0;0;0;1.0;0.0;0.5;0.0;9.0;17.0;2.0;14.0;0;0;0;0;0;0;0;0;0;0;0;0;0;0;0;0;0;0;0;0;0;0;0;0;0;0.0;0.0;0.0;0.0;false;0;0;0;0;0;0;0;0;0;0;0;0;0;0;[];[];[]
15;10;17;99;71;39;4;56;0;10;3;7;4;0;8;6;49;0;0;5;0;4.0;8.0;2.6666666666666665;0.0;7.0;7.0;1.0;16.0;0;0;0;0;0;0;0;0;0;0;0;0;0;0;0;0;0;0;0;0;0;0;0;0;0;0.0;0.0;0.0;0.0;false;0;0;0;0;0;0;0;0;0;0;0;0;0;0;[];[];[]
15;11;17;99;71;39;4;56;0;11;10;0;5;0;0;0;220;0;0;1;0;5.0;0.0;0.0;0.0;4.0;17.0;17.0;17.0;0;0;0;0;0;0;0;0;0;0;0;0;0;0;0;0;0;0;0;0;0;0;0;0;0;0.0;0.0;0.0;0.0;false;0;0;0;0;0;0;0;0;0;0;0;0;0;0;[];[];[]
15;12;17;99;71;39;4;56;0;12;3;7;4;0;4;3;15;0;0;1;0;20.0;0.0;0.0;-1.0;1.0;17.0;17.0;16.0;0;0;0;0;0;0;0;0;0;0;0;0;0;0;0;0;0;0;0;0;0;0;0;0;0;0.0;0.0;0.0;0.0;false;0;0;0;0;0;0;0;0;0;0;0;0;0;0;[];[];[]
15;13;17;99;71;39;4;56;0;13;10;0;0;0;0;0;908;0;0;0;0;0.0;0.0;0.0;0.0;0.0;0.0;0.0;0.0;0;0;0;0;0;0;0;0;0;0;0;0;0;0;0;0;0;0;0;0;0;0;0;0;0;0.0;0.0;0.0;0.0;false;0;0;0;0;0;0;0;0;0;0;0;0;0;0;[];[];[]
15;14;17;99;71;39;4;56;0;14;10;0;0;0;0;0;907;0;0;0;0;0.0;0.0;0.0;0.0;0.0;0.0;0.0;0.0;0;0;0;0;0;0;0;0;0;0;0;0;0;0;0;0;0;0;0;0;0;0;0;0;0;0.0;0.0;0.0;0.0;false;0;0;0;0;0;0;0;0;0;0;0;0;0;0;[];[];[]
15;15;17;99;71;39;4;56;0;15;10;0;0;0;0;0;886;0;0;0;0;0.0;0.0;0.0;0.0;0.0;0.0;0.0;0.0;0;0;0;0;0;0;0;0;0;0;0;0;0;0;0;0;0;0;0;0;0;0;0;0;0;0.0;0.0;0.0;0.0;false;0;0;0;0;0;0;0;0;0;0;0;0;0;0;[];[];[]
15;16;17;99;71;39;4;56;0;16;0;10;2;0;6;5;94;8;0;2;0;8.0;22.0;0.0;0.5;2.0;2.0;17.0;4.0;0;0;0;0;0;0;0;0;0;0;0;0;0;0;0;0;0;0;0;0;0;0;0;0;0;0.0;0.0;0.0;0.0;false;0;0;0;0;0;0;0;0;0;0;0;0;0;0;[];[];[]
15;18;17;99;71;39;4;56;0;18;6;4;3;0;2;2;79;0;0;0;0;3.0;8.0;0.0;0.6666666666666666;7.0;7.0;17.0;4.0;0;0;0;0;0;0;0;0;0;0;0;0;0;0;0;0;0;0;0;0;0;0;0;0;0;0.0;0.0;0.0;0.0;false;0;0;0;0;0;0;0;0;0;0;0;0;0;0;[];[];[]
15;19;17;99;71;39;4;56;0;19;1;9;2;1;13;8;58;0;3;1;0;0.0;45.0;1.0;-3.0;17.0;1.0;2.0;17.0;0;0;0;0;0;0;0;0;0;0;0;0;0;0;0;0;0;0;0;0;0;0;0;0;0;0.0;0.0;0.0;0.0;false;0;0;0;0;0;0;0;0;0;0;0;0;0;0;[];[];[]
15;20;17;99;71;39;4;56;0;20;3;7;0;0;2;2;380;0;0;0;0;0.0;5.0;0.0;0.0;17.0;2.0;17.0;17.0;0;0;0;0;0;0;0;0;0;0;0;0;0;0;0;0;0;0;0;0;0;0;0;0;0;0.0;0.0;0.0;0.0;false;0;0;0;0;0;0;0;0;0;0;0;0;0;0;[];[];[]
15;21;17;99;71;39;4;56;0;21;9;1;6;0;1;1;20;0;0;2;0;6.0;0.0;0.0;0.5;5.0;17.0;17.0;6.0;0;0;0;0;0;0;0;0;0;0;0;0;0;0;0;0;0;0;0;0;0;0;0;0;0;0.0;0.0;0.0;0.0;false;0;0;0;0;0;0;0;0;0;0;0;0;0;0;[];[];[]
16;2;17;94;76;39;4;63;0;2;3;7;2;3;6;6;78;0;5;2;0;8.0;10.0;0.0;1.0;4.0;7.0;17.0;2.0;0;0;0;0;0;0;0;0;0;0;0;0;0;0;0;0;0;0;0;0;0;0;0;0;0;0.0;0.0;0.0;0.0;false;0;0;0;0;0;0;0;0;0;0;0;0;0;0;[];[];[]
16;3;17;94;76;39;4;63;0;3;5;5;4;0;4;4;41;0;0;0;0;0.0;9.0;0.0;-1.0;17.0;8.0;17.0;16.0;0;0;0;0;0;0;0;0;0;0;0;0;0;0;0;0;0;0;0;0;0;0;0;0;0;0.0;0.0;0.0;0.0;false;0;0;0;0;0;0;0;0;0;0;0;0;0;0;[];[];[]
16;4;17;94;76;39;4;63;0;4;0;10;5;0;6;6;14;0;0;0;0;2.0;5.0;0.3333333333333333;3.0;9.0;9.0;4.0;1.0;0;0;0;0;0;0;0;0;0;0;0;0;0;0;0;0;0;0;0;0;0;0;0;0;0;0.0;0.0;0.0;0.0;false;0;0;0;0;0;0;0;0;0;0;0;0;0;0;[];[];[]
16;5;17;94;76;39;4;63;0;5;10;0;0;0;0;0;986;0;0;0;0;0.0;0.0;0.0;0.0;0.0;0.0;0.0;0.0;0;0;0;0;0;0;0;0;0;0;0;0;0;0;0;0;0;0;0;0;0;0;0;0;0;0.0;0.0;0.0;0.0;false;0;0;0;0;0;0;0;0;0;0;0;0;0;0;[];[];[]
16;7;17;94;76;39;4;63;0;7;4;6;0;0;6;6;67;0;0;0;0;0.0;11.0;0.0;4.166666666666666;17.0;5.0;17.0;1.0;0;0;0;0;0;0;0;0;0;0;0;0;0;0;0;0;0;0;0;0;0;0;0;0;0;0.0;0.0;0.0;0.0;false;0;0;0;0;0;0;0;0;0;0;0;0;0;0;[];[];[]
16;8;17;94;76;39;4;63;0;8;10;0;2;0;2;0;60;0;0;0;0;1.0;0.0;0.5;0.0;9.0;17.0;2.0;14.0;0;0;0;0;0;0;0;0;0;0;0;0;0;0;0;0;0;0;0;0;0;0;0;0;0;0.0;0.0;0.0;0.0;false;0;0;0;0;0;0;0;0;0;0;0;0;0;0;[];[];[]
16;10;17;94;76;39;4;63;0;10;0;10;4;0;10;8;20;0;0;5;0;4.0;11.0;0.4999999999999998;0.0;7.0;5.0;3.0;14.0;0;0;0;0;0;0;0;0;0;0;0;0;0;0;0;0;0;0;0;0;0;0;0;0;0;0.0;0.0;0.0;0.0;false;0;0;0;0;0;0;0;0;0;0;0;0;0;0;[];[];[]
16;11;17;94;76;39;4;63;0;11;10;0;5;0;0;0;280;0;0;1;0;5.0;0.0;0.0;0.0;4.0;17.0;17.0;17.0;0;0;0;0;0;0;0;0;0;0;0;0;0;0;0;0;0;0;0;0;0;0;0;0;0;0.0;0.0;0.0;0.0;false;0;0;0;0;0;0;0;0;0;0;0;0;0;0;[];[];[]
16;12;17;94;76;39;4;63;0;12;3;7;4;0;4;3;75;0;0;1;0;20.0;0.0;0.0;-1.0;1.0;17.0;17.0;16.0;0;0;0;0;0;0;0;0;0;0;0;0;0;0;0;0;0;0;0;0;0;0;0;0;0;0.0;0.0;0.0;0.0;false;0;0;0;0;0;0;0;0;0;0;0;0;0;0;[];[];[]
16;13;17;94;76;39;4;63;0;13;10;0;0;0;0;0;968;0;0;0;0;0.0;0.0;0.0;0.0;0.0;0.0;0.0;0.0;0;0;0;0;0;0;0;0;0;0;0;0;0;0;0;0;0;0;0;0;0;0;0;0;0;0.0;0.0;0.0;0.0;false;0;0;0;0;0;0;0;0;0;0;0;0;0;0;[];[];[]
16;14;17;94;76;39;4;63;0;14;10;0;0;0;0;0;967;0;0;0;0;0.0;0.0;0.0;0.0;0.0;0.0;0.0;0.0;0;0;0;0;0;0;0;0;0;0;0;0;0;0;0;0;0;0;0;0;0;0;0;0;0;0.0;0.0;0.0;0.0;false;0;0;0;0;0;0;0;0;0;0;0;0;0;0;[];[];[]
16;15;17;94;76;39;4;63;0;15;10;0;0;0;0;0;946;0;0;0;0;0.0;0.0;0.0;0.0;0.0;0.0;0.0;0.0;0;0;0;0;0;0;0;0;0;0;0;0;0;0;0;0;0;0;0;0;0;0;0;0;0;0.0;0.0;0.0;0.0;false;0;0;0;0;0;0;0;0;0;0;0;0;0;0;[];[];[]
16;16;17;94;76;39;4;63;0;16;0;10;2;0;6;5;154;8;0;2;0;8.0;22.0;0.0;0.5;2.0;2.0;17.0;4.0;0;0;0;0;0;0;0;0;0;0;0;0;0;0;0;0;0;0;0;0;0;0;0;0;0;0.0;0.0;0.0;0.0;false;0;0;0;0;0;0;0;0;0;0;0;0;0;0;[];[];[]
16;18;17;94;76;39;4;63;0;18;6;4;3;0;2;2;139;0;0;0;0;3.0;8.0;0.0;0.6666666666666666;7.0;7.0;17.0;4.0;0;0;0;0;0;0;0;0;0;0;0;0;0;0;0;0;0;0;0;0;0;0;0;0;0;0.0;0.0;0.0;0.0;false;0;0;0;0;0;0;0;0;0;0;0;0;0;0;[];[];[]
16;19;17;94;76;39;4;63;0;19;1;9;2;1;14;8;33;0;3;1;0;0.0;50.0;2.0;-3.0;17.0;1.0;1.0;17.0;0;0;0;0;0;0;0;0;0;0;0;0;0;0;0;0;0;0;0;0;0;0;0;0;0;0.0;0.0;0.0;0.0;false;0;0;0;0;0;0;0;0;0;0;0;0;0;0;[];[];[]
16;20;17;94;76;39;4;63;0;20;3;7;0;0;2;2;440;0;0;0;0;0.0;5.0;0.0;0.0;17.0;2.0;17.0;17.0;0;0;0;0;0;0;0;0;0;0;0;0;0;0;0;0;0;0;0;0;0;0;0;0;0;0.0;0.0;0.0;0.0;false;0;0;0;0;0;0;0;0;0;0;0;0;0;0;[];[];[]
16;21;17;94;76;39;4;63;0;21;9;1;6;0;1;1;80;0;0;2;0;6.0;0.0;0.0;0.5;5.0;17.0;17.0;6.0;0;0;0;0;0;0;0;0;0;0;0;0;0;0;0;0;0;0;0;0;0;0;0;0;0;0.0;0.0;0.0;0.0;false;0;0;0;0;0;0;0;0;0;0;0;0;0;0;[];[];[]
17;2;17;92;78;40;4;71;0;2;2;8;2;3;8;7;14;0;5;2;0;11.0;9.0;0.0;1.2;3.0;8.0;17.0;4.0;0;0;0;0;0;0;0;0;0;0;0;0;0;0;0;0;0;0;0;0;0;0;0;0;0;0.0;0.0;0.0;0.0;false;0;0;0;0;0;0;0;0;0;0;0;0;0;0;[];[];[]
17;3;17;92;78;40;4;71;0;3;5;5;4;0;4;4;88;0;0;0;0;0.0;9.0;0.0;-1.0;17.0;8.0;17.0;16.0;0;0;0;0;0;0;0;0;0;0;0;0;0;0;0;0;0;0;0;0;0;0;0;0;0;0.0;0.0;0.0;0.0;false;0;0;0;0;0;0;0;0;0;0;0;0;0;0;[];[];[]
17;4;17;92;78;40;4;71;0;4;1;9;5;0;9;9;2;0;0;0;0;2.0;4.0;0.3333333333333333;2.6666666666666665;9.0;9.0;4.0;2.0;0;0;0;0;0;0;0;0;0;0;0;0;0;0;0;0;0;0;0;0;0;0;0;0;0;0.0;0.0;0.0;0.0;false;0;0;0;0;0;0;0;0;0;0;0;0;0;0;[];[];[]
17;5;17;92;78;40;4;71;0;5;10;0;0;0;0;0;1033;0;0;0;0;0.0;0.0;0.0;0.0;0.0;0.0;0.0;0.0;0;0;0;0;0;0;0;0;0;0;0;0;0;0;0;0;0;0;0;0;0;0;0;0;0;0.0;0.0;0.0;0.0;false;0;0;0;0;0;0;0;0;0;0;0;0;0;0;[];[];[]
17;7;17;92;78;40;4;71;0;7;4;6;0;0;6;6;47;0;0;0;0;0.0;11.0;0.0;4.166666666666666;17.0;5.0;17.0;1.0;0;0;0;0;0;0;0;0;0;0;0;0;0;0;0;0;0;0;0;0;0;0;0;0;0;0.0;0.0;0.0;0.0;false;0;0;0;0;0;0;0;0;0;0;0;0;0;0;[];[];[]
17;8;17;92;78;40;4;71;0;8;10;0;2;0;2;0;107;0;0;0;0;1.0;0.0;0.5;0.0;9.0;17.0;2.0;14.0;0;0;0;0;0;0;0;0;0;0;0;0;0;0;0;0;0;0;0;0;0;0;0;0;0;0.0;0.0;0.0;0.0;false;0;0;0;0;0;0;0;0;0;0;0;0;0;0;[];[];[]
17;10;17;92;78;40;4;71;0;10;0;10;4;0;10;8;67;0;0;5;0;4.0;11.0;0.4999999999999998;0.0;7.0;5.0;3.0;14.0;0;0;0;0;0;0;0;0;0;0;0;0;0;0;0;0;0;0;0;0;0;0;0;0;0;0.0;0.0;0.0;0.0;false;0;0;0;0;0;0;0;0;0;0;0;0;0;0;[];[];[]
17;11;17;92;78;40;4;71;0;11;10;0;5;0;0;0;327;0;0;1;0;5.0;0.0;0.0;0.0;4.0;17.0;17.0;17.0;0;0;0;0;0;0;0;0;0;0;0;0;0;0;0;0;0;0;0;0;0;0;0;0;0;0.0;0.0;0.0;0.0;false;0;0;0;0;0;0;0;0;0;0;0;0;0;0;[];[];[]
17;12;17;92;78;40;4;71;0;12;3;7;4;0;4;3;122;0;0;2;0;20.0;0.0;0.0;-1.0;1.0;17.0;17.0;16.0;0;0;0;0;0;0;0;0;0;0;0;0;0;0;0;0;0;0;0;0;0;0;0;0;0;0.0;0.0;0.0;0.0;false;0;0;0;0;0;0;0;0;0;0;0;0;0;0;[];[];[]
17;13;17;92;78;40;4;71;0;13;10;0;0;0;0;0;1015;0;0;0;0;0.0;0.0;0.0;0.0;0.0;0.0;0.0;0.0;0;0;0;0;0;0;0;0;0;0;0;0;0;0;0;0;0;0;0;0;0;0;0;0;0;0.0;0.0;0.0;0.0;false;0;0;0;0;0;0;0;0;0;0;0;0;0;0;[];[];[]
17;14;17;92;78;40;4;71;0;14;10;0;0;0;0;0;1014;0;0;0;0;0.0;0.0;0.0;0.0;0.0;0.0;0.0;0.0;0;0;0;0;0;0;0;0;0;0;0;0;0;0;0;0;0;0;0;0;0;0;0;0;0;0.0;0.0;0.0;0.0;false;0;0;0;0;0;0;0;0;0;0;0;0;0;0;[];[];[]
17;15;17;92;78;40;4;71;0;15;10;0;0;0;0;0;993;0;0;0;0;0.0;0.0;0.0;0.0;0.0;0.0;0.0;0.0;0;0;0;0;0;0;0;0;0;0;0;0;0;0;0;0;0;0;0;0;0;0;0;0;0;0.0;0.0;0.0;0.0;false;0;0;0;0;0;0;0;0;0;0;0;0;0;0;[];[];[]
17;16;17;92;78;40;4;71;0;16;0;10;2;0;6;5;201;8;0;2;0;8.0;22.0;0.0;0.5;2.0;2.0;17.0;4.0;0;0;0;0;0;0;0;0;0;0;0;0;0;0;0;0;0;0;0;0;0;0;0;0;0;0.0;0.0;0.0;0.0;false;0;0;0;0;0;0;0;0;0;0;0;0;0;0;[];[];[]
17;18;17;92;78;40;4;71;0;18;4;6;3;0;3;3;35;0;0;0;0;5.0;10.0;0.0;2.333333333333333;6.0;7.0;17.0;3.0;0;0;0;0;0;0;0;0;0;0;0;0;0;0;0;0;0;0;0;0;0;0;0;0;0;0.0;0.0;0.0;0.0;false;0;0;0;0;0;0;0;0;0;0;0;0;0;0;[];[];[]
17;19;17;92;78;40;4;71;0;19;1;9;2;1;15;8;80;0;3;1;0;2.0;56.0;4.0;-3.0;9.0;1.0;1.0;17.0;0;0;0;0;0;0;0;0;0;0;0;0;0;0;0;0;0;0;0;0;0;0;0;0;0;0.0;0.0;0.0;0.0;false;0;0;0;0;0;0;0;0;0;0;0;0;0;0;[];[];[]
17;20;17;92;78;40;4;71;0;20;3;7;0;0;3;2;1;0;0;0;0;0.0;34.0;0.0;0.0;17.0;2.0;17.0;14.0;0;0;0;0;0;0;0;0;0;0;0;0;0;0;0;0;0;0;0;0;0;0;0;0;0;0.0;0.0;0.0;0.0;false;0;0;0;0;0;0;0;0;0;0;0;0;0;0;[];[];[]
17;21;17;92;78;40;4;71;0;21;9;1;7;0;1;1;42;0;0;2;0;8.0;0.0;0.0;0.5;5.0;17.0;17.0;6.0;0;0;0;0;0;0;0;0;0;0;0;0;0;0;0;0;0;0;0;0;0;0;0;0;0;0.0;0.0;0.0;0.0;false;0;0;0;0;0;0;0;0;0;0;0;0;0;0;[];[];[]
