0	-1	185.0	-9.439402077879588	-2.828968453799761	circle		9.9	Turtle	false	1.0	1.0	up
1	-1	329.0	5.059049746388487	4.8553102036981315	circle		9.9	Turtle	false	1.0	1.0	up
2	-1	62.0	8.22347465867778	-0.7717072366598449	circle		9.9	Turtle	false	1.0	1.0	up
3	-1	304.0	-0.04267477652321561	-1.4897127527548215	circle		9.9	Turtle	false	1.0	1.0	up
4	-1	98.0	-1.5720968750202673	4.6465919420527255	circle		9.9	Turtle	false	1.0	1.0	up
5	-1	293.0	6.370210862443789	-1.7865300746875707	circle		9.9	Turtle	false	1.0	1.0	up
6	-1	115.0	-0.5120726381406704	-1.3163824450837172	circle		9.9	Turtle	false	1.0	1.0	up
7	-1	175.0	-8.366356055830398	-1.6102190752885697	circle		9.9	Turtle	false	1.0	1.0	up
8	-1	49.0	-0.5858751427585831	-0.17724157421258513	circle		9.9	Turtle	false	1.0	1.0	up
9	-1	120.0	6.430219620349276	5.979450603986455	circle		9.9	Turtle	false	1.0	1.0	up
10	-1	233.0	-0.31760941161096323	2.0756433539573544	circle		9.9	Turtle	false	1.0	1.0	up
11	-1	157.0	-1.0353726444285445	0.20083559710307475	circle		9.9	Turtle	false	1.0	1.0	up
12	-1	41.0	4.032140703810979	-1.3253122337302239	circle		9.9	Turtle	false	1.0	1.0	up
13	-1	9.0	-3.976131244283455	-4.833527058911162	circle		9.9	Turtle	false	1.0	1.0	up
14	-1	107.0	8.563544299867921	-1.167298317918938	circle		9.9	Turtle	false	1.0	1.0	up
15	-1	247.0	-8.92909209053318	3.1295730582601484	circle		9.9	Turtle	false	1.0	1.0	up
16	-1	190.0	1.622891373587557	-5.671708112405322	circle		9.9	Turtle	false	1.0	1.0	up
17	-1	249.0	2.2098311470111667	-7.8854077973309575	circle		9.9	Turtle	false	1.0	1.0	up
18	-1	74.0	-1.4352525001169507	-2.4269051711614584	circle		9.9	Turtle	false	1.0	1.0	up
19	-1	104.0	0.8593850549447464	4.486246788330464	circle		9.9	Turtle	false	1.0	1.0	up
20	-1	281.0	7.111150789417447	0.6555822973017504	circle		9.9	Turtle	false	1.0	1.0	up
21	-1	262.0	10.354924162520925	4.088438657293407	circle		9.9	Turtle	false	1.0	1.0	up
22	-1	76.0	-4.537795545838027	-2.2521638047537405	circle		9.9	Turtle	false	1.0	1.0	up
23	-1	342.0	2.4805929589224776	5.479472372405175	circle		9.9	Turtle	false	1.0	1.0	up
24	-1	344.0	7.409406130317534	4.084428170924204	circle		9.9	Turtle	false	1.0	1.0	up
25	-1	80.0	7.502999801463967	7.083931484544597	circle		9.9	Turtle	false	1.0	1.0	up
26	-1	232.0	9.966460082892851	0.785403565317384	circle		9.9	Turtle	false	1.0	1.0	up
27	-1	113.0	-4.839319230548558	-7.0624484324729995	circle		9.9	Turtle	false	1.0	1.0	up
28	-1	74.0	1.3169018126487804	-5.581913762749392	circle		9.9	Turtle	false	1.0	1.0	up
29	-1	190.0	1.295293422520582	3.1294767008870794	circle		9.9	Turtle	false	1.0	1.0	up
30	-1	3.0	-2.2354620077001743	7.477343874282851	circle		9.9	Turtle	false	1.0	1.0	up
31	-1	8.0	0.9382067142786458	-3.202462440355708	circle		9.9	Turtle	false	1.0	1.0	up
32	-1	255.0	2.202637819715277	2.2265266321912174	circle		9.9	Turtle	false	1.0	1.0	up
33	-1	245.0	-9.135373456796348	-7.721847636823235	circle		9.9	Turtle	false	1.0	1.0	up
34	-1	148.0	6.6143657427407225	-6.728195430154715	circle		9.9	Turtle	false	1.0	1.0	up
35	-1	227.0	3.485475928752698	-2.9703480872262125	circle		9.9	Turtle	false	1.0	1.0	up
36	-1	254.0	2.2482828005564954	8.295947750558968	circle		9.9	Turtle	false	1.0	1.0	up
37	-1	149.0	-6.925063959942011	6.181038459858115	circle		9.9	Turtle	false	1.0	1.0	up
38	-1	205.0	4.417841532320882	-4.523727715736505	circle		9.9	Turtle	false	1.0	1.0	up
39	-1	6.0	-10.737853001786737	3.337126152788299	circle		9.9	Turtle	false	1.0	1.0	up
40	-1	247.0	-1.1505482088309928	-8.9050182747108	circle		9.9	Turtle	false	1.0	1.0	up
41	-1	206.0	-1.8175251908827095	5.093011518049971	circle		9.9	Turtle	false	1.0	1.0	up
42	-1	155.0	3.1220656613485867	-10.214928322578459	circle		9.9	Turtle	false	1.0	1.0	up
43	-1	314.0	11.520297833563383	5.815282563695615	circle		9.9	Turtle	false	1.0	1.0	up
44	-1	230.0	3.456834510645831	1.005096165303103	circle		9.9	Turtle	false	1.0	1.0	up
45	-1	214.0	5.108929920635047	-8.19394203980116	circle		9.9	Turtle	false	1.0	1.0	up
46	-1	67.0	7.226333487220131	4.145006158257087	circle		9.9	Turtle	false	1.0	1.0	up
47	-1	151.0	-0.3556166647309266	-1.214521182330234	circle		9.9	Turtle	false	1.0	1.0	up
48	-1	94.0	-1.1981589737797196	-3.8062250891001503	circle		9.9	Turtle	false	1.0	1.0	up
49	-1	308.0	-5.888859870762592	10.37992739765549	circle		9.9	Turtle	false	1.0	1.0	up
50	-1	302.0	2.6002083648015164	12.078293002634261	circle		9.9	Turtle	false	1.0	1.0	up
51	-1	40.0	1.4900944396800646	-1.3270672542826403	circle		9.9	Turtle	false	1.0	1.0	up
52	-1	123.0	-3.1042051705755465	-9.797326236069635	circle		9.9	Turtle	false	1.0	1.0	up
53	-1	310.0	-7.453580068689556	1.3969994389836526	circle		9.9	Turtle	false	1.0	1.0	up
54	-1	146.0	-7.896894864038517	3.6266133475664613	circle		9.9	Turtle	false	1.0	1.0	up
55	-1	181.0	-4.283905256165427	-6.822884538663166	circle		9.9	Turtle	false	1.0	1.0	up
56	-1	215.0	-1.3532483391438577	3.233069737557961	circle		9.9	Turtle	false	1.0	1.0	up
57	-1	73.0	-1.3148048276964905	2.5030941583599495	circle		9.9	Turtle	false	1.0	1.0	up
58	-1	224.0	-11.447740705031597	-0.9490463025036036	circle		9.9	Turtle	false	1.0	1.0	up
59	-1	95.0	-4.503952880522163	8.599105370116913	circle		9.9	Turtle	false	1.0	1.0	up
60	-1	186.0	-4.42927472844207	-2.584972372975039	circle		9.9	Turtle	false	1.0	1.0	up
61	-1	57.0	2.998107009466371	2.1085011578370754	circle		9.9	Turtle	false	1.0	1.0	up
62	-1	73.0	0.5230644598908102	9.52817176952071	circle		9.9	Turtle	false	1.0	1.0	up
63	-1	266.0	-1.7389162593950835	-0.780578350308772	circle		9.9	Turtle	false	1.0	1.0	up
64	-1	213.0	2.5169272052406515	-12.160009133043651	circle		9.9	Turtle	false	1.0	1.0	up
65	-1	95.0	-5.2876120281416865	1.964928325477365	circle		9.9	Turtle	false	1.0	1.0	up
66	-1	180.0	-0.04041105899390397	2.256791124100074	circle		9.9	Turtle	false	1.0	1.0	up
67	-1	162.0	-5.46271939964831	-4.527005348912515	circle		9.9	Turtle	false	1.0	1.0	up
68	-1	27.0	-5.567244182248423	0.9667831659454786	circle		9.9	Turtle	false	1.0	1.0	up
69	-1	183.0	0.20066425319807635	7.424887041612809	circle		9.9	Turtle	false	1.0	1.0	up
70	-1	68.0	-0.7486511664047041	-1.406936421975211	circle		9.9	Turtle	false	1.0	1.0	up
71	-1	192.0	-2.9193608391348422	-4.832883540413	circle		9.9	Turtle	false	1.0	1.0	up
72	-1	55.0	6.570533455880398	-3.3234276886266483	circle		9.9	Turtle	false	1.0	1.0	up
73	-1	89.0	0.45979084638824097	7.6694703376933235	circle		9.9	Turtle	false	1.0	1.0	up
74	-1	101.0	5.904302045058054	-4.832538564188063	circle		9.9	Turtle	false	1.0	1.0	up
75	-1	324.0	-5.4821996999157125	-0.9281130822134264	circle		9.9	Turtle	false	1.0	1.0	up
76	-1	128.0	7.727991941801146	4.367526463499822	circle		9.9	Turtle	false	1.0	1.0	up
77	-1	347.0	2.2599724755302075	6.249859667690616	circle		9.9	Turtle	false	1.0	1.0	up
78	-1	163.0	-8.49014335805701	-3.0649392266584643	circle		9.9	Turtle	false	1.0	1.0	up
79	-1	234.0	4.808058987630149	-0.9830762900239619	circle		9.9	Turtle	false	1.0	1.0	up
80	-1	54.0	5.42826834843002	3.034992425196373	circle		9.9	Turtle	false	1.0	1.0	up
81	-1	347.0	-0.41636785359430717	-0.17293406358139873	circle		9.9	Turtle	false	1.0	1.0	up
82	-1	109.0	4.628064771650413	-1.6151280522294873	circle		9.9	Turtle	false	1.0	1.0	up
83	-1	28.0	-1.4353971363248432	-3.6953335111990473	circle		9.9	Turtle	false	1.0	1.0	up
84	-1	155.0	5.48202182815397	1.6106972114914404	circle		9.9	Turtle	false	1.0	1.0	up
85	-1	183.0	-3.202607251142935	5.299162934394177	circle		9.9	Turtle	false	1.0	1.0	up
86	-1	52.0	8.703958089103056	7.174189749750612	circle		9.9	Turtle	false	1.0	1.0	up
87	-1	294.0	-7.991037760436607	-7.4009204134500255	circle		9.9	Turtle	false	1.0	1.0	up
88	-1	145.0	9.800804303410901	5.510579931951966	circle		9.9	Turtle	false	1.0	1.0	up
89	-1	147.0	2.7306452860935893	7.638876005836004	circle		9.9	Turtle	false	1.0	1.0	up
90	-1	339.0	-8.303319831363833	-0.6733504672762037	circle		9.9	Turtle	false	1.0	1.0	up
91	-1	26.0	0.4683892771059698	6.455362949977487	circle		9.9	Turtle	false	1.0	1.0	up
92	-1	29.0	6.669179618715057	7.054697752764871	circle		9.9	Turtle	false	1.0	1.0	up
93	-1	22.0	-3.1050130992349403	5.849473105909607	circle		9.9	Turtle	false	1.0	1.0	up
94	-1	317.0	-4.588747562925315	4.6491257389488485	circle		9.9	Turtle	false	1.0	1.0	up
95	-1	51.0	3.91677570850768	10.068708265872287	circle		9.9	Turtle	false	1.0	1.0	up
96	-1	235.0	-10.857146500069945	0.7016369469908185	circle		9.9	Turtle	false	1.0	1.0	up
97	-1	165.0	2.681900389490314	-9.484401264421537	circle		9.9	Turtle	false	1.0	1.0	up
98	-1	221.0	1.1283858489545096	6.342853512055648	circle		9.9	Turtle	false	1.0	1.0	up
99	-1	164.0	5.07759446474166	-1.283007075622361	circle		9.9	Turtle	false	1.0	1.0	up
100	-1	137.95587024888107	-6.9126400975763165	7.69180542387557	circle		9.9	Turtle	false	1.0	1.0	up
101	-1	163.41707698877974	1.016748765479464	7.870336066342352	circle		9.9	Turtle	false	1.0	1.0	up
102	-1	40.25967433834899	1.0940286679438656	0.7656760652826312	circle		9.9	Turtle	false	1.0	1.0	up
103	-1	162.09408445266013	5.7163931751637795	-10.074020779401737	circle		9.9	Turtle	false	1.0	1.0	up
104	-1	279.80554362859897	-6.3962752828645915	-8.828667051510505	circle		9.9	Turtle	false	1.0	1.0	up
105	-1	219.45427849610564	2.1596806529484693	0.25935761940701996	circle		9.9	Turtle	false	1.0	1.0	up
106	-1	57.89146652065705	-7.355885513490079	-4.701520037306083	circle		9.9	Turtle	false	1.0	1.0	up
107	-1	142.69532777910638	-0.21368436461383689	-12.670067879177859	circle		9.9	Turtle	false	1.0	1.0	up
108	-1	63.83448521333685	10.842534932115122	8.224901666032041	circle		9.9	Turtle	false	1.0	1.0	up
109	-1	181.28635552278513	-3.0806226149141307	2.6887606020723336	circle		9.9	Turtle	false	1.0	1.0	up
110	-1	41.36387288533274	2.011868230815953	-6.043388867394292	circle		9.9	Turtle	false	1.0	1.0	up
111	-1	186.3971832386336	3.4592878396021773	-7.967224836569838	circle		9.9	Turtle	false	1.0	1.0	up
112	-1	122.9851978263921	3.689334645447523	-5.91540076029052	circle		9.9	Turtle	false	1.0	1.0	up
113	-1	80.235482542721	1.6668063408198928	-0.1752871398253835	circle		9.9	Turtle	false	1.0	1.0	up
114	-1	259.59453663415957	-6.8719455818573945	-0.22805955841984868	circle		9.9	Turtle	false	1.0	1.0	up
115	-1	119.78879732353352	-0.8864780951184053	2.903366450503378	circle		9.9	Turtle	false	1.0	1.0	up
116	-1	109.65631642401996	-2.8452643333656042	8.006635245891292	circle		9.9	Turtle	false	1.0	1.0	up
117	-1	70.43956969706483	-3.4506688397774585	2.0374334583003426	circle		9.9	Turtle	false	1.0	1.0	up
118	-1	277.3224597689201	1.3724079128718574	-3.665607364139955	circle		9.9	Turtle	false	1.0	1.0	up
119	-1	341.1452008042818	-8.656613640891905	5.634606949467711	circle		9.9	Turtle	false	1.0	1.0	up
120	-1	201.6799798021491	9.726471677449295	2.507599651520068	circle		9.9	Turtle	false	1.0	1.0	up
121	-1	287.2947658599281	9.775492941396703	-3.1854288019196364	circle		9.9	Turtle	false	1.0	1.0	up
122	-1	222.64730458529868	8.058117634718162	0.6962819906488641	circle		9.9	Turtle	false	1.0	1.0	up
123	-1	71.68180138961179	5.62915046222696	9.842337021789485	circle		9.9	Turtle	false	1.0	1.0	up
124	-1	208.61073937239934	-7.334118982923864	-10.548027201711735	circle		9.9	Turtle	false	1.0	1.0	up
125	-1	94.874028426677	-5.084543783162903	6.024090607661095	circle		9.9	Turtle	false	1.0	1.0	up
126	-1	96.58288802758898	8.11067286679816	-4.2941592012746	circle		9.9	Turtle	false	1.0	1.0	up
127	-1	357.8317683830695	-3.1913417519747163	-7.495830930973099	circle		9.9	Turtle	false	1.0	1.0	up
128	-1	187.68605120484494	-3.367057512655555	-1.925250514101589	circle		9.9	Turtle	false	1.0	1.0	up
129	-1	232.30414804857367	-3.0018792716228795	3.7832012528629857	circle		9.9	Turtle	false	1.0	1.0	up
130	-1	258.8516436222353	-5.141541697298406	-7.436026221336486	circle		9.9	Turtle	false	1.0	1.0	up
131	-1	348.4414465537758	-1.03546119545213	1.4166189825959172	circle		9.9	Turtle	false	1.0	1.0	up
132	-1	239.51228749707366	-7.246776640325271	9.580445501519126	circle		9.9	Turtle	false	1.0	1.0	up
133	-1	240.7852736596327	-1.2640175017399593	-6.763293560722418	circle		9.9	Turtle	false	1.0	1.0	up
134	-1	201.14316027823588	-6.4369485524747905	-2.4313737487932725	circle		9.9	Turtle	false	1.0	1.0	up
135	-1	337.36744407609103	0.735212303966019	2.117382781233238	circle		9.9	Turtle	false	1.0	1.0	up
136	-1	189.90992337080831	-1.532827310848783	-10.93873814168709	circle		9.9	Turtle	false	1.0	1.0	up
137	-1	29.91881615832949	-2.6100127608657844	-6.095335153941762	circle		9.9	Turtle	false	1.0	1.0	up
138	-1	288.6367523273526	0.42333768835581553	-11.45394306719691	circle		9.9	Turtle	false	1.0	1.0	up
139	-1	124.47592502732323	4.846017739240379	-11.696048635357156	circle		9.9	Turtle	false	1.0	1.0	up
140	-1	290.38304689143115	-5.887139963998113	-4.672163689042746	circle		9.9	Turtle	false	1.0	1.0	up
141	-1	38.92123370650074	3.927003861227894	5.936935147243668	circle		9.9	Turtle	false	1.0	1.0	up
142	-1	104.13232737192953	0.3422287391171013	-10.345858982726808	circle		9.9	Turtle	false	1.0	1.0	up
143	-1	359.612527926687	-3.043725288149573	1.920469568790733	circle		9.9	Turtle	false	1.0	1.0	up
144	-1	87.77219676977415	12.103490402012136	0.8685385498766038	circle		9.9	Turtle	false	1.0	1.0	up
145	-1	187.7938406566031	8.232595902004586	-3.585213638758213	circle		9.9	Turtle	false	1.0	1.0	up
146	-1	237.5100020654403	-10.031038116236758	2.2323571709423407	circle		9.9	Turtle	false	1.0	1.0	up
147	-1	341.5390370349435	2.54414553960926	3.912048015275878	circle		9.9	Turtle	false	1.0	1.0	up
148	-1	179.612527926687	-3.0276251742041187	-0.4602297890131435	circle		9.9	Turtle	false	1.0	1.0	up
149	-1	251.842945924348	-4.344996765976744	-3.1338293415426293	circle		9.9	Turtle	false	1.0	1.0	up
0	-1	21.0	-9.86904488194101	-1.2797265519769017	circle		9.9	Turtle	false	1.0	1.0	up
1	-1	231.0	3.7864957248544737	5.206738083973196	circle		9.9	Turtle	false	1.0	1.0	up
2	-1	38.0	9.333166401275879	0.6429042057591404	circle		9.9	Turtle	false	1.0	1.0	up
3	-1	87.0	-1.1056087313029899	-2.2752834310141035	circle		9.9	Turtle	false	1.0	1.0	up
4	-1	180.0	-0.23587661909999735	2.8864305383824864	circle		9.9	Turtle	false	1.0	1.0	up
5	-1	86.0	6.667294677346096	-1.19217199566258	circle		9.9	Turtle	false	1.0	1.0	up
6	-1	60.0	4.065100722101787	-4.95365103814726	circle		9.9	Turtle	false	1.0	1.0	up
7	-1	198.0	-9.383217852243751	-4.675586746128939	circle		9.9	Turtle	false	1.0	1.0	up
8	-1	310.0	-1.3134441345481707	0.8756746513732131	circle		9.9	Turtle	false	1.0	1.0	up
9	-1	127.0	5.12748171704051	5.8430643813174985	circle		9.9	Turtle	false	1.0	1.0	up
10	-1	329.0	0.16665596423331086	3.756242653256909	circle		9.9	Turtle	false	1.0	1.0	up
11	-1	344.0	0.3211429330743531	1.3775988081729618	circle		9.9	Turtle	false	1.0	1.0	up
12	-1	314.0	2.9390890366244666	-2.3868323535317963	circle		9.9	Turtle	false	1.0	1.0	up
13	-1	293.0	-2.6813336810923	-4.6821205959241645	circle		9.9	Turtle	false	1.0	1.0	up
14	-1	202.0	9.071885299310937	-2.5639537352716157	circle		9.9	Turtle	false	1.0	1.0	up
15	-1	343.0	-9.38112889944398	5.168319745622104	circle		9.9	Turtle	false	1.0	1.0	up
16	-1	236.0	-3.200225317672346	-7.553513173278676	circle		9.9	Turtle	false	1.0	1.0	up
17	-1	174.0	3.734219752884414	-6.689442804790142	circle		9.9	Turtle	false	1.0	1.0	up
18	-1	324.0	-6.236831822175379	1.5586826872317427	circle		9.9	Turtle	false	1.0	1.0	up
19	-1	313.0	0.46531588468554885	3.7168325368425843	circle		9.9	Turtle	false	1.0	1.0	up
20	-1	162.0	7.0527138428155025	-2.805555625820954	circle		9.9	Turtle	false	1.0	1.0	up
21	-1	113.0	11.633796965518666	4.631287955301335	circle		9.9	Turtle	false	1.0	1.0	up
22	-1	320.0	-3.544732909521226	-3.5026444533029117	circle		9.9	Turtle	false	1.0	1.0	up
23	-1	359.0	2.1277559940591795	9.426142171738105	circle		9.9	Turtle	false	1.0	1.0	up
24	-1	272.0	7.491926381642638	4.585011689306523	circle		9.9	Turtle	false	1.0	1.0	up
25	-1	352.0	7.672477184457546	10.70900670161849	circle		9.9	Turtle	false	1.0	1.0	up
26	-1	342.0	7.810303945231872	-0.08917146751228555	circle		9.9	Turtle	false	1.0	1.0	up
27	-1	302.0	-2.7740258337914825	-7.399154846789856	circle		9.9	Turtle	false	1.0	1.0	up
28	-1	302.0	2.1695092696786853	-4.317698888935718	circle		9.9	Turtle	false	1.0	1.0	up
29	-1	262.0	0.9829935877067316	6.251898267286264	circle		9.9	Turtle	false	1.0	1.0	up
30	-1	250.0	-4.146038911209186	7.864930049952434	circle		9.9	Turtle	false	1.0	1.0	up
31	-1	75.0	3.750960906209283	-1.9338858080893844	circle		9.9	Turtle	false	1.0	1.0	up
32	-1	70.0	2.7387345148870046	1.5790791897594723	circle		9.9	Turtle	false	1.0	1.0	up
33	-1	207.0	-8.933304927545388	-9.367563741234376	circle		9.9	Turtle	false	1.0	1.0	up
34	-1	166.0	8.121604652738094	-5.324452424017914	circle		9.9	Turtle	false	1.0	1.0	up
35	-1	163.0	2.88410192822288	-3.737071051550023	circle		9.9	Turtle	false	1.0	1.0	up
36	-1	243.0	2.407550470008048	9.614719297679661	circle		9.9	Turtle	false	1.0	1.0	up
37	-1	211.0	-7.440102034852065	5.323871159156003	circle		9.9	Turtle	false	1.0	1.0	up
38	-1	145.0	7.927225261314818	-9.298145075304458	circle		9.9	Turtle	false	1.0	1.0	up
39	-1	21.0	-9.295297979837887	6.294195527683126	circle		9.9	Turtle	false	1.0	1.0	up
40	-1	294.0	-4.274189729965725	-6.006026270427292	circle		9.9	Turtle	false	1.0	1.0	up
41	-1	108.0	-4.308864457237962	2.5030873048515963	circle		9.9	Turtle	false	1.0	1.0	up
42	-1	155.0	3.1220656613485867	-10.214928322578459	circle		9.9	Turtle	false	1.0	1.0	up
43	-1	336.0	10.128753437475375	6.902476199005147	circle		9.9	Turtle	false	1.0	1.0	up
44	-1	290.0	2.408733001258772	5.003126714722842	circle		9.9	Turtle	false	1.0	1.0	up
45	-1	315.0	6.80227367264784	-7.290014771719369	circle		9.9	Turtle	false	1.0	1.0	up
46	-1	91.0	6.2504548651806715	3.5155930797234793	circle		9.9	Turtle	false	1.0	1.0	up
47	-1	270.0	-2.948489739761186	-1.4206859644161831	circle		9.9	Turtle	false	1.0	1.0	up
48	-1	101.0	-1.6973430265099692	-4.991158942999251	circle		9.9	Turtle	false	1.0	1.0	up
49	-1	308.0	-5.888859870762592	10.37992739765549	circle		9.9	Turtle	false	1.0	1.0	up
50	-1	326.0	0.10308352192006953	12.80576786584311	circle		9.9	Turtle	false	1.0	1.0	up
51	-1	142.0	5.508200408532707	-0.06010429708131648	circle		9.9	Turtle	false	1.0	1.0	up
52	-1	120.0	-0.4097453920931132	-10.393105423434818	circle		9.9	Turtle	false	1.0	1.0	up
53	-1	20.0	-8.40800450759103	2.2451446089462186	circle		9.9	Turtle	false	1.0	1.0	up
54	-1	11.0	-6.799778081625322	5.030858792754824	circle		9.9	Turtle	false	1.0	1.0	up
55	-1	175.0	-5.611239442027057	-9.962405897650497	circle		9.9	Turtle	false	1.0	1.0	up
56	-1	42.0	-3.1917960141321617	4.489222128712766	circle		9.9	Turtle	false	1.0	1.0	up
57	-1	84.0	-3.9041401637419275	0.3286412693747783	circle		9.9	Turtle	false	1.0	1.0	up
58	-1	224.0	-11.447740705031597	-0.9490463025036036	circle		9.9	Turtle	false	1.0	1.0	up
59	-1	338.0	-4.173430612322671	9.269381623207286	circle		9.9	Turtle	false	1.0	1.0	up
60	-1	210.0	-5.850806526055081	-4.813011833569871	circle		9.9	Turtle	false	1.0	1.0	up
61	-1	173.0	3.579122380292677	-0.11250890040999584	circle		9.9	Turtle	false	1.0	1.0	up
62	-1	52.0	0.47987337212631054	7.658078414874132	circle		9.9	Turtle	false	1.0	1.0	up
63	-1	50.0	-4.90075933445386	1.9100441170220779	circle		9.9	Turtle	false	1.0	1.0	up
64	-1	213.0	2.5169272052406515	-12.160009133043651	circle		9.9	Turtle	false	1.0	1.0	up
65	-1	131.0	-3.6934716947555364	-0.8352880819135111	circle		9.9	Turtle	false	1.0	1.0	up
66	-1	3.0	-1.6214570111982445	5.409248940532543	circle		9.9	Turtle	false	1.0	1.0	up
67	-1	269.0	-8.38613957603259	-5.924536970876563	circle		9.9	Turtle	false	1.0	1.0	up
68	-1	9.0	-2.3766087415901302	3.122192976896097	circle		9.9	Turtle	false	1.0	1.0	up
69	-1	358.0	2.5334545022759634	8.227705097798355	circle		9.9	Turtle	false	1.0	1.0	up
70	-1	15.0	-0.5735236709937528	0.7688970615495846	circle		9.9	Turtle	false	1.0	1.0	up
71	-1	13.0	-3.7187756958076608	-4.170960504180784	circle		9.9	Turtle	false	1.0	1.0	up
72	-1	301.0	5.8220900402370415	-2.863822989911616	circle		9.9	Turtle	false	1.0	1.0	up
73	-1	158.0	1.8196818627440072	4.722894804966736	circle		9.9	Turtle	false	1.0	1.0	up
74	-1	134.0	5.3047470008456825	-6.884456566973825	circle		9.9	Turtle	false	1.0	1.0	up
75	-1	162.0	-5.584598912861968	-1.9959277424180888	circle		9.9	Turtle	false	1.0	1.0	up
76	-1	318.0	8.371475045417224	6.513436584665381	circle		9.9	Turtle	false	1.0	1.0	up
77	-1	338.0	2.7464108905079025	5.1120325210325115	circle		9.9	Turtle	false	1.0	1.0	up
78	-1	307.0	-9.437888896283065	-2.814405416159403	circle		9.9	Turtle	false	1.0	1.0	up
79	-1	87.0	4.814614664048491	2.6656090264511425	circle		9.9	Turtle	false	1.0	1.0	up
80	-1	204.0	6.937346007229533	1.553956917496948	circle		9.9	Turtle	false	1.0	1.0	up
81	-1	35.0	-3.3687261248227003	-1.7759699584105433	circle		9.9	Turtle	false	1.0	1.0	up
82	-1	292.0	3.819709528770704	-3.231140187866832	circle		9.9	Turtle	false	1.0	1.0	up
83	-1	58.0	-3.1548753918341292	-0.5185733283973819	circle		9.9	Turtle	false	1.0	1.0	up
84	-1	97.0	5.109994950012625	-3.5600596628777215	circle		9.9	Turtle	false	1.0	1.0	up
85	-1	46.0	-3.6726588373416993	4.052537907124862	circle		9.9	Turtle	false	1.0	1.0	up
86	-1	228.0	7.4877028150623115	8.414734889701457	circle		9.9	Turtle	false	1.0	1.0	up
87	-1	161.0	-6.65986570506443	-7.414412965033089	circle		9.9	Turtle	false	1.0	1.0	up
88	-1	136.0	10.007684448314636	3.8743073735441156	circle		9.9	Turtle	false	1.0	1.0	up
89	-1	141.0	3.532990627095491	2.7229350528458314	circle		9.9	Turtle	false	1.0	1.0	up
90	-1	147.0	-4.2037095623885445	-2.2166220734247846	circle		9.9	Turtle	false	1.0	1.0	up
91	-1	356.0	-0.8249109368383094	8.909194527154956	circle		9.9	Turtle	false	1.0	1.0	up
92	-1	245.0	2.1718343940958027	6.513477346935782	circle		9.9	Turtle	false	1.0	1.0	up
93	-1	137.0	-2.97459306399095	6.042727765537407	circle		9.9	Turtle	false	1.0	1.0	up
94	-1	233.0	-5.254005049041533	3.9573684781172727	circle		9.9	Turtle	false	1.0	1.0	up
95	-1	41.0	5.868199953726656	10.833131853903227	circle		9.9	Turtle	false	1.0	1.0	up
96	-1	332.0	-11.326618062855836	1.5845845398497453	circle		9.9	Turtle	false	1.0	1.0	up
97	-1	357.0	0.3268037749230586	-4.984061919796104	circle		9.9	Turtle	false	1.0	1.0	up
98	-1	17.0	1.2464757181235875	10.622281692726501	circle		9.9	Turtle	false	1.0	1.0	up
99	-1	61.0	6.813910868371637	-2.6431982767361957	circle		9.9	Turtle	false	1.0	1.0	up
100	-1	137.95587024888107	-6.9126400975763165	7.69180542387557	circle		9.9	Turtle	false	1.0	1.0	up
101	-1	189.72981090362055	1.9634280218899662	11.15318527732464	circle		9.9	Turtle	false	1.0	1.0	up
102	-1	295.87262669120594	-1.9874778393481365	1.8950433099297208	circle		9.9	Turtle	false	1.0	1.0	up
103	-1	162.09408445266013	5.7163931751637795	-10.074020779401737	circle		9.9	Turtle	false	1.0	1.0	up
104	-1	215.43066691696333	-5.025469976531205	-11.446835431600295	circle		9.9	Turtle	false	1.0	1.0	up
105	-1	305.0186040830505	1.3074495701987958	5.3117881526514426	circle		9.9	Turtle	false	1.0	1.0	up
106	-1	324.3660265459765	-6.711920634540872	-3.3163741378171565	circle		9.9	Turtle	false	1.0	1.0	up
107	-1	94.5306702475292	0.9574356141124153	-12.452966711716792	circle		9.9	Turtle	false	1.0	1.0	up
108	-1	103.20090779511287	10.466065153482974	8.559562598263183	circle		9.9	Turtle	false	1.0	1.0	up
109	-1	68.47636416825867	-3.144740681604711	3.366227084117728	circle		9.9	Turtle	false	1.0	1.0	up
110	-1	97.4989060300818	1.947372202705845	-6.639245920517945	circle		9.9	Turtle	false	1.0	1.0	up
111	-1	203.02349110996977	4.398912778643072	-9.275250009889742	circle		9.9	Turtle	false	1.0	1.0	up
112	-1	266.4125370618737	5.8579518933139685	-5.466372113732928	circle		9.9	Turtle	false	1.0	1.0	up
113	-1	0.20251623773106076	1.3758209328692736	0.2698637584700412	circle		9.9	Turtle	false	1.0	1.0	up
114	-1	303.1708874369414	-7.506090080681599	-0.6012101083279315	circle		9.9	Turtle	false	1.0	1.0	up
115	-1	123.2668177518064	-0.5484976814591063	1.584805941310235	circle		9.9	Turtle	false	1.0	1.0	up
116	-1	250.94121032216913	-5.839208625966719	7.986938351145544	circle		9.9	Turtle	false	1.0	1.0	up
117	-1	75.81907304199672	-1.8503948888392834	0.8475913377176872	circle		9.9	Turtle	false	1.0	1.0	up
118	-1	332.8794952863683	-0.841219029544044	-5.442132075405965	circle		9.9	Turtle	false	1.0	1.0	up
119	-1	282.35033909668175	-9.022746292360411	6.640338146397327	circle		9.9	Turtle	false	1.0	1.0	up
120	-1	12.223362226410927	9.736657739736492	2.5054484478366557	circle		9.9	Turtle	false	1.0	1.0	up
121	-1	131.45317435390547	10.524989945991639	-3.8474365360913905	circle		9.9	Turtle	false	1.0	1.0	up
122	-1	120.0706415014717	7.81724360369443	2.82160254410778	circle		9.9	Turtle	false	1.0	1.0	up
123	-1	285.6108965196138	5.065812885135015	9.195492088285175	circle		9.9	Turtle	false	1.0	1.0	up
124	-1	234.40808015252173	-7.575470149024085	-10.309664528152133	circle		9.9	Turtle	false	1.0	1.0	up
125	-1	329.5670761393695	-5.591073089742541	6.886313352417895	circle		9.9	Turtle	false	1.0	1.0	up
126	-1	113.80815743433885	9.70898021678047	-5.161284138111153	circle		9.9	Turtle	false	1.0	1.0	up
127	-1	319.61516589246537	-4.628988503266591	-8.2765873603823	circle		9.9	Turtle	false	1.0	1.0	up
128	-1	101.68142627650752	-1.6638830534410087	-3.1254557955083535	circle		9.9	Turtle	false	1.0	1.0	up
129	-1	18.2484045665376	-6.470212551416215	4.289074980462831	circle		9.9	Turtle	false	1.0	1.0	up
130	-1	197.20996643448564	-6.809206267381185	-8.997251253436762	circle		9.9	Turtle	false	1.0	1.0	up
131	-1	41.68886002830686	1.3700345438781203	-1.3672113268557138	circle		9.9	Turtle	false	1.0	1.0	up
132	-1	239.51228749707366	-7.246776640325271	9.580445501519126	circle		9.9	Turtle	false	1.0	1.0	up
133	-1	16.954919595504123	-2.7586900755117223	-9.175989781417018	circle		9.9	Turtle	false	1.0	1.0	up
134	-1	228.2022752393604	-7.944025322467425	-2.288218594589019	circle		9.9	Turtle	false	1.0	1.0	up
135	-1	8.82005380208966	1.593234674744006	3.121031613021897	circle		9.9	Turtle	false	1.0	1.0	up
136	-1	217.18277550368617	-1.6928779471883597	-12.084625816408652	circle		9.9	Turtle	false	1.0	1.0	up
137	-1	341.300897389443	-4.705266866722701	-6.89863995873352	circle		9.9	Turtle	false	1.0	1.0	up
138	-1	84.4444257359878	1.387969558516342	-10.357602334040859	circle		9.9	Turtle	false	1.0	1.0	up
139	-1	124.47592502732323	4.846017739240379	-11.696048635357156	circle		9.9	Turtle	false	1.0	1.0	up
140	-1	262.67023362302393	-6.390763880153012	-6.696865291825561	circle		9.9	Turtle	false	1.0	1.0	up
141	-1	47.89188705134052	6.047388486920946	7.998143584887469	circle		9.9	Turtle	false	1.0	1.0	up
142	-1	358.5896423535594	0.138293403415782	-7.354579195025694	circle		9.9	Turtle	false	1.0	1.0	up
143	-1	321.9830908236243	-7.047434080448622	2.5384317084693633	circle		9.9	Turtle	false	1.0	1.0	up
144	-1	265.6344880386514	11.106391650942506	0.7924196914026231	circle		9.9	Turtle	false	1.0	1.0	up
145	-1	163.6896186713367	6.774018440208979	-4.9309320063079785	circle		9.9	Turtle	false	1.0	1.0	up
146	-1	236.4097789297707	-10.100513851475382	0.40852131088973487	circle		9.9	Turtle	false	1.0	1.0	up
147	-1	186.1868391952013	4.279093376594575	3.8838359976034713	circle		9.9	Turtle	false	1.0	1.0	up
148	-1	38.68495161217504	-0.2515584618430673	-3.1879600311124356	circle		9.9	Turtle	false	1.0	1.0	up
149	-1	10.611011824667685	-4.410815968212526	-4.45238485133339	circle		9.9	Turtle	false	1.0	1.0	up
0	-1	20.0	-10.86139879354673	1.0624371169871638	circle		9.9	Turtle	false	1.0	1.0	up
1	-1	155.0	6.712301905033309	4.122623374143893	circle		9.9	Turtle	false	1.0	1.0	up
2	-1	238.0	9.115648257677913	-1.7714704462445203	circle		9.9	Turtle	false	1.0	1.0	up
3	-1	255.0	1.7555255400898995	-3.3189323034810516	circle		9.9	Turtle	false	1.0	1.0	up
4	-1	104.0	-0.12673627478035987	-0.9702696178802848	circle		9.9	Turtle	false	1.0	1.0	up
5	-1	173.0	6.472257260304776	-1.478499918038981	circle		9.9	Turtle	false	1.0	1.0	up
6	-1	65.0	7.152948169936554	-3.7072116700887277	circle		9.9	Turtle	false	1.0	1.0	up
7	-1	270.0	-8.010088669660636	-6.458680002850599	circle		9.9	Turtle	false	1.0	1.0	up
8	-1	74.0	4.693922797093586	-0.14386305638596997	circle		9.9	Turtle	false	1.0	1.0	up
9	-1	201.0	0.6057963669851063	4.821178967064397	circle		9.9	Turtle	false	1.0	1.0	up
10	-1	122.0	2.540371441498081	7.6142127876053864	circle		9.9	Turtle	false	1.0	1.0	up
11	-1	104.0	3.5136340074543253	2.885256147289148	circle		9.9	Turtle	false	1.0	1.0	up
12	-1	276.0	-0.30365662906909174	-1.3724133506989762	circle		9.9	Turtle	false	1.0	1.0	up
13	-1	307.0	-3.338887955981323	-3.8959850151089026	circle		9.9	Turtle	false	1.0	1.0	up
14	-1	69.0	11.341981276087244	-1.4799170500468732	circle		9.9	Turtle	false	1.0	1.0	up
15	-1	207.0	-7.847918361470965	3.1608851960314412	circle		9.9	Turtle	false	1.0	1.0	up
16	-1	322.0	-4.2215966816653925	-9.049828944690235	circle		9.9	Turtle	false	1.0	1.0	up
17	-1	45.0	3.1223723791561713	-6.792779541930577	circle		9.9	Turtle	false	1.0	1.0	up
18	-1	111.0	-5.872597766820069	0.517258295042591	circle		9.9	Turtle	false	1.0	1.0	up
19	-1	349.0	4.959903935297543	6.8074493166520815	circle		9.9	Turtle	false	1.0	1.0	up
20	-1	98.0	7.735904911812229	-2.7587099759491016	circle		9.9	Turtle	false	1.0	1.0	up
21	-1	63.0	12.166435540161734	4.151698028543681	circle		9.9	Turtle	false	1.0	1.0	up
22	-1	308.0	-2.790927380253352	-1.9391416775642307	circle		9.9	Turtle	false	1.0	1.0	up
23	-1	254.0	0.2897180720118704	7.953789751203448	circle		9.9	Turtle	false	1.0	1.0	up
24	-1	341.0	8.37419155615656	5.422398881166475	circle		9.9	Turtle	false	1.0	1.0	up
25	-1	153.0	8.126467684197094	9.818000177430122	circle		9.9	Turtle	false	1.0	1.0	up
26	-1	126.0	7.627706611548937	0.002669730971235018	circle		9.9	Turtle	false	1.0	1.0	up
27	-1	167.0	-1.7152645029695202	-8.041142527831111	circle		9.9	Turtle	false	1.0	1.0	up
28	-1	265.0	4.103689270255621	-5.2886874337837275	circle		9.9	Turtle	false	1.0	1.0	up
29	-1	192.0	2.1788163989169527	7.442642455407556	circle		9.9	Turtle	false	1.0	1.0	up
30	-1	313.0	-3.5411461510439004	9.58785585954819	circle		9.9	Turtle	false	1.0	1.0	up
31	-1	89.0	1.6898426487108673	0.1681631014392547	circle		9.9	Turtle	false	1.0	1.0	up
32	-1	293.0	1.2724210875704651	6.162047595630804	circle		9.9	Turtle	false	1.0	1.0	up
33	-1	239.0	-9.399741099758227	-8.962096962691989	circle		9.9	Turtle	false	1.0	1.0	up
34	-1	144.0	7.765959237912352	-8.25897268067118	circle		9.9	Turtle	false	1.0	1.0	up
35	-1	147.0	5.953752581407895	-1.5970038686707717	circle		9.9	Turtle	false	1.0	1.0	up
36	-1	179.0	2.33061948201296	7.904864613335744	circle		9.9	Turtle	false	1.0	1.0	up
37	-1	237.0	-8.159880709804034	5.028407049515911	circle		9.9	Turtle	false	1.0	1.0	up
38	-1	212.0	7.397305997081613	-10.146193171460883	circle		9.9	Turtle	false	1.0	1.0	up
39	-1	253.0	-8.455573852462063	6.802415254032474	circle		9.9	Turtle	false	1.0	1.0	up
40	-1	198.0	-3.2520002716334737	-2.7416392047201072	circle		9.9	Turtle	false	1.0	1.0	up
41	-1	305.0	-4.476475928636483	2.015274385526226	circle		9.9	Turtle	false	1.0	1.0	up
42	-1	34.0	2.6812585648193332	-9.385890750023417	circle		9.9	Turtle	false	1.0	1.0	up
43	-1	77.0	11.345045397860277	6.157131527073015	circle		9.9	Turtle	false	1.0	1.0	up
44	-1	293.0	4.153119102750094	3.665983553479433	circle		9.9	Turtle	false	1.0	1.0	up
45	-1	328.0	6.7188294916027	-4.766173523269421	circle		9.9	Turtle	false	1.0	1.0	up
46	-1	173.0	9.469223446269906	4.15057028795198	circle		9.9	Turtle	false	1.0	1.0	up
47	-1	28.0	-3.6893868403497954	-0.5028665607232683	circle		9.9	Turtle	false	1.0	1.0	up
48	-1	114.0	-3.144726046614255	-7.3256861746972435	circle		9.9	Turtle	false	1.0	1.0	up
49	-1	8.0	-5.749686769802526	11.37019546639706	circle		9.9	Turtle	false	1.0	1.0	up
50	-1	326.0	0.10308352192006953	12.80576786584311	circle		9.9	Turtle	false	1.0	1.0	up
51	-1	8.0	4.3286081584980165	1.3254718530674259	circle		9.9	Turtle	false	1.0	1.0	up
52	-1	164.0	-0.6345126881535236	-10.77642216376627	circle		9.9	Turtle	false	1.0	1.0	up
53	-1	149.0	-6.966100801051367	-2.087785646944204	circle		9.9	Turtle	false	1.0	1.0	up
54	-1	351.0	-5.213989673161209	7.528487395361313	circle		9.9	Turtle	false	1.0	1.0	up
55	-1	350.0	-4.920272763038865	-10.392739761415104	circle		9.9	Turtle	false	1.0	1.0	up
56	-1	54.0	1.8069895158140905	4.2748070831912734	circle		9.9	Turtle	false	1.0	1.0	up
57	-1	84.0	-1.7110740434218308	3.1013978809035367	circle		9.9	Turtle	false	1.0	1.0	up
58	-1	207.0	-11.849077013409847	-0.25908651169256414	circle		9.9	Turtle	false	1.0	1.0	up
59	-1	230.0	-7.162581367017395	8.262038125657268	circle		9.9	Turtle	false	1.0	1.0	up
60	-1	114.0	-5.953303973583858	-3.1009131626867075	circle		9.9	Turtle	false	1.0	1.0	up
61	-1	164.0	3.3343263296247643	-1.6976091497409462	circle		9.9	Turtle	false	1.0	1.0	up
62	-1	321.0	-0.4260691313460061	8.42379739780924	circle		9.9	Turtle	false	1.0	1.0	up
63	-1	89.0	-4.3932759037387035	1.2354745288926303	circle		9.9	Turtle	false	1.0	1.0	up
64	-1	326.0	1.870578559022246	-10.334776862396865	circle		9.9	Turtle	false	1.0	1.0	up
65	-1	177.0	-1.6450162115852085	-6.124392041808693	circle		9.9	Turtle	false	1.0	1.0	up
66	-1	245.0	0.3962930600632628	7.10596490953444	circle		9.9	Turtle	false	1.0	1.0	up
67	-1	207.0	-7.95398635398586	-8.286205082417373	circle		9.9	Turtle	false	1.0	1.0	up
68	-1	348.0	-2.8995007806355626	1.0546302909796719	circle		9.9	Turtle	false	1.0	1.0	up
69	-1	187.0	0.5864866892438492	4.827774486965522	circle		9.9	Turtle	false	1.0	1.0	up
70	-1	359.0	-5.0251528263198075	2.626664461633742	circle		9.9	Turtle	false	1.0	1.0	up
71	-1	205.0	-0.19612176258621788	-5.087672040490545	circle		9.9	Turtle	false	1.0	1.0	up
72	-1	226.0	5.046094945764692	-0.8312662368902357	circle		9.9	Turtle	false	1.0	1.0	up
73	-1	319.0	-1.3969910883850816	2.9608085651888363	circle		9.9	Turtle	false	1.0	1.0	up
74	-1	109.0	6.796894513989024	-5.28195288326838	circle		9.9	Turtle	false	1.0	1.0	up
75	-1	90.0	-7.311797654208151	-2.369761748129421	circle		9.9	Turtle	false	1.0	1.0	up
76	-1	6.0	3.9175086222395	7.865974465164924	circle		9.9	Turtle	false	1.0	1.0	up
77	-1	59.0	1.0003052753984387	9.225355201397496	circle		9.9	Turtle	false	1.0	1.0	up
78	-1	246.0	-9.563423600318943	-4.836803534560862	circle		9.9	Turtle	false	1.0	1.0	up
79	-1	48.0	5.365411918594909	3.6748502960654883	circle		9.9	Turtle	false	1.0	1.0	up
80	-1	206.0	6.386594294162563	1.0830021282547158	circle		9.9	Turtle	false	1.0	1.0	up
81	-1	218.0	-2.829875058476889	-1.365967279171124	circle		9.9	Turtle	false	1.0	1.0	up
82	-1	59.0	4.661768790338359	-4.074393051426298	circle		9.9	Turtle	false	1.0	1.0	up
83	-1	350.0	0.3085846210628578	-2.851577850578939	circle		9.9	Turtle	false	1.0	1.0	up
84	-1	128.0	6.8964298090544265	-4.29823966572804	circle		9.9	Turtle	false	1.0	1.0	up
85	-1	200.0	-5.674178764951189	4.445562016370696	circle		9.9	Turtle	false	1.0	1.0	up
86	-1	270.0	7.577239831163308	5.077986399864987	circle		9.9	Turtle	false	1.0	1.0	up
87	-1	38.0	-6.073210602542023	-6.2115917546493025	circle		9.9	Turtle	false	1.0	1.0	up
88	-1	175.0	11.794289772502724	2.5013537738162492	circle		9.9	Turtle	false	1.0	1.0	up
89	-1	127.0	5.620862874144241	7.225479405714202	circle		9.9	Turtle	false	1.0	1.0	up
90	-1	243.0	-2.672766437028435	1.3605390543174776	circle		9.9	Turtle	false	1.0	1.0	up
91	-1	234.0	-1.6339279312132566	8.321409274862482	circle		9.9	Turtle	false	1.0	1.0	up
92	-1	125.0	1.4602900299308255	2.7921863829746156	circle		9.9	Turtle	false	1.0	1.0	up
93	-1	106.0	0.3609724402449971	6.01600934808831	circle		9.9	Turtle	false	1.0	1.0	up
94	-1	190.0	0.004492349663248074	2.093854854075955	circle		9.9	Turtle	false	1.0	1.0	up
95	-1	49.0	6.622909533949428	11.489190882893734	circle		9.9	Turtle	false	1.0	1.0	up
96	-1	259.0	-10.094167791645702	0.16739265836190675	circle		9.9	Turtle	false	1.0	1.0	up
97	-1	252.0	2.216640765727707	-4.097943681870248	circle		9.9	Turtle	false	1.0	1.0	up
98	-1	284.0	1.2578071752952547	10.673394592949624	circle		9.9	Turtle	false	1.0	1.0	up
99	-1	261.0	3.462644715676214	-3.275953445506791	circle		9.9	Turtle	false	1.0	1.0	up
100	-1	170.7868725157242	-6.907459928895427	6.689154275269483	circle		9.9	Turtle	false	1.0	1.0	up
101	-1	14.288763630575318	1.8659285269020542	13.0611060101523	circle		9.9	Turtle	false	1.0	1.0	up
102	-1	116.34616298468018	-6.1827794995032015	2.3362523469140095	circle		9.9	Turtle	false	1.0	1.0	up
103	-1	181.98161395281346	5.681814381830675	-11.073422754110425	circle		9.9	Turtle	false	1.0	1.0	up
104	-1	197.16455015272118	-5.320586923476286	-12.402296570331648	circle		9.9	Turtle	false	1.0	1.0	up
105	-1	251.8409650775809	2.5664216288370634	6.462592349230929	circle		9.9	Turtle	false	1.0	1.0	up
106	-1	315.0742912622951	-7.980074600268684	-4.075674255259608	circle		9.9	Turtle	false	1.0	1.0	up
107	-1	120.91077396340046	1.815403937786452	-12.966669306193367	circle		9.9	Turtle	false	1.0	1.0	up
108	-1	229.8722303660395	8.147898066655564	6.654306671761192	circle		9.9	Turtle	false	1.0	1.0	up
109	-1	61.01296234467054	-3.4239947205692154	5.114465816724967	circle		9.9	Turtle	false	1.0	1.0	up
110	-1	292.17275653765034	0.7682394371189936	-3.8273573040314717	circle		9.9	Turtle	false	1.0	1.0	up
111	-1	335.3232041280162	3.9814136744043376	-8.366572675540604	circle		9.9	Turtle	false	1.0	1.0	up
112	-1	27.58584574370002	5.12952240854216	-6.169121207133611	circle		9.9	Turtle	false	1.0	1.0	up
113	-1	358.64952603906136	1.6979047552781907	-0.8747412418829389	circle		9.9	Turtle	false	1.0	1.0	up
114	-1	75.48475388709221	-5.620797638453283	-0.7489732167685453	circle		9.9	Turtle	false	1.0	1.0	up
115	-1	352.28046128703545	0.44123503888722404	1.9858652454461438	circle		9.9	Turtle	false	1.0	1.0	up
116	-1	358.42249786973935	-5.277442796398687	9.832558746207614	circle		9.9	Turtle	false	1.0	1.0	up
117	-1	311.83798930949877	-1.6917786527073413	3.1813847617479905	circle		9.9	Turtle	false	1.0	1.0	up
118	-1	97.70691664599246	0.7797670221280293	-6.452533669052222	circle		9.9	Turtle	false	1.0	1.0	up
119	-1	121.20740716905203	-10.05000659200465	6.045230784575751	circle		9.9	Turtle	false	1.0	1.0	up
120	-1	20.360740220303796	8.287370313682043	2.6490314457655	circle		9.9	Turtle	false	1.0	1.0	up
121	-1	131.45317435390547	10.524989945991639	-3.8474365360913905	circle		9.9	Turtle	false	1.0	1.0	up
122	-1	308.3996462780493	6.241126861872557	3.357689256999896	circle		9.9	Turtle	false	1.0	1.0	up
123	-1	204.44806836492296	4.46912695008575	9.398497408224147	circle		9.9	Turtle	false	1.0	1.0	up
124	-1	169.46162135346037	-6.664027907873272	-11.444478196129099	circle		9.9	Turtle	false	1.0	1.0	up
125	-1	357.7578422775423	-3.4353438177350526	8.035073249820307	circle		9.9	Turtle	false	1.0	1.0	up
126	-1	113.80815743433885	9.70898021678047	-5.161284138111153	circle		9.9	Turtle	false	1.0	1.0	up
127	-1	296.7938281877338	-6.610481328577959	-9.00026052552881	circle		9.9	Turtle	false	1.0	1.0	up
128	-1	288.7315090239926	-1.089120482132882	-2.4063122663473027	circle		9.9	Turtle	false	1.0	1.0	up
129	-1	11.806908581044922	-4.5271788884632835	3.925558893132647	circle		9.9	Turtle	false	1.0	1.0	up
130	-1	273.5734923264548	-8.421530448249056	-10.110940972522764	circle		9.9	Turtle	false	1.0	1.0	up
131	-1	220.61394012192875	2.124456196534143	-5.610540494314452	circle		9.9	Turtle	false	1.0	1.0	up
132	-1	348.19042580784026	-7.609702320102074	10.400500208640295	circle		9.9	Turtle	false	1.0	1.0	up
133	-1	223.53319074588103	-2.241949335535807	-11.21695688152303	circle		9.9	Turtle	false	1.0	1.0	up
134	-1	79.74268782953425	-9.355157664619496	-1.8236434645336033	circle		9.9	Turtle	false	1.0	1.0	up
135	-1	83.9680494987374	-1.819230917480891	4.891857336804072	circle		9.9	Turtle	false	1.0	1.0	up
136	-1	2.069424058730192	-0.22330601583745807	-10.72503716943952	circle		9.9	Turtle	false	1.0	1.0	up
137	-1	322.771296729072	-5.148506576547805	-7.8299397322797955	circle		9.9	Turtle	false	1.0	1.0	up
138	-1	307.7349672799036	0.5971193842590629	-9.745592528664154	circle		9.9	Turtle	false	1.0	1.0	up
139	-1	233.31576811922423	4.04407765557565	-12.293453106558879	circle		9.9	Turtle	false	1.0	1.0	up
140	-1	240.34644501452806	-4.921128522846904	-6.050007707281783	circle		9.9	Turtle	false	1.0	1.0	up
141	-1	218.81214224844507	6.211088645844954	7.411119571955734	circle		9.9	Turtle	false	1.0	1.0	up
142	-1	33.126073995274965	1.7145523748754177	-8.033157728751458	circle		9.9	Turtle	false	1.0	1.0	up
143	-1	213.59008381509108	-8.44326170260992	1.495121456435505	circle		9.9	Turtle	false	1.0	1.0	up
144	-1	265.6344880386514	11.106391650942506	0.7924196914026231	circle		9.9	Turtle	false	1.0	1.0	up
145	-1	66.8438390822605	6.683670793136987	-8.298070080114671	circle		9.9	Turtle	false	1.0	1.0	up
146	-1	358.1169663378314	-10.93261652106392	3.2286256768839445	circle		9.9	Turtle	false	1.0	1.0	up
147	-1	94.1485464111554	6.513000531272803	1.1204328848943348	circle		9.9	Turtle	false	1.0	1.0	up
148	-1	168.3713045576867	-1.6109136019050732	-4.448044480809116	circle		9.9	Turtle	false	1.0	1.0	up
149	-1	96.9808498871115	-3.389331629008325	-5.817870887479498	circle		9.9	Turtle	false	1.0	1.0	up
0	-1	300.0	-10.897679215873733	1.2927456657135572	circle		9.9	Turtle	false	1.0	1.0	up
1	-1	96.0	7.047126274558109	2.6851097288295693	circle		9.9	Turtle	false	1.0	1.0	up
2	-1	227.0	6.36248915257476	-6.092965128890363	circle		9.9	Turtle	false	1.0	1.0	up
3	-1	198.0	-3.836689237216475	-3.158962647445539	circle		9.9	Turtle	false	1.0	1.0	up
4	-1	185.0	-0.14935299947466862	3.149362474857048	circle		9.9	Turtle	false	1.0	1.0	up
5	-1	254.0	8.123965319520876	-2.264803309888995	circle		9.9	Turtle	false	1.0	1.0	up
6	-1	274.0	2.3731351981612865	-3.4427088708965816	circle		9.9	Turtle	false	1.0	1.0	up
7	-1	265.0	-7.733642898874131	-5.501663247883171	circle		9.9	Turtle	false	1.0	1.0	up
8	-1	87.0	2.9477421404708295	-8.63241232993299E-4	circle		9.9	Turtle	false	1.0	1.0	up
9	-1	20.0	0.7225145432944968	6.707967653033837	circle		9.9	Turtle	false	1.0	1.0	up
10	-1	222.0	2.8584865009185867	5.25425664321446	circle		9.9	Turtle	false	1.0	1.0	up
11	-1	188.0	6.364209964173444	-0.6752942352131449	circle		9.9	Turtle	false	1.0	1.0	up
12	-1	30.0	1.1406357885566754	1.6517524773013381	circle		9.9	Turtle	false	1.0	1.0	up
13	-1	162.0	-2.3881960855871847	-5.560539176700256	circle		9.9	Turtle	false	1.0	1.0	up
14	-1	239.0	10.484813975385132	-1.9949551249569277	circle		9.9	Turtle	false	1.0	1.0	up
15	-1	73.0	-6.455771568776449	3.363357016232247	circle		9.9	Turtle	false	1.0	1.0	up
16	-1	224.0	-4.260196023133883	-10.523878325251658	circle		9.9	Turtle	false	1.0	1.0	up
17	-1	232.0	-1.9342000489164373	-8.723102252358242	circle		9.9	Turtle	false	1.0	1.0	up
18	-1	320.0	-6.2335254261890585	3.810692624847062	circle		9.9	Turtle	false	1.0	1.0	up
19	-1	250.0	5.935254184207158	4.092999138849834	circle		9.9	Turtle	false	1.0	1.0	up
20	-1	131.0	5.416874446099605	-6.696718050637643	circle		9.9	Turtle	false	1.0	1.0	up
21	-1	141.0	11.419518543666165	3.410590111377556	circle		9.9	Turtle	false	1.0	1.0	up
22	-1	345.0	-2.3471707662047825	-1.1916162939603847	circle		9.9	Turtle	false	1.0	1.0	up
23	-1	6.0	-0.7055693038236068	6.985491001148935	circle		9.9	Turtle	false	1.0	1.0	up
24	-1	293.0	9.029516762490262	5.82640347649456	circle		9.9	Turtle	false	1.0	1.0	up
25	-1	153.0	8.126467684197094	9.818000177430122	circle		9.9	Turtle	false	1.0	1.0	up
26	-1	180.0	8.938869833093468	-3.0400482227262016	circle		9.9	Turtle	false	1.0	1.0	up
27	-1	186.0	-4.3536964324676415	-7.390732207741613	circle		9.9	Turtle	false	1.0	1.0	up
28	-1	290.0	5.74764557239721	-4.613327098747414	circle		9.9	Turtle	false	1.0	1.0	up
29	-1	355.0	1.0406098494887612	10.66320778301234	circle		9.9	Turtle	false	1.0	1.0	up
30	-1	313.0	-3.5411461510439004	9.58785585954819	circle		9.9	Turtle	false	1.0	1.0	up
31	-1	249.0	0.6616167922397729	0.8905069768300549	circle		9.9	Turtle	false	1.0	1.0	up
32	-1	240.0	-1.043021572483392	5.002944500743256	circle		9.9	Turtle	false	1.0	1.0	up
33	-1	239.0	-9.399741099758227	-8.962096962691989	circle		9.9	Turtle	false	1.0	1.0	up
34	-1	120.0	8.470069341197092	-11.353974431716317	circle		9.9	Turtle	false	1.0	1.0	up
35	-1	310.0	9.238741748925303	-0.21716775038521807	circle		9.9	Turtle	false	1.0	1.0	up
36	-1	28.0	3.4135618225294952	8.073466382716063	circle		9.9	Turtle	false	1.0	1.0	up
37	-1	34.0	-7.190624247331425	6.537158218384024	circle		9.9	Turtle	false	1.0	1.0	up
38	-1	74.0	9.893963142669183	-10.310823376145876	circle		9.9	Turtle	false	1.0	1.0	up
39	-1	270.0	-9.549871797359302	6.3582609139075945	circle		9.9	Turtle	false	1.0	1.0	up
40	-1	140.0	-1.9893499712123666	-5.1506663913652675	circle		9.9	Turtle	false	1.0	1.0	up
41	-1	213.0	-6.2538440282424315	2.072770722960694	circle		9.9	Turtle	false	1.0	1.0	up
42	-1	0.0	3.194080701010655	-9.841106699812697	circle		9.9	Turtle	false	1.0	1.0	up
43	-1	77.0	11.345045397860277	6.157131527073015	circle		9.9	Turtle	false	1.0	1.0	up
44	-1	355.0	7.034444846612877	7.1444994439763	circle		9.9	Turtle	false	1.0	1.0	up
45	-1	139.0	9.174494350874847	-5.6625151539468925	circle		9.9	Turtle	false	1.0	1.0	up
46	-1	55.0	13.257834793007955	4.845539092463632	circle		9.9	Turtle	false	1.0	1.0	up
47	-1	285.0	-4.571828977076254	1.5939942294868488	circle		9.9	Turtle	false	1.0	1.0	up
48	-1	222.0	-4.2925958564424995	-5.649732687243535	circle		9.9	Turtle	false	1.0	1.0	up
49	-1	8.0	-5.749686769802526	11.37019546639706	circle		9.9	Turtle	false	1.0	1.0	up
50	-1	326.0	0.10308352192006953	12.80576786584311	circle		9.9	Turtle	false	1.0	1.0	up
51	-1	51.0	7.336613547037481	3.7851180477086483	circle		9.9	Turtle	false	1.0	1.0	up
52	-1	241.0	0.36021155954354733	-9.078786379573529	circle		9.9	Turtle	false	1.0	1.0	up
53	-1	335.0	-10.151243666817392	-0.3884523621078442	circle		9.9	Turtle	false	1.0	1.0	up
54	-1	130.0	-5.371865485704397	5.184050357779606	circle		9.9	Turtle	false	1.0	1.0	up
55	-1	250.0	-6.088357810154358	-7.316714790774507	circle		9.9	Turtle	false	1.0	1.0	up
56	-1	120.0	1.474034662503478	1.389864131714634	circle		9.9	Turtle	false	1.0	1.0	up
57	-1	65.0	-3.2051451516336984	2.2155220647688973	circle		9.9	Turtle	false	1.0	1.0	up
58	-1	215.0	-12.422653449760892	-1.0782385559815562	circle		9.9	Turtle	false	1.0	1.0	up
59	-1	332.0	-6.181853502144171	7.861957646221607	circle		9.9	Turtle	false	1.0	1.0	up
60	-1	292.0	-5.400779255252206	-0.8664233456597414	circle		9.9	Turtle	false	1.0	1.0	up
61	-1	317.0	3.9428745746521825	-0.8192162356292326	circle		9.9	Turtle	false	1.0	1.0	up
62	-1	64.0	1.5497415718344256	7.914553860879916	circle		9.9	Turtle	false	1.0	1.0	up
63	-1	111.0	-0.5394193557971979	1.8612537218323897	circle		9.9	Turtle	false	1.0	1.0	up
64	-1	206.0	1.0106724508306915	-11.662528001815412	circle		9.9	Turtle	false	1.0	1.0	up
65	-1	344.0	-4.691060408874852	-5.081672589925534	circle		9.9	Turtle	false	1.0	1.0	up
66	-1	9.0	0.6967512587607333	6.3797746338139785	circle		9.9	Turtle	false	1.0	1.0	up
67	-1	207.0	-7.95398635398586	-8.286205082417373	circle		9.9	Turtle	false	1.0	1.0	up
68	-1	20.0	-2.9157072894034033	-1.0760676869356773	circle		9.9	Turtle	false	1.0	1.0	up
69	-1	319.0	1.7489181814747639	3.780550928405127	circle		9.9	Turtle	false	1.0	1.0	up
70	-1	260.0	-3.0559635475799194	4.002867390404437	circle		9.9	Turtle	false	1.0	1.0	up
71	-1	117.0	-1.8012095269710575	-7.154969987574042	circle		9.9	Turtle	false	1.0	1.0	up
72	-1	208.0	6.674145131715524	-2.3895493123692546	circle		9.9	Turtle	false	1.0	1.0	up
73	-1	275.0	-3.335591613799158	5.766933219154746	circle		9.9	Turtle	false	1.0	1.0	up
74	-1	237.0	7.448029189737857	-3.6756872562921314	circle		9.9	Turtle	false	1.0	1.0	up
75	-1	293.0	-8.738330460491348	-3.448642504659261	circle		9.9	Turtle	false	1.0	1.0	up
76	-1	74.0	8.501831844983872	6.838639871281915	circle		9.9	Turtle	false	1.0	1.0	up
77	-1	264.0	-0.19542817425410364	8.397609924613707	circle		9.9	Turtle	false	1.0	1.0	up
78	-1	218.0	-11.57956938362263	-5.563667822752688	circle		9.9	Turtle	false	1.0	1.0	up
79	-1	338.0	7.064403782699287	4.537186841390842	circle		9.9	Turtle	false	1.0	1.0	up
80	-1	301.0	4.591348858400645	1.6290429720601458	circle		9.9	Turtle	false	1.0	1.0	up
81	-1	335.0	-3.792168637389235	-1.3824612952565793	circle		9.9	Turtle	false	1.0	1.0	up
82	-1	263.0	3.4866073131100923	-4.878881687343546	circle		9.9	Turtle	false	1.0	1.0	up
83	-1	10.0	-1.6947880732376428	-1.4196134485820289	circle		9.9	Turtle	false	1.0	1.0	up
84	-1	74.0	7.233529261445626	-4.2970612642088115	circle		9.9	Turtle	false	1.0	1.0	up
85	-1	40.0	-5.598591780693443	2.706954865757439	circle		9.9	Turtle	false	1.0	1.0	up
86	-1	279.0	6.502901875123387	6.739389763942457	circle		9.9	Turtle	false	1.0	1.0	up
87	-1	88.0	-3.567132326435118	-8.248814632004434	circle		9.9	Turtle	false	1.0	1.0	up
88	-1	1.0	11.811742178940008	3.5012014689726403	circle		9.9	Turtle	false	1.0	1.0	up
89	-1	90.0	8.521402126676112	7.981121560374358	circle		9.9	Turtle	false	1.0	1.0	up
90	-1	99.0	-3.3449390728691992	-0.3882491301297276	circle		9.9	Turtle	false	1.0	1.0	up
91	-1	102.0	-0.655780330479451	8.113497584044723	circle		9.9	Turtle	false	1.0	1.0	up
92	-1	346.0	1.8234414720737133	-0.05098695502535777	circle		9.9	Turtle	false	1.0	1.0	up
93	-1	204.0	2.398766255732098	6.158411353193356	circle		9.9	Turtle	false	1.0	1.0	up
94	-1	182.0	1.7005356255465822	-2.7310806286109224	circle		9.9	Turtle	false	1.0	1.0	up
95	-1	282.0	5.644761933215622	11.697102573711494	circle		9.9	Turtle	false	1.0	1.0	up
96	-1	89.0	-7.715967079600385	2.8217192197088057	circle		9.9	Turtle	false	1.0	1.0	up
97	-1	163.0	1.543211547270808	-10.045537103026872	circle		9.9	Turtle	false	1.0	1.0	up
98	-1	204.0	-0.5443885392166289	10.242902011514222	circle		9.9	Turtle	false	1.0	1.0	up
99	-1	287.0	0.8920392416986399	-2.5439800010952562	circle		9.9	Turtle	false	1.0	1.0	up
100	-1	310.76459824368715	-6.999586944614899	8.088708430612671	circle		9.9	Turtle	false	1.0	1.0	up
101	-1	14.288763630575318	1.8659285269020542	13.0611060101523	circle		9.9	Turtle	false	1.0	1.0	up
102	-1	187.72439589922203	-8.040573844163477	3.5645122191354357	circle		9.9	Turtle	false	1.0	1.0	up
103	-1	335.25341487593306	5.33502542758214	-10.99384497030353	circle		9.9	Turtle	false	1.0	1.0	up
104	-1	93.81569980298997	-4.322803652570213	-12.468843879067459	circle		9.9	Turtle	false	1.0	1.0	up
105	-1	114.83250170766996	5.191494261900227	5.227436616910208	circle		9.9	Turtle	false	1.0	1.0	up
106	-1	284.2012333246888	-9.85602981401783	-4.964568184406245	circle		9.9	Turtle	false	1.0	1.0	up
107	-1	196.7962836746259	2.538236124677272	-12.01387806174935	circle		9.9	Turtle	false	1.0	1.0	up
108	-1	69.83724631558471	10.372246876093051	8.660734104377843	circle		9.9	Turtle	false	1.0	1.0	up
109	-1	295.53380304989787	-4.459435125024725	7.414037394675567	circle		9.9	Turtle	false	1.0	1.0	up
110	-1	31.964183471295655	2.211086778795967	-3.902028490929249	circle		9.9	Turtle	false	1.0	1.0	up
111	-1	281.71543159031125	2.373769229094717	-7.25956001156717	circle		9.9	Turtle	false	1.0	1.0	up
112	-1	122.45248400139661	6.7321959062178	-7.357002074725624	circle		9.9	Turtle	false	1.0	1.0	up
113	-1	222.89149765203263	2.697641158970779	-2.1596458243460095	circle		9.9	Turtle	false	1.0	1.0	up
114	-1	181.05517193838222	-5.434998340627646	-2.724307774571497	circle		9.9	Turtle	false	1.0	1.0	up
115	-1	114.35229568617922	3.572422593790468	2.955202606723294	circle		9.9	Turtle	false	1.0	1.0	up
116	-1	358.42249786973935	-5.277442796398687	9.832558746207614	circle		9.9	Turtle	false	1.0	1.0	up
117	-1	242.3817495793598	-5.167869770302103	3.414060093222069	circle		9.9	Turtle	false	1.0	1.0	up
118	-1	322.03879404325016	1.1193054149915787	-5.651676736142226	circle		9.9	Turtle	false	1.0	1.0	up
119	-1	225.61053801651656	-10.869249164590105	5.066706424867379	circle		9.9	Turtle	false	1.0	1.0	up
120	-1	94.04917611062262	9.872938110286183	3.437706834863698	circle		9.9	Turtle	false	1.0	1.0	up
121	-1	85.60162399080514	11.522044872341155	-3.770745768445206	circle		9.9	Turtle	false	1.0	1.0	up
122	-1	112.93553641866168	9.024079899713618	4.995496187198919	circle		9.9	Turtle	false	1.0	1.0	up
123	-1	40.90030825479164	5.109291521947952	9.47487625185138	circle		9.9	Turtle	false	1.0	1.0	up
124	-1	153.84635173244192	-6.22324807283563	-12.342093446124435	circle		9.9	Turtle	false	1.0	1.0	up
125	-1	58.76627759955238	-2.5802845992718586	8.553603608546885	circle		9.9	Turtle	false	1.0	1.0	up
126	-1	105.42672426831712	10.672951653744752	-5.427289906313683	circle		9.9	Turtle	false	1.0	1.0	up
127	-1	36.607493674856016	-6.630278197797333	-9.496086183241335	circle		9.9	Turtle	false	1.0	1.0	up
128	-1	43.62027222833808	-0.765212063258963	0.4684274918961272	circle		9.9	Turtle	false	1.0	1.0	up
129	-1	121.10759409848174	-3.360173518135027	4.875961452292625	circle		9.9	Turtle	false	1.0	1.0	up
130	-1	228.6464454292963	-9.172177347736344	-10.771644561350705	circle		9.9	Turtle	false	1.0	1.0	up
131	-1	332.7349195238047	3.144364710434675	-5.476075862545104	circle		9.9	Turtle	false	1.0	1.0	up
132	-1	354.50806553368	-7.206766235103718	10.243527038570983	circle		9.9	Turtle	false	1.0	1.0	up
133	-1	119.30040826261751	-2.3629266402950053	-11.58859402373453	circle		9.9	Turtle	false	1.0	1.0	up
134	-1	80.279182549594	-8.369515478351513	-1.6547959574484439	circle		9.9	Turtle	false	1.0	1.0	up
135	-1	207.22555644290304	-2.3388961977620806	2.0963682782715187	circle		9.9	Turtle	false	1.0	1.0	up
136	-1	294.2847606789684	-0.9160402585061288	-10.793200716240184	circle		9.9	Turtle	false	1.0	1.0	up
137	-1	270.58854690576254	-3.5104092674632548	-7.19732312905245	circle		9.9	Turtle	false	1.0	1.0	up
138	-1	200.0614108482169	-2.4903509609766497	-10.246033492520107	circle		9.9	Turtle	false	1.0	1.0	up
139	-1	347.6239133629001	5.226063898447223	-9.49771588390167	circle		9.9	Turtle	false	1.0	1.0	up
140	-1	199.50663320315618	-6.559717552586624	-4.509526914277788	circle		9.9	Turtle	false	1.0	1.0	up
141	-1	39.16511114222567	6.4879687613590455	10.07268639506941	circle		9.9	Turtle	false	1.0	1.0	up
142	-1	187.75661078466987	-1.444635489062856	-8.27069122390213	circle		9.9	Turtle	false	1.0	1.0	up
143	-1	93.74707082953466	-6.642389337420655	0.3753682572674613	circle		9.9	Turtle	false	1.0	1.0	up
144	-1	265.6344880386514	11.106391650942506	0.7924196914026231	circle		9.9	Turtle	false	1.0	1.0	up
145	-1	227.7275323802349	3.607528192956005	-8.341507835699865	circle		9.9	Turtle	false	1.0	1.0	up
146	-1	295.7593742546677	-10.745351212306803	3.7836083234424533	circle		9.9	Turtle	false	1.0	1.0	up
147	-1	257.2527066667735	7.37024287974475	1.5060769075290068	circle		9.9	Turtle	false	1.0	1.0	up
148	-1	89.38846668939732	-0.3087315918489565	-2.2631602270515994	circle		9.9	Turtle	false	1.0	1.0	up
149	-1	126.02428260157785	-0.6443304160992217	-6.128751502759827	circle		9.9	Turtle	false	1.0	1.0	up
0	-1	300.0	-10.897679215873733	1.2927456657135572	circle		9.9	Turtle	false	1.0	1.0	up
1	-1	104.0	6.67753492116935	0.9971102747849092	circle		9.9	Turtle	false	1.0	1.0	up
2	-1	74.0	8.226407700752203	-5.648864889668043	circle		9.9	Turtle	false	1.0	1.0	up
3	-1	148.0	-5.23990470636567	-6.317730813184176	circle		9.9	Turtle	false	1.0	1.0	up
4	-1	283.0	-3.900118021854175	2.5733120731597867	circle		9.9	Turtle	false	1.0	1.0	up
5	-1	358.0	8.089065822818375	-1.2654124828698992	circle		9.9	Turtle	false	1.0	1.0	up
6	-1	151.0	2.658518889653766	-4.828732713712283	circle		9.9	Turtle	false	1.0	1.0	up
7	-1	47.0	-7.570725985300488	-3.782577284049451	circle		9.9	Turtle	false	1.0	1.0	up
8	-1	247.0	2.140121534717114	1.0494348870447947	circle		9.9	Turtle	false	1.0	1.0	up
9	-1	307.0	0.7265964590360015	3.7688969373611454	circle		9.9	Turtle	false	1.0	1.0	up
10	-1	292.0	2.1844869819977637	6.541702328253691	circle		9.9	Turtle	false	1.0	1.0	up
11	-1	244.0	6.800137046651357	1.6829930947120473	circle		9.9	Turtle	false	1.0	1.0	up
12	-1	124.0	-1.4043111715188523	-0.20993301059237957	circle		9.9	Turtle	false	1.0	1.0	up
13	-1	353.0	-5.623274438126195	-3.978088767818671	circle		9.9	Turtle	false	1.0	1.0	up
14	-1	250.0	7.922947021231269	-3.960187390206208	circle		9.9	Turtle	false	1.0	1.0	up
15	-1	297.0	-8.816364140182863	2.556399421585865	circle		9.9	Turtle	false	1.0	1.0	up
16	-1	77.0	-4.31979400706746	-11.861082587985502	circle		9.9	Turtle	false	1.0	1.0	up
17	-1	354.0	-3.97830122269317	-9.718927602805076	circle		9.9	Turtle	false	1.0	1.0	up
18	-1	160.0	-3.3074773378361986	0.02968238781633914	circle		9.9	Turtle	false	1.0	1.0	up
19	-1	6.0	5.062380091707763	8.112079889227175	circle		9.9	Turtle	false	1.0	1.0	up
20	-1	103.0	4.990452003521115	-4.604747911963683	circle		9.9	Turtle	false	1.0	1.0	up
21	-1	140.0	10.964326449944338	4.888350107871248	circle		9.9	Turtle	false	1.0	1.0	up
22	-1	12.0	-3.2395888087669324	-1.3124093197458957	circle		9.9	Turtle	false	1.0	1.0	up
23	-1	216.0	-1.6894459460201778	6.15211660618448	circle		9.9	Turtle	false	1.0	1.0	up
24	-1	301.0	6.826612819083283	4.947886779712391	circle		9.9	Turtle	false	1.0	1.0	up
25	-1	153.0	8.126467684197094	9.818000177430122	circle		9.9	Turtle	false	1.0	1.0	up
26	-1	130.0	10.27880545613585	-3.982372626286878	circle		9.9	Turtle	false	1.0	1.0	up
27	-1	286.0	-5.441976762718409	-6.971526402597918	circle		9.9	Turtle	false	1.0	1.0	up
28	-1	4.0	6.235493490586936	-3.9071440855272463	circle		9.9	Turtle	false	1.0	1.0	up
29	-1	12.0	0.24212893649158881	11.508861283900426	circle		9.9	Turtle	false	1.0	1.0	up
30	-1	323.0	-4.127852204773374	10.524282867461759	circle		9.9	Turtle	false	1.0	1.0	up
31	-1	281.0	-1.8858032177039994	-1.9243740768149313	circle		9.9	Turtle	false	1.0	1.0	up
32	-1	16.0	-1.3064505758493985	6.9438023881736575	circle		9.9	Turtle	false	1.0	1.0	up
33	-1	314.0	-10.119080900096879	-8.267438592232992	circle		9.9	Turtle	false	1.0	1.0	up
34	-1	120.0	8.470069341197092	-11.353974431716317	circle		9.9	Turtle	false	1.0	1.0	up
35	-1	159.0	12.235370736866077	-0.24426072557396838	circle		9.9	Turtle	false	1.0	1.0	up
36	-1	354.0	3.309033359261841	9.067988278084336	circle		9.9	Turtle	false	1.0	1.0	up
37	-1	185.0	-9.261116776104917	5.507537339717201	circle		9.9	Turtle	false	1.0	1.0	up
38	-1	74.0	9.893963142669183	-10.310823376145876	circle		9.9	Turtle	false	1.0	1.0	up
39	-1	145.0	-6.771035979286597	5.1765463366845115	circle		9.9	Turtle	false	1.0	1.0	up
40	-1	160.0	-2.876672847605542	-5.895032273248888	circle		9.9	Turtle	false	1.0	1.0	up
41	-1	108.0	-5.652755425831501	4.8737068571665345	circle		9.9	Turtle	false	1.0	1.0	up
42	-1	134.0	2.57410170205162	-10.11846065291872	circle		9.9	Turtle	false	1.0	1.0	up
43	-1	297.0	9.984567310886018	7.494069619671489	circle		9.9	Turtle	false	1.0	1.0	up
44	-1	333.0	5.463869032747859	8.116690481786474	circle		9.9	Turtle	false	1.0	1.0	up
45	-1	93.0	9.312106435122734	-6.8499822261687795	circle		9.9	Turtle	false	1.0	1.0	up
46	-1	55.0	13.257834793007955	4.845539092463632	circle		9.9	Turtle	false	1.0	1.0	up
47	-1	328.0	-4.622758750708518	0.4423357835066186	circle		9.9	Turtle	false	1.0	1.0	up
48	-1	52.0	-2.6592863534737576	-3.6449590573611683	circle		9.9	Turtle	false	1.0	1.0	up
49	-1	48.0	-5.761251524547904	12.695385101746425	circle		9.9	Turtle	false	1.0	1.0	up
50	-1	342.0	1.5566525719104298	12.549571659574001	circle		9.9	Turtle	false	1.0	1.0	up
51	-1	223.0	8.861102843245298	2.876007047851868	circle		9.9	Turtle	false	1.0	1.0	up
52	-1	291.0	-1.4348014549352328	-8.31869968557093	circle		9.9	Turtle	false	1.0	1.0	up
53	-1	12.0	-9.943331975999632	0.5896952386259615	circle		9.9	Turtle	false	1.0	1.0	up
54	-1	16.0	-7.7471534268392395	2.3788816779087716	circle		9.9	Turtle	false	1.0	1.0	up
55	-1	152.0	-6.575191003331503	-8.49203408835617	circle		9.9	Turtle	false	1.0	1.0	up
56	-1	254.0	0.7713955364120728	1.6647629990844797	circle		9.9	Turtle	false	1.0	1.0	up
57	-1	95.0	-3.2939973524913366	2.3095488455210065	circle		9.9	Turtle	false	1.0	1.0	up
58	-1	215.0	-12.422653449760892	-1.0782385559815562	circle		9.9	Turtle	false	1.0	1.0	up
59	-1	125.0	-3.99578970692561	6.858354368665544	circle		9.9	Turtle	false	1.0	1.0	up
60	-1	121.0	-1.2396858253759848	-4.710440426352102	circle		9.9	Turtle	false	1.0	1.0	up
61	-1	114.0	3.5097188693693218	-0.6297358363250334	circle		9.9	Turtle	false	1.0	1.0	up
62	-1	322.0	1.553321649121417	9.366619879455548	circle		9.9	Turtle	false	1.0	1.0	up
63	-1	353.0	0.46722643223012505	1.7646448665888683	circle		9.9	Turtle	false	1.0	1.0	up
64	-1	160.0	2.2982111697556773	-12.927788777058478	circle		9.9	Turtle	false	1.0	1.0	up
65	-1	232.0	-0.8815188503278888	-4.200651051625384	circle		9.9	Turtle	false	1.0	1.0	up
66	-1	149.0	-0.8119217207339468	6.314842908806087	circle		9.9	Turtle	false	1.0	1.0	up
67	-1	222.0	-8.915488665067453	-9.985654663857803	circle		9.9	Turtle	false	1.0	1.0	up
68	-1	348.0	-4.970796589610192	2.379774176103435	circle		9.9	Turtle	false	1.0	1.0	up
69	-1	320.0	1.0309797314479567	4.526855957583121	circle		9.9	Turtle	false	1.0	1.0	up
70	-1	27.0	-3.9750742008382165	4.780078048810089	circle		9.9	Turtle	false	1.0	1.0	up
71	-1	249.0	-2.2009512302159973	-3.635833182797665	circle		9.9	Turtle	false	1.0	1.0	up
72	-1	344.0	6.398507775898525	-1.4282876164309357	circle		9.9	Turtle	false	1.0	1.0	up
73	-1	288.0	-3.178074266701004	8.44316614116193	circle		9.9	Turtle	false	1.0	1.0	up
74	-1	74.0	11.487745186274045	-1.7559342674216216	circle		9.9	Turtle	false	1.0	1.0	up
75	-1	192.0	-8.590708284293852	-5.885290510951748	circle		9.9	Turtle	false	1.0	1.0	up
76	-1	344.0	9.194762198894177	6.1911675859846005	circle		9.9	Turtle	false	1.0	1.0	up
77	-1	102.0	-1.509528034576121	8.997631970687934	circle		9.9	Turtle	false	1.0	1.0	up
78	-1	218.0	-11.57956938362263	-5.563667822752688	circle		9.9	Turtle	false	1.0	1.0	up
79	-1	198.0	6.523075796566529	5.329593501821193	circle		9.9	Turtle	false	1.0	1.0	up
80	-1	144.0	5.051288448255848	1.4377938637009802	circle		9.9	Turtle	false	1.0	1.0	up
81	-1	108.0	-0.8701488478024133	0.6258419520086649	circle		9.9	Turtle	false	1.0	1.0	up
82	-1	86.0	6.10269016426965	-5.7551559682820725	circle		9.9	Turtle	false	1.0	1.0	up
83	-1	177.0	0.7644375603208957	-4.854983372375336	circle		9.9	Turtle	false	1.0	1.0	up
84	-1	113.0	6.023836686297846	-6.489739843642779	circle		9.9	Turtle	false	1.0	1.0	up
85	-1	108.0	-6.4294270926350805	1.2744419405167515	circle		9.9	Turtle	false	1.0	1.0	up
86	-1	31.0	8.72664304693809	7.6678991667789855	circle		9.9	Turtle	false	1.0	1.0	up
87	-1	104.0	-2.008287275874849	-7.664251301260542	circle		9.9	Turtle	false	1.0	1.0	up
88	-1	85.0	13.655984973188179	3.0584379474870937	circle		9.9	Turtle	false	1.0	1.0	up
89	-1	344.0	5.603764248885482	7.684311080350337	circle		9.9	Turtle	false	1.0	1.0	up
90	-1	219.0	-1.8440127275838138	0.005352241875196895	circle		9.9	Turtle	false	1.0	1.0	up
91	-1	36.0	-1.5809950709772054	10.646826856651884	circle		9.9	Turtle	false	1.0	1.0	up
92	-1	280.0	-0.01121055281053096	0.6208066571751303	circle		9.9	Turtle	false	1.0	1.0	up
93	-1	107.0	0.7955298635186665	5.368783945225469	circle		9.9	Turtle	false	1.0	1.0	up
94	-1	46.0	-4.019024473465252	-2.3526838576116953	circle		9.9	Turtle	false	1.0	1.0	up
95	-1	285.0	4.678836106926553	11.955921618814013	circle		9.9	Turtle	false	1.0	1.0	up
96	-1	235.0	-8.33042467613812	3.051195438270874	circle		9.9	Turtle	false	1.0	1.0	up
97	-1	95.0	2.6295442829875957	-8.393817962053765	circle		9.9	Turtle	false	1.0	1.0	up
98	-1	6.0	0.6524000386810621	11.940835445798704	circle		9.9	Turtle	false	1.0	1.0	up
99	-1	32.0	2.0350342487814754	-1.5888966026360483	circle		9.9	Turtle	false	1.0	1.0	up
100	-1	294.9808579047264	-6.83864059314161	8.37477408450118	circle		9.9	Turtle	false	1.0	1.0	up
101	-1	0.010144566451685932	1.8661055829868984	14.061105994477872	circle		9.9	Turtle	false	1.0	1.0	up
102	-1	328.4024772688824	-9.816185793311384	4.1817437816323935	circle		9.9	Turtle	false	1.0	1.0	up
103	-1	138.70835746525228	5.994917505164619	-11.745205367146403	circle		9.9	Turtle	false	1.0	1.0	up
104	-1	136.41764310984547	-2.7030487584324288	-13.559879515670836	circle		9.9	Turtle	false	1.0	1.0	up
105	-1	243.80115289290438	3.295334963530522	4.83300923137146	circle		9.9	Turtle	false	1.0	1.0	up
106	-1	222.54175416751968	-9.931691205389507	-4.040383890712196	circle		9.9	Turtle	false	1.0	1.0	up
107	-1	92.53628007047234	3.537256525888868	-12.058130044337943	circle		9.9	Turtle	false	1.0	1.0	up
108	-1	60.19261987140453	11.434352550820755	8.324617467112462	circle		9.9	Turtle	false	1.0	1.0	up
109	-1	5.740557121321103	-5.715967402719216	10.103339694153467	circle		9.9	Turtle	false	1.0	1.0	up
110	-1	232.57720197576532	-0.41547218840141187	-5.757836643611957	circle		9.9	Turtle	false	1.0	1.0	up
111	-1	152.72611066397803	1.6097521731483975	-7.016257945713593	circle		9.9	Turtle	false	1.0	1.0	up
112	-1	321.03822774923196	6.609555482725557	-8.320056401119308	circle		9.9	Turtle	false	1.0	1.0	up
113	-1	117.3700894848161	3.9040873945478465	-2.5564841896085726	circle		9.9	Turtle	false	1.0	1.0	up
114	-1	318.478241170975	-6.291957875774122	-1.2926672829124821	circle		9.9	Turtle	false	1.0	1.0	up
115	-1	105.94945477596764	3.49921522560643	3.107076245883662	circle		9.9	Turtle	false	1.0	1.0	up
116	-1	315.21621918352923	-6.608594943283508	11.321574395164802	circle		9.9	Turtle	false	1.0	1.0	up
117	-1	175.30333077074351	-5.242435635853231	0.16587295999114937	circle		9.9	Turtle	false	1.0	1.0	up
118	-1	218.10720463888083	-1.5957616768081038	-7.262725875033082	circle		9.9	Turtle	false	1.0	1.0	up
119	-1	261.13047628106267	-11.081730933813528	5.4178070404971574	circle		9.9	Turtle	false	1.0	1.0	up
120	-1	110.47376090401917	13.2740012881804	1.5587096124979098	circle		9.9	Turtle	false	1.0	1.0	up
121	-1	136.42469697711067	12.211352202399878	-4.495214818665652	circle		9.9	Turtle	false	1.0	1.0	up
122	-1	129.74046560931714	10.989149408881902	1.303470127847455	circle		9.9	Turtle	false	1.0	1.0	up
123	-1	1.9715095783417382	5.143694065605382	10.474284309148247	circle		9.9	Turtle	false	1.0	1.0	up
124	-1	153.84635173244192	-6.22324807283563	-12.342093446124435	circle		9.9	Turtle	false	1.0	1.0	up
125	-1	284.43366586676666	-3.8459141714861933	8.550825193123462	circle		9.9	Turtle	false	1.0	1.0	up
126	-1	164.7420080957761	10.936117439044102	-6.392040531837075	circle		9.9	Turtle	false	1.0	1.0	up
127	-1	183.14037740104618	-6.685060684651356	-10.494584495275005	circle		9.9	Turtle	false	1.0	1.0	up
128	-1	31.202782706999642	-2.2088401609801904	-0.245509762324976	circle		9.9	Turtle	false	1.0	1.0	up
129	-1	94.98322950656683	-4.828991691331037	5.0175914519687685	circle		9.9	Turtle	false	1.0	1.0	up
130	-1	198.08600913048838	-9.482621664770896	-11.722236127703441	circle		9.9	Turtle	false	1.0	1.0	up
131	-1	233.31144236843738	4.054736402025783	-7.956850328917193	circle		9.9	Turtle	false	1.0	1.0	up
132	-1	319.13507295028506	-8.198691569380363	9.946803324602374	circle		9.9	Turtle	false	1.0	1.0	up
133	-1	6.115168945296773	-1.2156479790669976	-13.107155908708302	circle		9.9	Turtle	false	1.0	1.0	up
134	-1	307.27571886299955	-10.024958601911848	-1.0276795625257247	circle		9.9	Turtle	false	1.0	1.0	up
135	-1	153.9220536403842	-1.0786916505636512	2.4406321455296034	circle		9.9	Turtle	false	1.0	1.0	up
136	-1	73.34647178948978	1.008201818395952	-11.446593936475043	circle		9.9	Turtle	false	1.0	1.0	up
137	-1	208.75507388433653	-3.6470228252933903	-7.9696892656970535	circle		9.9	Turtle	false	1.0	1.0	up
138	-1	5.421397956552028	-1.0239453739868392	-11.087206281733208	circle		9.9	Turtle	false	1.0	1.0	up
139	-1	347.6239133629001	5.226063898447223	-9.49771588390167	circle		9.9	Turtle	false	1.0	1.0	up
140	-1	244.3873068729181	-8.288527867251505	-2.2498072482428393	circle		9.9	Turtle	false	1.0	1.0	up
141	-1	62.53978285499875	7.117404783307451	11.499991902448484	circle		9.9	Turtle	false	1.0	1.0	up
142	-1	168.75567514063619	-2.2384873600342345	-10.012651706885668	circle		9.9	Turtle	false	1.0	1.0	up
143	-1	89.61121173172745	-5.715932395678403	-0.3514064294098326	circle		9.9	Turtle	false	1.0	1.0	up
144	-1	70.58247282914294	12.165352839333385	2.6572136388992464	circle		9.9	Turtle	false	1.0	1.0	up
145	-1	88.18009350609964	4.512125291675423	-10.056881800595454	circle		9.9	Turtle	false	1.0	1.0	up
146	-1	295.7593742546677	-10.745351212306803	3.7836083234424533	circle		9.9	Turtle	false	1.0	1.0	up
147	-1	115.54061119761201	10.319835939707216	2.178957444753236	circle		9.9	Turtle	false	1.0	1.0	up
148	-1	34.50360926939538	-1.387994218156543	-1.826644114659545	circle		9.9	Turtle	false	1.0	1.0	up
149	-1	168.99006217201918	0.37823744224032085	-7.80142696064881	circle		9.9	Turtle	false	1.0	1.0	up