0	-1	218.0	null	null	-5.320419222263314	-5.50351058507911	null	person		9.9	Turtle	false	1.0	1.0	up	5.0	0.0	0.0	0.0	5.0	-1.0	0.0
1	-1	224.0	null	null	-8.049995707762434	3.8103515018136047	null	person		9.9	Turtle	false	1.0	1.0	up	8.0	0.0	0.0	0.0	8.0	-1.0	0.0
2	-1	134.0	null	null	1.5678380829374063	-6.692707190912325	null	person		9.9	Turtle	false	1.0	1.0	up	5.0	0.0	0.0	0.0	5.0	-1.0	0.0
3	-1	108.0	null	null	0.4846902381023046	-0.05238979884369499	null	person		9.9	Turtle	false	1.0	1.0	up	6.0	0.0	0.0	0.0	6.0	-1.0	0.0
4	-1	324.0	null	null	5.5332493385966135	-2.350445925603533	null	person		9.9	Turtle	false	1.0	1.0	up	1.0	0.0	0.0	0.0	1.0	-1.0	0.0
5	-1	23.0	null	null	5.3497002385555685	-2.957530965059026	null	person		9.9	Turtle	false	1.0	1.0	up	9.0	0.0	0.0	0.0	9.0	-1.0	0.0
6	-1	179.0	null	null	-8.061891287613001	-0.21131137143668255	null	person		9.9	Turtle	false	1.0	1.0	up	4.0	0.0	0.0	0.0	4.0	-1.0	0.0
7	-1	277.0	null	null	2.37619320614926	8.048762903358412	null	person		9.9	Turtle	false	1.0	1.0	up	2.0	0.0	0.0	0.0	2.0	-1.0	0.0
8	-1	333.0	null	null	-1.6606468682559559	-3.0869431699423426	null	person		9.9	Turtle	false	1.0	1.0	up	6.0	0.0	0.0	0.0	6.0	-1.0	0.0
9	-1	131.0	null	null	-0.361999123490909	4.303149293584266	null	person		9.9	Turtle	false	1.0	1.0	up	9.0	0.0	0.0	0.0	9.0	-1.0	0.0
10	-1	281.0	null	null	5.969542209222533	6.07589815151675	null	person		9.9	Turtle	false	1.0	1.0	up	1.0	0.0	0.0	0.0	1.0	-1.0	0.0
11	-1	266.0	null	null	-6.556283570562031	5.179167604312871	null	person		9.9	Turtle	false	1.0	1.0	up	5.0	0.0	0.0	0.0	5.0	-1.0	0.0
12	-1	22.0	null	null	4.797045563967732	7.655615471080058	null	person		9.9	Turtle	false	1.0	1.0	up	6.0	0.0	0.0	0.0	6.0	-1.0	0.0
13	-1	131.0	null	null	5.921217319515343	8.346596228004856	null	person		9.9	Turtle	false	1.0	1.0	up	5.0	0.0	0.0	0.0	5.0	-1.0	0.0
14	-1	115.0	null	null	-8.2405302114254	5.425053131284571	null	person		9.9	Turtle	false	1.0	1.0	up	6.0	0.0	0.0	0.0	6.0	-1.0	0.0
15	-1	223.0	null	null	-0.7942527218417066	7.665701029436711	null	person		9.9	Turtle	false	1.0	1.0	up	2.0	0.0	0.0	0.0	2.0	-1.0	0.0
16	-1	222.0	null	null	2.180502072330441	3.9903825990162147	null	person		9.9	Turtle	false	1.0	1.0	up	5.0	0.0	0.0	0.0	5.0	-1.0	0.0
17	-1	13.0	null	null	4.215043838134829	-6.751622305505499	null	person		9.9	Turtle	false	1.0	1.0	up	5.0	0.0	0.0	0.0	5.0	-1.0	0.0
18	-1	1.0	null	null	-0.9232064536015159	2.7099307672708424	null	person		9.9	Turtle	false	1.0	1.0	up	9.0	0.0	0.0	0.0	9.0	-1.0	0.0
19	-1	282.0	null	null	2.7704811978990396	3.3939609627843623	null	person		9.9	Turtle	false	1.0	1.0	up	6.0	0.0	0.0	0.0	6.0	-1.0	0.0
20	-1	69.0	null	null	-5.789604690208721	1.5793701497368478	null	person		9.9	Turtle	false	1.0	1.0	up	10.0	0.0	0.0	0.0	10.0	-1.0	0.0
21	-1	15.0	null	null	4.805443245566423	7.8047131824666565	null	person		9.9	Turtle	false	1.0	1.0	up	7.0	0.0	0.0	0.0	7.0	-1.0	0.0
22	-1	230.0	null	null	-1.0852297912455011	-3.4669817280347086	null	person		9.9	Turtle	false	1.0	1.0	up	5.0	0.0	0.0	0.0	5.0	-1.0	0.0
23	-1	136.0	null	null	5.263643019078074	1.6258979950399564	null	person		9.9	Turtle	false	1.0	1.0	up	4.0	0.0	0.0	0.0	4.0	-1.0	0.0
24	-1	71.0	null	null	-6.139468012149161	3.8138233899734164	null	person		9.9	Turtle	false	1.0	1.0	up	8.0	0.0	0.0	0.0	8.0	-1.0	0.0
25	-1	113.0	null	null	-0.6881783945943942	-5.9368833543354125	null	person		9.9	Turtle	false	1.0	1.0	up	6.0	0.0	0.0	0.0	6.0	-1.0	0.0
26	-1	277.0	null	null	-6.0559569693269815	-6.123704613470515	null	person		9.9	Turtle	false	1.0	1.0	up	4.0	0.0	0.0	0.0	4.0	-1.0	0.0
27	-1	329.0	null	null	2.2866761133782685	-3.2272606552875436	null	person		9.9	Turtle	false	1.0	1.0	up	9.0	0.0	0.0	0.0	9.0	-1.0	0.0
28	-1	206.0	null	null	5.3960558097699245	1.8922488162888964	null	person		9.9	Turtle	false	1.0	1.0	up	7.0	0.0	0.0	0.0	7.0	-1.0	0.0
29	-1	82.0	null	null	-6.827484260036988	-6.691590770790295	null	person		9.9	Turtle	false	1.0	1.0	up	5.0	0.0	0.0	0.0	5.0	-1.0	0.0
30	-1	14.0	null	null	6.650969405901424	0.9242300101836101	null	person		9.9	Turtle	false	1.0	1.0	up	7.0	0.0	0.0	0.0	7.0	-1.0	0.0
31	-1	216.0	null	null	-2.4929882980790135	-7.2525194662827115	null	person		9.9	Turtle	false	1.0	1.0	up	8.0	0.0	0.0	0.0	8.0	-1.0	0.0
32	-1	247.0	null	null	-8.274381480674151	3.833230372692979	null	person		9.9	Turtle	false	1.0	1.0	up	9.0	0.0	0.0	0.0	9.0	-1.0	0.0
33	-1	292.0	null	null	-5.380783436633629	6.179406657825822	null	person		9.9	Turtle	false	1.0	1.0	up	4.0	0.0	0.0	0.0	4.0	-1.0	0.0
34	-1	52.0	null	null	-1.368346315012916	3.7880744334509355	null	person		9.9	Turtle	false	1.0	1.0	up	2.0	0.0	0.0	0.0	2.0	-1.0	0.0
35	-1	280.0	null	null	-7.048462479355472	0.26451741030206755	null	person		9.9	Turtle	false	1.0	1.0	up	5.0	0.0	0.0	0.0	5.0	-1.0	0.0
36	-1	164.0	null	null	-4.000459836435077	-7.109946847489046	null	person		9.9	Turtle	false	1.0	1.0	up	3.0	0.0	0.0	0.0	3.0	-1.0	0.0
37	-1	262.0	null	null	6.2111576554941195	5.701739429838847	null	person		9.9	Turtle	false	1.0	1.0	up	7.0	0.0	0.0	0.0	7.0	-1.0	0.0
38	-1	38.0	null	null	0.2688240634807908	-5.230282998380096	null	person		9.9	Turtle	false	1.0	1.0	up	1.0	0.0	0.0	0.0	1.0	-1.0	0.0
39	-1	176.0	null	null	-2.4771935216354564	2.8792107108994625	null	person		9.9	Turtle	false	1.0	1.0	up	8.0	0.0	0.0	0.0	8.0	-1.0	0.0
40	-1	40.0	null	null	-8.054032201096893	-6.771108544046057	null	person		9.9	Turtle	false	1.0	1.0	up	2.0	0.0	0.0	0.0	2.0	-1.0	0.0
41	-1	42.0	null	null	-3.4437697200003266	-0.08483172386522853	null	person		9.9	Turtle	false	1.0	1.0	up	2.0	0.0	0.0	0.0	2.0	-1.0	0.0
42	-1	8.0	null	null	0.9117759374835881	-4.857299099553054	null	person		9.9	Turtle	false	1.0	1.0	up	6.0	0.0	0.0	0.0	6.0	-1.0	0.0
43	-1	131.0	null	null	1.0587045185271808	-1.0318374114785573	null	person		9.9	Turtle	false	1.0	1.0	up	7.0	0.0	0.0	0.0	7.0	-1.0	0.0
44	-1	149.0	null	null	-3.989114641681603	-6.30939258894967	null	person		9.9	Turtle	false	1.0	1.0	up	9.0	0.0	0.0	0.0	9.0	-1.0	0.0
45	-1	122.0	null	null	-7.4101757752626485	-8.488989843310929	null	person		9.9	Turtle	false	1.0	1.0	up	5.0	0.0	0.0	0.0	5.0	-1.0	0.0
46	-1	342.0	null	null	-1.225738349067135	-2.1442836497335636	null	person		9.9	Turtle	false	1.0	1.0	up	4.0	0.0	0.0	0.0	4.0	-1.0	0.0
47	-1	96.0	null	null	0.5532716797351576	0.5425019968871414	null	person		9.9	Turtle	false	1.0	1.0	up	4.0	0.0	0.0	0.0	4.0	-1.0	0.0
48	-1	262.0	null	null	3.6081926689624204	-5.409841743317996	null	person		9.9	Turtle	false	1.0	1.0	up	4.0	0.0	0.0	0.0	4.0	-1.0	0.0
49	-1	295.0	null	null	4.499595366378292	-5.067175529249456	null	person		9.9	Turtle	false	1.0	1.0	up	9.0	0.0	0.0	0.0	9.0	-1.0	0.0
50	-1	95.0	null	null	3.2158985219249328	1.8545598420288112	null	person		9.9	Turtle	false	1.0	1.0	up	5.0	0.0	0.0	0.0	5.0	-1.0	0.0
51	-1	109.0	null	null	-6.723968461907765	-6.692289282820395	null	person		9.9	Turtle	false	1.0	1.0	up	6.0	0.0	0.0	0.0	6.0	-1.0	0.0
52	-1	93.0	null	null	1.5926534673140615	-4.680871724933663	null	person		9.9	Turtle	false	1.0	1.0	up	6.0	0.0	0.0	0.0	6.0	-1.0	0.0
53	-1	287.0	null	null	-3.5801281204846758	-4.135437911256928	null	person		9.9	Turtle	false	1.0	1.0	up	5.0	0.0	0.0	0.0	5.0	-1.0	0.0
54	-1	213.0	null	null	-5.922215977221537	0.8376270185729435	null	person		9.9	Turtle	false	1.0	1.0	up	6.0	0.0	0.0	0.0	6.0	-1.0	0.0
55	-1	352.0	null	null	-5.456155748100656	7.353571239167188	null	person		9.9	Turtle	false	1.0	1.0	up	5.0	0.0	0.0	0.0	5.0	-1.0	0.0
56	-1	211.0	null	null	-6.002260059046989	-0.2812852411372404	null	person		9.9	Turtle	false	1.0	1.0	up	8.0	0.0	0.0	0.0	8.0	-1.0	0.0
0	-1	104.43537273943423	null	null	-5.128139965475392	-4.4395867035339585	null	person		9.9	Turtle	false	1.0	1.0	up	5.0	0.0	0.0	0.0	5.0	NOBODY	20.0
1	-1	95.26829399847821	null	null	-7.757356669619169	2.8650114820281276	null	person		9.9	Turtle	false	1.0	1.0	up	8.0	0.0	0.0	0.0	8.0	NOBODY	20.0
2	-1	355.9719862246951	null	null	2.156262410978718	-5.014802762782442	null	person		9.9	Turtle	false	1.0	1.0	up	5.0	0.0	0.0	0.0	5.0	NOBODY	20.0
3	-1	314.49261005108986	null	null	3.0158538392692793	2.847361944184396	null	person		9.9	Turtle	false	1.0	1.0	up	6.0	0.0	0.0	0.0	6.0	NOBODY	20.0
4	-1	138.64307756672082	null	null	6.1109167352562554	-3.4426397886568507	null	person		9.9	Turtle	false	1.0	1.0	up	1.0	0.0	0.0	0.0	1.0	NOBODY	20.0
5	-1	225.97823187493924	null	null	7.366371395848596	-1.1766581654800334	null	person		9.9	Turtle	false	1.0	1.0	up	11.0	0.0	0.0	0.0	11.0	NOBODY	20.0
6	-1	117.2155720976109	null	null	-6.047605521112344	1.608403329081946	null	person		9.9	Turtle	false	1.0	1.0	up	4.0	0.0	0.0	0.0	4.0	turtle 20	20.0
7	-1	1.14588599498029	null	null	1.5847040427226065	7.89027922253855	null	person		9.9	Turtle	false	1.0	1.0	up	2.0	0.0	0.0	0.0	2.0	NOBODY	20.0
8	-1	95.86163614277473	null	null	-1.8823624979323974	-3.7577199488708413	null	person		9.9	Turtle	false	1.0	1.0	up	6.0	0.0	0.0	0.0	6.0	NOBODY	20.0
9	-1	307.60579727331776	null	null	-2.697326281920834	3.4229202591519607	null	person		9.9	Turtle	false	1.0	1.0	up	7.0	0.0	0.0	0.0	7.0	NOBODY	20.0
10	-1	163.2403339951477	null	null	6.90862061754679	4.594137986371393	null	person		9.9	Turtle	false	1.0	1.0	up	6.0	0.0	5.0	0.0	6.0	NOBODY	20.0
11	-1	296.82676246058065	null	null	-6.506068654965424	6.6583669826166245	null	person		9.9	Turtle	false	1.0	1.0	up	5.0	0.0	0.0	0.0	5.0	NOBODY	20.0
12	-1	223.3330596015146	null	null	2.532811108125921	8.236768339185002	null	person		9.9	Turtle	false	1.0	1.0	up	6.0	0.0	0.0	0.0	6.0	NOBODY	20.0
13	-1	286.75031666884433	null	null	6.7975619301179995	7.530985352755845	null	person		9.9	Turtle	false	1.0	1.0	up	5.0	0.0	0.0	0.0	5.0	NOBODY	20.0
14	-1	190.03247224313378	null	null	7.436266993635501	4.89636771551595	null	person		9.9	Turtle	false	1.0	1.0	up	11.0	0.0	-5.0	0.0	11.0	turtle 10	20.0
15	-1	65.6253450851022	null	null	-0.5734085122703942	5.567612108112544	null	person		9.9	Turtle	false	1.0	1.0	up	2.0	0.0	0.0	0.0	2.0	NOBODY	20.0
16	-1	116.6863368847674	null	null	4.845643983076389	3.6625905336237436	null	person		9.9	Turtle	false	1.0	1.0	up	5.0	0.0	0.0	0.0	5.0	NOBODY	20.0
17	-1	144.34316978427003	null	null	3.1245942568857434	-5.763942491101978	null	person		9.9	Turtle	false	1.0	1.0	up	10.0	0.0	0.0	0.0	10.0	NOBODY	20.0
18	-1	40.30942785412475	null	null	-2.084714634220023	5.86018426237406	null	person		9.9	Turtle	false	1.0	1.0	up	11.0	0.0	0.0	0.0	11.0	NOBODY	20.0
19	-1	220.73101891166002	null	null	4.471533566108574	6.331609940073024	null	person		9.9	Turtle	false	1.0	1.0	up	6.0	0.0	2.0	0.0	6.0	NOBODY	20.0
20	-1	76.61660703181019	null	null	-4.894886891437441	1.761107730296094	null	person		9.9	Turtle	false	1.0	1.0	up	8.0	0.0	0.0	0.0	8.0	NOBODY	20.0
21	-1	100.97335844475828	null	null	2.634674876440542	7.184120464874214	null	person		9.9	Turtle	false	1.0	1.0	up	7.0	0.0	0.0	0.0	7.0	NOBODY	20.0
22	-1	96.04549588040885	null	null	2.7064891313379285	-4.432375732656632	null	person		9.9	Turtle	false	1.0	1.0	up	5.0	0.0	-2.0	0.0	5.0	turtle 49	20.0
23	-1	206.6860100426087	null	null	2.0110953561611344	0.8890839666688063	null	person		9.9	Turtle	false	1.0	1.0	up	4.0	0.0	0.0	0.0	4.0	NOBODY	20.0
24	-1	226.15318962809033	null	null	-8.115755297548782	5.130012064233922	null	person		9.9	Turtle	false	1.0	1.0	up	10.0	0.0	0.0	0.0	10.0	NOBODY	20.0
25	-1	342.87117364583656	null	null	-0.34762043867435666	-5.031148220392327	null	person		9.9	Turtle	false	1.0	1.0	up	6.0	0.0	0.0	0.0	6.0	NOBODY	20.0
26	-1	26.35245089427383	null	null	-7.438649854368392	-6.2762447863195	null	person		9.9	Turtle	false	1.0	1.0	up	4.0	0.0	0.0	0.0	4.0	NOBODY	20.0
27	-1	262.7990943080068	null	null	-0.45429349102200545	1.7674361280473077	null	person		9.9	Turtle	false	1.0	1.0	up	9.0	0.0	0.0	0.0	9.0	NOBODY	20.0
28	-1	344.39158513332353	null	null	7.0337349867895975	7.240612485031546	null	person		9.9	Turtle	false	1.0	1.0	up	0.0	3.0	0.0	146.0	-3.0	NOBODY	20.0
29	-1	348.8880168125534	null	null	7.947088208910125	-6.566763122369053	null	person		9.9	Turtle	false	1.0	1.0	up	3.0	0.0	0.0	0.0	3.0	NOBODY	20.0
30	-1	339.5283116451085	null	null	7.372537769046801	-0.36926270945458195	null	person		9.9	Turtle	false	1.0	1.0	up	5.0	0.0	0.0	0.0	5.0	NOBODY	20.0
31	-1	285.85505600263537	null	null	-2.459494317570868	-4.748658475083581	null	person		9.9	Turtle	false	1.0	1.0	up	8.0	0.0	0.0	0.0	8.0	NOBODY	20.0
32	-1	222.54878464098408	null	null	-7.60799213418877	1.893114604549749	null	person		9.9	Turtle	false	1.0	1.0	up	14.0	0.0	0.0	0.0	14.0	NOBODY	20.0
33	-1	248.89870590159293	null	null	-5.124609737867487	3.520712442878499	null	person		9.9	Turtle	false	1.0	1.0	up	4.0	0.0	2.0	0.0	4.0	NOBODY	20.0
34	-1	106.32832158403204	null	null	-2.0708231512616764	0.7047083197632966	null	person		9.9	Turtle	false	1.0	1.0	up	2.0	0.0	0.0	0.0	2.0	NOBODY	20.0
35	-1	73.20788896937984	null	null	-5.904243200149388	0.6077471247199648	null	person		9.9	Turtle	false	1.0	1.0	up	7.0	0.0	0.0	0.0	7.0	NOBODY	20.0
36	-1	202.07149488081274	null	null	-6.485003704690934	-8.186250587568198	null	person		9.9	Turtle	false	1.0	1.0	up	0.0	1.0	0.0	150.07999999999998	-1.0	NOBODY	20.0
37	-1	23.451557124620237	null	null	4.558557392119503	7.214005792607404	null	person		9.9	Turtle	false	1.0	1.0	up	7.0	0.0	-2.0	0.0	7.0	turtle 19	20.0
38	-1	103.73825911837025	null	null	2.392144339648027	-3.6509615224318206	null	person		9.9	Turtle	false	1.0	1.0	up	0.0	9.0	0.0	143.0	-9.0	NOBODY	20.0
39	-1	345.75736060561405	null	null	-4.795804595379404	3.785321895846966	null	person		9.9	Turtle	false	1.0	1.0	up	8.0	0.0	-2.0	0.0	8.0	turtle 33	20.0
40	-1	57.82105598375023	null	null	6.626017773703125	-5.263317719737185	null	person		9.9	Turtle	false	1.0	1.0	up	0.0	3.0	0.0	151.16	-3.0	NOBODY	20.0
41	-1	269.95401098237755	null	null	-5.8976562686815655	-2.199072728007924	null	person		9.9	Turtle	false	1.0	1.0	up	4.0	0.0	0.0	0.0	4.0	NOBODY	20.0
42	-1	31.47961478438947	null	null	4.9638303818907	-5.179328283589827	null	person		9.9	Turtle	false	1.0	1.0	up	0.0	2.0	0.0	148.0	-2.0	NOBODY	20.0
43	-1	305.5089658797208	null	null	-1.8776579213083264	-0.7567678264689728	null	person		9.9	Turtle	false	1.0	1.0	up	7.0	0.0	0.0	0.0	7.0	NOBODY	20.0
44	-1	342.86949435867496	null	null	-2.947132619041351	-6.441285248246177	null	person		9.9	Turtle	false	1.0	1.0	up	11.0	0.0	0.0	0.0	11.0	NOBODY	20.0
45	-1	26.851956711721414	null	null	-8.056068750763291	5.953976637676465	null	person		9.9	Turtle	false	1.0	1.0	up	5.0	0.0	0.0	0.0	5.0	NOBODY	20.0
46	-1	127.73767827605667	null	null	-1.9044921319150603	-3.537332072761356	null	person		9.9	Turtle	false	1.0	1.0	up	4.0	0.0	0.0	0.0	4.0	turtle 8	20.0
47	-1	82.91304473440306	null	null	0.6032684990139238	0.6584022454864725	null	person		9.9	Turtle	false	1.0	1.0	up	4.0	0.0	0.0	0.0	4.0	NOBODY	20.0
48	-1	123.97580906151524	null	null	5.04567643106608	-6.459976865957541	null	person		9.9	Turtle	false	1.0	1.0	up	9.0	0.0	0.0	0.0	9.0	NOBODY	20.0
49	-1	176.76438468574102	null	null	2.83056682217446	-4.862529550799146	null	person		9.9	Turtle	false	1.0	1.0	up	7.0	0.0	2.0	0.0	7.0	NOBODY	20.0
50	-1	296.90559070378754	null	null	3.9153637936299677	0.7073098205434878	null	person		9.9	Turtle	false	1.0	1.0	up	5.0	0.0	0.0	0.0	5.0	NOBODY	20.0
51	-1	38.39378137832159	null	null	-6.291948324549699	-8.030088142175146	null	person		9.9	Turtle	false	1.0	1.0	up	13.0	0.0	0.0	0.0	13.0	turtle 36	20.0
52	-1	161.89817935908096	null	null	1.7747738750978677	-3.4784058219630243	null	person		9.9	Turtle	false	1.0	1.0	up	16.0	0.0	0.0	0.0	16.0	NOBODY	20.0
53	-1	287.2469474303747	null	null	-5.397125109873055	-2.355589154416232	null	person		9.9	Turtle	false	1.0	1.0	up	3.0	0.0	0.0	0.0	3.0	NOBODY	20.0
54	-1	67.73863108453051	null	null	-4.864970762808157	4.082474920601638	null	person		9.9	Turtle	false	1.0	1.0	up	1.0	0.0	0.0	0.0	1.0	turtle 33	20.0
55	-1	68.80694150119285	null	null	-7.558645155609246	-8.132596234923842	null	person		9.9	Turtle	false	1.0	1.0	up	5.0	0.0	0.0	0.0	5.0	NOBODY	20.0
56	-1	297.854730644154	null	null	-7.559663711041237	-3.756083024531897	null	person		9.9	Turtle	false	1.0	1.0	up	8.0	0.0	0.0	0.0	8.0	NOBODY	20.0
0	-1	253.27520467590125	null	null	-6.032274320207424	-6.102953732111975	null	person		9.9	Turtle	false	1.0	1.0	up	7.0	0.0	0.0	0.0	7.0	NOBODY	40.0
1	-1	125.15519006389445	null	null	-7.824156811916042	1.5817978220504045	null	person		9.9	Turtle	false	1.0	1.0	up	10.0	0.0	0.0	0.0	10.0	NOBODY	40.0
2	-1	145.15367185481648	null	null	4.318394156729218	-7.559554367451692	null	person		9.9	Turtle	false	1.0	1.0	up	3.0	0.0	0.0	0.0	3.0	NOBODY	40.0
3	-1	175.67565154485055	null	null	3.4655283696945003	1.0494508621773722	null	person		9.9	Turtle	false	1.0	1.0	up	6.0	0.0	0.0	0.0	6.0	NOBODY	40.0
4	-1	146.1224648500961	null	null	5.5638425322456895	-3.3226614137714914	null	person		9.9	Turtle	false	1.0	1.0	up	1.0	0.0	0.0	0.0	1.0	NOBODY	40.0
5	-1	308.18968472754193	null	null	6.681374183240598	-1.6267434797120817	null	person		9.9	Turtle	false	1.0	1.0	up	13.0	0.0	0.0	0.0	13.0	NOBODY	40.0
6	-1	96.11270226223013	null	null	-2.4503902946850493	2.3474523785146295	null	person		9.9	Turtle	false	1.0	1.0	up	11.0	0.0	0.0	0.0	11.0	NOBODY	40.0
7	-1	190.03417198553984	null	null	1.71580524503246	-8.391051024895056	null	person		9.9	Turtle	false	1.0	1.0	up	4.0	0.0	0.0	0.0	4.0	NOBODY	40.0
8	-1	77.07957817528103	null	null	0.19237828594725281	-4.676766263475086	null	person		9.9	Turtle	false	1.0	1.0	up	6.0	0.0	0.0	0.0	6.0	NOBODY	40.0
9	-1	319.82279775250555	null	null	-2.8949441831249465	3.7651183739273884	null	person		9.9	Turtle	false	1.0	1.0	up	7.0	0.0	0.0	0.0	7.0	NOBODY	40.0
10	-1	264.52425793719135	null	null	7.507674176235632	5.257558358190068	null	person		9.9	Turtle	false	1.0	1.0	up	13.0	0.0	0.0	0.0	13.0	NOBODY	40.0
11	-1	347.46122797420907	null	null	-5.399991705037108	6.1610955368688	null	person		9.9	Turtle	false	1.0	1.0	up	0.0	5.0	0.0	144.35999999999999	-5.0	NOBODY	40.0
12	-1	79.27455433712862	null	null	3.592411758876554	-6.737994328245474	null	person		9.9	Turtle	false	1.0	1.0	up	4.0	0.0	0.0	0.0	4.0	NOBODY	40.0
13	-1	13.391733611608686	null	null	5.58196774397396	7.50013725718991	null	person		9.9	Turtle	false	1.0	1.0	up	5.0	0.0	0.0	0.0	5.0	NOBODY	40.0
14	-1	172.18835635290918	null	null	-8.313229892823843	4.990847864241292	null	person		9.9	Turtle	false	1.0	1.0	up	4.0	0.0	0.0	0.0	4.0	turtle 10	40.0
15	-1	127.90675501530538	null	null	1.8135895818167496	6.960493920709513	null	person		9.9	Turtle	false	1.0	1.0	up	7.0	0.0	0.0	0.0	7.0	NOBODY	40.0
16	-1	334.1198982434405	null	null	3.4724351370478113	4.938906014707904	null	person		9.9	Turtle	false	1.0	1.0	up	5.0	0.0	0.0	0.0	5.0	NOBODY	40.0
17	-1	84.50328039009042	null	null	6.739930994901915	-6.912987982611724	null	person		9.9	Turtle	false	1.0	1.0	up	12.0	0.0	0.0	0.0	12.0	turtle 28	40.0
18	-1	84.96721260278856	null	null	-1.4376667721892218	7.483466561432584	null	person		9.9	Turtle	false	1.0	1.0	up	11.0	0.0	0.0	0.0	11.0	NOBODY	40.0
19	-1	43.44015548280913	null	null	2.9669340419465837	6.1699625631697455	null	person		9.9	Turtle	false	1.0	1.0	up	8.0	0.0	0.0	0.0	8.0	NOBODY	40.0
20	-1	256.40557146414505	null	null	-7.353686743263969	0.8855186318909202	null	person		9.9	Turtle	false	1.0	1.0	up	0.0	4.0	0.0	141.76	-4.0	turtle 39	40.0
21	-1	206.5449089989438	null	null	5.6078492803948246	4.589741161849958	null	person		9.9	Turtle	false	1.0	1.0	up	2.0	0.0	0.0	0.0	2.0	NOBODY	40.0
22	-1	56.10813350613773	null	null	0.9363368663823888	-3.6799962507978883	null	person		9.9	Turtle	false	1.0	1.0	up	0.0	1.0	0.0	143.84	-1.0	NOBODY	40.0
23	-1	123.5102067804653	null	null	2.076560576084097	0.873114933777331	null	person		9.9	Turtle	false	1.0	1.0	up	0.0	1.0	0.0	143.32	-1.0	NOBODY	40.0
24	-1	221.19965092090348	null	null	8.259938195644354	1.7110748884039357	null	person		9.9	Turtle	false	1.0	1.0	up	10.0	0.0	0.0	0.0	10.0	turtle 1	40.0
25	-1	164.5508367015134	null	null	0.36295116958221535	-4.544265465412707	null	person		9.9	Turtle	false	1.0	1.0	up	8.0	0.0	0.0	0.0	8.0	turtle 8	40.0
26	-1	301.83979086695376	null	null	7.392941590561597	-6.2285560842129835	null	person		9.9	Turtle	false	1.0	1.0	up	0.0	1.0	0.0	142.32	-1.0	NOBODY	40.0
27	-1	54.76090609454559	null	null	-0.27159662361968373	0.4326478544448803	null	person		9.9	Turtle	false	1.0	1.0	up	7.0	0.0	0.0	0.0	7.0	NOBODY	40.0
28	-1	325.21208110630045	null	null	6.399365791948646	-6.36108720694194	null	person		9.9	Turtle	false	1.0	1.0	up	2.0	0.0	0.0	146.0	2.0	NOBODY	40.0
29	-1	4.007807646032518	null	null	-6.13285848399352	-5.2311561907250805	null	person		9.9	Turtle	false	1.0	1.0	up	1.0	0.0	0.0	0.0	1.0	NOBODY	40.0
30	-1	5.613392596826657	null	null	-8.499244744549925	1.3187044172034479	null	person		9.9	Turtle	false	1.0	1.0	up	5.0	0.0	0.0	0.0	5.0	NOBODY	40.0
31	-1	80.14038408767317	null	null	-2.378159825899194	-3.7853098665791487	null	person		9.9	Turtle	false	1.0	1.0	up	8.0	0.0	0.0	0.0	8.0	NOBODY	40.0
32	-1	146.4677326631533	null	null	-5.334985966963772	5.4301478066079785	null	person		9.9	Turtle	false	1.0	1.0	up	12.0	0.0	0.0	0.0	12.0	NOBODY	40.0
33	-1	60.750057547577626	null	null	-3.8509593833055566	3.1908523103627284	null	person		9.9	Turtle	false	1.0	1.0	up	6.0	0.0	0.0	0.0	6.0	NOBODY	40.0
34	-1	125.21799471880752	null	null	-2.9033508338138603	0.3552609772198779	null	person		9.9	Turtle	false	1.0	1.0	up	2.0	0.0	0.0	0.0	2.0	NOBODY	40.0
35	-1	253.55627160752397	null	null	-8.134693705675247	-0.39237845628652535	null	person		9.9	Turtle	false	1.0	1.0	up	5.0	0.0	0.0	0.0	5.0	NOBODY	40.0
36	-1	262.1706115695897	null	null	-7.94402031210996	8.32924568679293	null	person		9.9	Turtle	false	1.0	1.0	up	1.0	0.0	0.0	150.07999999999998	1.0	NOBODY	40.0
37	-1	217.7906518841188	null	null	2.4032868310198836	6.673570587302172	null	person		9.9	Turtle	false	1.0	1.0	up	5.0	0.0	0.0	0.0	5.0	turtle 15	40.0
38	-1	20.785634437785404	null	null	0.514695621729071	-2.671745591994119	null	person		9.9	Turtle	false	1.0	1.0	up	0.0	7.0	0.0	143.0	-7.0	NOBODY	40.0
39	-1	144.31009085596259	null	null	-5.968281764678183	-0.3080266132746303	null	person		9.9	Turtle	false	1.0	1.0	up	11.0	0.0	0.0	0.0	11.0	NOBODY	40.0
40	-1	212.89714840716996	null	null	5.906728211975896	-5.403175950621641	null	person		9.9	Turtle	false	1.0	1.0	up	0.0	3.0	0.0	151.16	-3.0	NOBODY	40.0
41	-1	8.635124595787488	null	null	-7.697492689924334	-0.6950275252986033	null	person		9.9	Turtle	false	1.0	1.0	up	4.0	0.0	0.0	0.0	4.0	NOBODY	40.0
42	-1	112.82985744112656	null	null	8.358775887198389	-4.089682652759226	null	person		9.9	Turtle	false	1.0	1.0	up	0.0	2.0	0.0	148.0	-2.0	NOBODY	40.0
43	-1	66.15120760847593	null	null	0.3838301243790032	1.3342842139769198	null	person		9.9	Turtle	false	1.0	1.0	up	9.0	0.0	0.0	0.0	9.0	NOBODY	40.0
44	-1	185.35888351585504	null	null	-4.16649734675665	-7.680848545497914	null	person		9.9	Turtle	false	1.0	1.0	up	11.0	0.0	0.0	0.0	11.0	NOBODY	40.0
45	-1	248.89857423149516	null	null	-7.964261248474475	4.244674653191523	null	person		9.9	Turtle	false	1.0	1.0	up	5.0	0.0	0.0	0.0	5.0	NOBODY	40.0
46	-1	47.00983557974616	null	null	-1.6497077058898615	0.6233515000359502	null	person		9.9	Turtle	false	1.0	1.0	up	4.0	0.0	0.0	0.0	4.0	NOBODY	40.0
47	-1	12.37646031279013	null	null	1.2271309807843085	0.23109332629614965	null	person		9.9	Turtle	false	1.0	1.0	up	4.0	0.0	0.0	0.0	4.0	NOBODY	40.0
48	-1	330.30690779805576	null	null	4.151089341905676	-1.5043929666385614	null	person		9.9	Turtle	false	1.0	1.0	up	7.0	0.0	0.0	0.0	7.0	NOBODY	40.0
49	-1	28.78487627195102	null	null	4.383991970053796	-0.2867626167411743	null	person		9.9	Turtle	false	1.0	1.0	up	11.0	0.0	0.0	0.0	11.0	NOBODY	40.0
50	-1	148.18922579479948	null	null	2.839503593424905	-0.4549377603426229	null	person		9.9	Turtle	false	1.0	1.0	up	10.0	0.0	0.0	0.0	10.0	NOBODY	40.0
51	-1	120.90981068366511	null	null	-6.093599377508978	6.205748269418113	null	person		9.9	Turtle	false	1.0	1.0	up	13.0	0.0	0.0	0.0	13.0	NOBODY	40.0
52	-1	61.701305098741955	null	null	2.6583780839175466	-3.6155124617382626	null	person		9.9	Turtle	false	1.0	1.0	up	16.0	0.0	0.0	0.0	16.0	NOBODY	40.0
53	-1	238.51894611046467	null	null	-3.2548007347414676	-4.482122708376625	null	person		9.9	Turtle	false	1.0	1.0	up	1.0	0.0	0.0	0.0	1.0	turtle 31	40.0
54	-1	151.62412373410785	null	null	-4.675760225552213	3.773019859832572	null	person		9.9	Turtle	false	1.0	1.0	up	11.0	0.0	0.0	0.0	11.0	NOBODY	40.0
55	-1	0.22136894618159886	null	null	-6.509864611515258	-3.9655331500923894	null	person		9.9	Turtle	false	1.0	1.0	up	5.0	0.0	0.0	0.0	5.0	NOBODY	40.0
56	-1	231.4550882133658	null	null	6.088906754136195	-6.1362966835946375	null	person		9.9	Turtle	false	1.0	1.0	up	8.0	0.0	0.0	0.0	8.0	turtle 28	40.0
0	-1	11.003599403740623	null	null	-4.9169278690497995	-8.256325738229535	null	person		9.9	Turtle	false	1.0	1.0	up	7.0	0.0	0.0	0.0	7.0	NOBODY	60.0
1	-1	217.40847889098274	null	null	-7.195083638101219	1.816899921470001	null	person		9.9	Turtle	false	1.0	1.0	up	12.0	0.0	0.0	0.0	12.0	NOBODY	60.0
2	-1	197.84635196557954	null	null	4.433628258661772	-6.2697074347590975	null	person		9.9	Turtle	false	1.0	1.0	up	0.0	5.0	0.0	129.64	-5.0	turtle 28	60.0
3	-1	238.21645296763745	null	null	0.021681130138127558	0.3812463196918313	null	person		9.9	Turtle	false	1.0	1.0	up	4.0	0.0	0.0	0.0	4.0	turtle 6	60.0
4	-1	286.8303098613678	null	null	5.817934274684427	0.12658299768808134	null	person		9.9	Turtle	false	1.0	1.0	up	1.0	0.0	0.0	0.0	1.0	NOBODY	60.0
5	-1	114.45311881612628	null	null	5.674714104048829	-4.049053423854387	null	person		9.9	Turtle	false	1.0	1.0	up	13.0	0.0	0.0	0.0	13.0	NOBODY	60.0
6	-1	117.40296955597438	null	null	-0.14725945269596497	0.3118371241993056	null	person		9.9	Turtle	false	1.0	1.0	up	13.0	0.0	0.0	0.0	13.0	NOBODY	60.0
7	-1	129.50845617396803	null	null	5.407993987843262	6.9111182588687745	null	person		9.9	Turtle	false	1.0	1.0	up	4.0	0.0	0.0	0.0	4.0	NOBODY	60.0
8	-1	245.25932077854895	null	null	-0.9648747569056035	-5.206223720576202	null	person		9.9	Turtle	false	1.0	1.0	up	6.0	0.0	0.0	0.0	6.0	NOBODY	60.0
9	-1	146.91051712102808	null	null	-0.1608445980139801	1.4054304088226375	null	person		9.9	Turtle	false	1.0	1.0	up	7.0	0.0	0.0	0.0	7.0	turtle 43	60.0
10	-1	77.75986515028745	null	null	-6.793463946094382	4.59024543390921	null	person		9.9	Turtle	false	1.0	1.0	up	17.0	0.0	0.0	0.0	17.0	NOBODY	60.0
11	-1	120.56046404007475	null	null	-6.279896915953323	5.521559598545891	null	person		9.9	Turtle	false	1.0	1.0	up	0.0	5.0	0.0	144.35999999999999	-5.0	NOBODY	60.0
12	-1	132.49247348160253	null	null	4.6637514951729155	-8.432616103664044	null	person		9.9	Turtle	false	1.0	1.0	up	4.0	0.0	0.0	0.0	4.0	NOBODY	60.0
13	-1	53.201404096251395	null	null	7.218576510435413	7.803549823270802	null	person		9.9	Turtle	false	1.0	1.0	up	5.0	0.0	0.0	0.0	5.0	NOBODY	60.0
14	-1	182.0655841444808	null	null	-7.880247179382814	4.890730544217424	null	person		9.9	Turtle	false	1.0	1.0	up	2.0	0.0	0.0	0.0	2.0	NOBODY	60.0
15	-1	52.04588413394907	null	null	2.6907534440936334	8.141609726908326	null	person		9.9	Turtle	false	1.0	1.0	up	7.0	0.0	0.0	0.0	7.0	NOBODY	60.0
16	-1	328.32507670182054	null	null	4.3697664468875494	4.22441908370136	null	person		9.9	Turtle	false	1.0	1.0	up	7.0	0.0	0.0	0.0	7.0	NOBODY	60.0
17	-1	347.949187583405	null	null	7.1897340797111475	-5.480677711696469	null	person		9.9	Turtle	false	1.0	1.0	up	7.0	0.0	0.0	0.0	7.0	turtle 42	60.0
18	-1	275.1261470582692	null	null	-3.0883380325003946	-6.101499409219025	null	person		9.9	Turtle	false	1.0	1.0	up	11.0	0.0	0.0	0.0	11.0	NOBODY	60.0
19	-1	110.66342209824	null	null	5.441679282470846	3.7095645148071625	null	person		9.9	Turtle	false	1.0	1.0	up	11.0	0.0	0.0	0.0	11.0	NOBODY	60.0
20	-1	97.40488832964229	null	null	-6.225505626821167	3.198290980053123	null	person		9.9	Turtle	false	1.0	1.0	up	0.0	9.0	0.0	136.64	-9.0	turtle 34	60.0
21	-1	268.3632488680336	null	null	2.533774399760216	3.3897508780712147	null	person		9.9	Turtle	false	1.0	1.0	up	2.0	0.0	0.0	0.0	2.0	NOBODY	60.0
22	-1	51.28754741313776	null	null	0.6667459649166881	-4.548294050068204	null	person		9.9	Turtle	false	1.0	1.0	up	0.0	1.0	0.0	143.84	-1.0	NOBODY	60.0
23	-1	159.42653374405234	null	null	4.218839571116133	2.5403107417802473	null	person		9.9	Turtle	false	1.0	1.0	up	0.0	3.0	0.0	138.64	-3.0	turtle 21	60.0
24	-1	113.38762910602975	null	null	-7.526735247972369	0.059379621057867316	null	person		9.9	Turtle	false	1.0	1.0	up	11.0	0.0	0.0	0.0	11.0	turtle 30	60.0
25	-1	285.207674581648	null	null	1.984618814754974	-7.379061463207047	null	person		9.9	Turtle	false	1.0	1.0	up	8.0	0.0	0.0	0.0	8.0	NOBODY	60.0
26	-1	282.9219211970968	null	null	6.798864670979549	-6.602541209050105	null	person		9.9	Turtle	false	1.0	1.0	up	1.0	0.0	0.0	142.32	1.0	NOBODY	60.0
27	-1	107.59683078009778	null	null	-0.5390332166368678	1.9625322595491772	null	person		9.9	Turtle	false	1.0	1.0	up	5.0	0.0	0.0	0.0	5.0	turtle 46	60.0
28	-1	64.6333130950432	null	null	4.3663937965042905	-5.672913833893914	null	person		9.9	Turtle	false	1.0	1.0	up	7.0	0.0	0.0	146.0	7.0	NOBODY	60.0
29	-1	283.25056799540835	null	null	7.977374069521465	-6.881550151378194	null	person		9.9	Turtle	false	1.0	1.0	up	0.0	4.0	0.0	131.64	-4.0	turtle 26	60.0
30	-1	283.8987909807993	null	null	-8.073135229361007	0.12361621652329621	null	person		9.9	Turtle	false	1.0	1.0	up	0.0	0.0	0.0	0.0	0.0	turtle 24	60.0
31	-1	10.823258781471225	null	null	-2.77722527351805	-3.2462633920214694	null	person		9.9	Turtle	false	1.0	1.0	up	8.0	0.0	0.0	0.0	8.0	NOBODY	60.0
32	-1	216.41264548544854	null	null	-4.94632238412793	2.0146412183570854	null	person		9.9	Turtle	false	1.0	1.0	up	12.0	0.0	0.0	0.0	12.0	NOBODY	60.0
33	-1	292.03086299499336	null	null	-4.632722028639197	3.872376471961953	null	person		9.9	Turtle	false	1.0	1.0	up	8.0	0.0	0.0	0.0	8.0	turtle 51	60.0
34	-1	96.17517494186166	null	null	-5.659394060609886	3.2854227575764963	null	person		9.9	Turtle	false	1.0	1.0	up	7.0	0.0	0.0	0.0	7.0	NOBODY	60.0
35	-1	197.66345354305267	null	null	8.307860954741995	-1.3066008443991497	null	person		9.9	Turtle	false	1.0	1.0	up	7.0	0.0	0.0	0.0	7.0	NOBODY	60.0
36	-1	94.84669508598682	null	null	-6.096878285654347	-7.847124597939147	null	person		9.9	Turtle	false	1.0	1.0	up	4.0	0.0	0.0	150.07999999999998	4.0	NOBODY	60.0
37	-1	237.64880077879982	null	null	1.7245025420515085	2.9437221667644757	null	person		9.9	Turtle	false	1.0	1.0	up	2.0	0.0	0.0	0.0	2.0	NOBODY	60.0
38	-1	299.30835817860526	null	null	-2.0225471134643924	-1.7460301085161083	null	person		9.9	Turtle	false	1.0	1.0	up	0.0	12.0	0.0	142.68	-12.0	NOBODY	60.0
39	-1	213.80941867637685	null	null	-7.070598891510972	-3.8880888700823006	null	person		9.9	Turtle	false	1.0	1.0	up	6.0	0.0	0.0	0.0	6.0	NOBODY	60.0
40	-1	136.1647298930119	null	null	5.402208469357417	-3.423667079786809	null	person		9.9	Turtle	false	1.0	1.0	up	2.0	0.0	0.0	151.16	2.0	NOBODY	60.0
41	-1	19.186577051035897	null	null	-8.449624023046487	0.5918492247469485	null	person		9.9	Turtle	false	1.0	1.0	up	6.0	0.0	0.0	0.0	6.0	turtle 45	60.0
42	-1	315.8429982551927	null	null	7.119554990221124	-5.078812686598052	null	person		9.9	Turtle	false	1.0	1.0	up	3.0	0.0	0.0	148.0	3.0	NOBODY	60.0
43	-1	259.4083216583824	null	null	0.37329573055205223	1.2774225152682939	null	person		9.9	Turtle	false	1.0	1.0	up	9.0	0.0	0.0	0.0	9.0	NOBODY	60.0
44	-1	246.81295680700958	null	null	-4.882553886398226	7.393307202487406	null	person		9.9	Turtle	false	1.0	1.0	up	11.0	0.0	0.0	0.0	11.0	NOBODY	60.0
45	-1	154.08983899912815	null	null	-7.556809350945214	1.2186418332492142	null	person		9.9	Turtle	false	1.0	1.0	up	1.0	0.0	0.0	0.0	1.0	NOBODY	60.0
46	-1	116.11390593711496	null	null	0.1997868700264549	1.9765235181319427	null	person		9.9	Turtle	false	1.0	1.0	up	6.0	0.0	0.0	0.0	6.0	NOBODY	60.0
47	-1	112.37430147958219	null	null	-0.6647653460244405	2.954253956617416	null	person		9.9	Turtle	false	1.0	1.0	up	4.0	0.0	0.0	0.0	4.0	NOBODY	60.0
48	-1	242.9302252531586	null	null	0.9340364403295878	-4.649635687469566	null	person		9.9	Turtle	false	1.0	1.0	up	7.0	0.0	0.0	0.0	7.0	turtle 22	60.0
49	-1	21.06307254412684	null	null	4.317118655896217	1.593751934817867	null	person		9.9	Turtle	false	1.0	1.0	up	11.0	0.0	0.0	0.0	11.0	NOBODY	60.0
50	-1	203.74268802908446	null	null	1.4412145825849547	-2.1149349251626663	null	person		9.9	Turtle	false	1.0	1.0	up	10.0	0.0	0.0	0.0	10.0	NOBODY	60.0
51	-1	125.50572723945113	null	null	-4.60386706112041	3.33218080052484	null	person		9.9	Turtle	false	1.0	1.0	up	20.0	0.0	0.0	0.0	20.0	NOBODY	60.0
52	-1	45.27828418190779	null	null	0.9514036487206499	-1.0696976333233903	null	person		9.9	Turtle	false	1.0	1.0	up	21.0	0.0	0.0	0.0	21.0	NOBODY	60.0
53	-1	70.3652331755261	null	null	-1.5536802121883155	-4.0886210850189855	null	person		9.9	Turtle	false	1.0	1.0	up	1.0	0.0	0.0	0.0	1.0	NOBODY	60.0
54	-1	158.63648266525047	null	null	-3.726722156562401	4.687446075616805	null	person		9.9	Turtle	false	1.0	1.0	up	2.0	0.0	0.0	0.0	2.0	NOBODY	60.0
55	-1	276.53475756754324	null	null	-8.35766714743146	-2.5476982337979646	null	person		9.9	Turtle	false	1.0	1.0	up	10.0	0.0	0.0	0.0	10.0	NOBODY	60.0
56	-1	82.15881843259137	null	null	4.32274543781895	-4.4990439587815825	null	person		9.9	Turtle	false	1.0	1.0	up	6.0	0.0	0.0	0.0	6.0	NOBODY	60.0