0	-1	23.57667329949055	4.7611546223504995	-0.696744638064717	person		9.9	Turtle	false	1.0	1.0	up	4.0	0.0	0.0	0.0	4.0	Nobody
1	-1	189.25640923684549	-1.6011848301950282	8.464024794989932	person		9.9	Turtle	false	1.0	1.0	up	0.0	5.0	0.0	145.23999999999998	-5.0	Nobody
2	-1	333.21604468328036	-7.413083073220388	-4.545882074424798	person		9.9	Turtle	false	1.0	1.0	up	5.0	0.0	0.0	0.0	5.0	Nobody
3	-1	281.11668245222563	4.4756587660196026	-7.959729660946894	person		9.9	Turtle	false	1.0	1.0	up	8.0	0.0	0.0	0.0	8.0	Nobody
4	-1	190.8473565403719	6.544922811516371	7.674772521644101	person		9.9	Turtle	false	1.0	1.0	up	6.0	0.0	0.0	0.0	6.0	Nobody
5	-1	80.64775934871193	5.992094606933226	-6.680235086869316	person		9.9	Turtle	false	1.0	1.0	up	3.0	0.0	0.0	0.0	3.0	Nobody
6	-1	99.08093544042606	5.2257199109678085	-5.466339494803904	person		9.9	Turtle	false	1.0	1.0	up	5.0	0.0	0.0	0.0	5.0	Nobody
7	-1	218.39269131922907	-1.2182971715672681	-7.636576701191933	person		9.9	Turtle	false	1.0	1.0	up	16.0	0.0	0.0	0.0	16.0	turtle 18
8	-1	326.062972206377	-1.3981494766185119	-4.084095037238149	person		9.9	Turtle	false	1.0	1.0	up	5.0	0.0	0.0	0.0	5.0	turtle 50
9	-1	270.84179592663816	-4.388193522424275	1.2391006783993705	person		9.9	Turtle	false	1.0	1.0	up	7.0	0.0	0.0	0.0	7.0	Nobody
10	-1	19.69852920625152	5.60528793204489	-5.818174077069073	person		9.9	Turtle	false	1.0	1.0	up	4.0	0.0	0.0	0.0	4.0	turtle 45
11	-1	246.00657519855508	-3.818183151363489	-6.447750454288957	person		9.9	Turtle	false	1.0	1.0	up	14.0	0.0	0.0	0.0	14.0	Nobody
12	-1	359.7150073685203	-4.132901035333045	8.37104421224403	person		9.9	Turtle	false	1.0	1.0	up	4.0	0.0	0.0	0.0	4.0	Nobody
13	-1	132.55680492416607	-4.0787259234879345	-3.4205724482858653	person		9.9	Turtle	false	1.0	1.0	up	1.0	0.0	0.0	0.0	1.0	Nobody
14	-1	319.40488441437924	-0.09673113583287973	3.4120331867410503	person		9.9	Turtle	false	1.0	1.0	up	4.0	0.0	0.0	0.0	4.0	Nobody
15	-1	70.69548470368397	7.467660040605743	7.662866671683453	person		9.9	Turtle	false	1.0	1.0	up	3.0	0.0	0.0	0.0	3.0	turtle 4
16	-1	132.5662613535738	5.125608381334106	3.8320252730012756	person		9.9	Turtle	false	1.0	1.0	up	10.0	0.0	0.0	0.0	10.0	Nobody
17	-1	119.89545915219554	6.742237798984037	-0.3699285575205145	person		9.9	Turtle	false	1.0	1.0	up	5.0	0.0	0.0	0.0	5.0	Nobody
18	-1	358.7654713702938	-0.7080547761014663	-6.990620592258859	person		9.9	Turtle	false	1.0	1.0	up	14.0	0.0	0.0	0.0	14.0	Nobody
19	-1	235.7349509737529	-5.252043520317278	-8.188923460903089	person		9.9	Turtle	false	1.0	1.0	up	9.0	0.0	0.0	0.0	9.0	Nobody
20	-1	93.31562365843865	2.170917162623182	7.558354282765775	person		9.9	Turtle	false	1.0	1.0	up	4.0	0.0	0.0	0.0	4.0	Nobody
21	-1	32.50544235261032	4.509776848827044	4.394221837859057	person		9.9	Turtle	false	1.0	1.0	up	9.0	0.0	0.0	0.0	9.0	turtle 16
22	-1	178.06378059185744	1.6113721141399924	-5.562877545816755	person		9.9	Turtle	false	1.0	1.0	up	5.0	0.0	0.0	0.0	5.0	Nobody
23	-1	182.5728201703484	-1.702666032091685	0.9008292531024212	person		9.9	Turtle	false	1.0	1.0	up	1.0	0.0	0.0	0.0	1.0	Nobody
24	-1	241.25941749820745	0.06412838228221462	-1.7511645506303863	person		9.9	Turtle	false	1.0	1.0	up	2.0	0.0	0.0	0.0	2.0	Nobody
25	-1	194.3094963032169	-5.675066808220763	1.2317673714587083	person		9.9	Turtle	false	1.0	1.0	up	10.0	0.0	0.0	0.0	10.0	Nobody
26	-1	143.52342374469094	0.5935243319955305	-6.38230674802198	person		9.9	Turtle	false	1.0	1.0	up	2.0	0.0	0.0	0.0	2.0	Nobody
27	-1	205.89269029680577	-1.3678681122653438	5.681769262516665	person		9.9	Turtle	false	1.0	1.0	up	7.0	0.0	0.0	0.0	7.0	Nobody
28	-1	314.3431479702701	-3.752152602358962	-6.3946925547336715	person		9.9	Turtle	false	1.0	1.0	up	0.0	1.0	0.0	143.12	-1.0	turtle 11
29	-1	317.38963620409527	0.9075874886390543	4.855897352206038	person		9.9	Turtle	false	1.0	1.0	up	1.0	0.0	0.0	0.0	1.0	Nobody
30	-1	91.49561295927793	-5.498892281665303	2.2361077605010338	person		9.9	Turtle	false	1.0	1.0	up	8.0	0.0	0.0	0.0	8.0	Nobody
31	-1	227.63847615223608	-2.35678316886914	-6.6400077546544924	person		9.9	Turtle	false	1.0	1.0	up	0.0	4.0	0.0	148.32	-4.0	Nobody
32	-1	144.1360394715928	-6.49280537359068	-4.737805462787499	person		9.9	Turtle	false	1.0	1.0	up	5.0	0.0	0.0	0.0	5.0	Nobody
33	-1	26.585249350868935	-4.423071955905575	-8.471168124353035	person		9.9	Turtle	false	1.0	1.0	up	7.0	0.0	0.0	0.0	7.0	Nobody
34	-1	93.9328700503732	2.951299268229983	-7.333149594345031	person		9.9	Turtle	false	1.0	1.0	up	3.0	0.0	0.0	0.0	3.0	Nobody
35	-1	9.416393716210678	2.4134108311910434	4.054790158281673	person		9.9	Turtle	false	1.0	1.0	up	9.0	0.0	0.0	0.0	9.0	turtle 29
36	-1	289.0760195794584	-3.2044893841371764	-3.566028704198878	person		9.9	Turtle	false	1.0	1.0	up	3.0	0.0	0.0	0.0	3.0	Nobody
37	-1	81.0037640941066	7.902222729894289	-6.392731422978997	person		9.9	Turtle	false	1.0	1.0	up	3.0	0.0	0.0	0.0	3.0	Nobody
38	-1	42.29543518079663	6.529614498168354	5.796872602420726	person		9.9	Turtle	false	1.0	1.0	up	9.0	0.0	0.0	0.0	9.0	Nobody
39	-1	47.09758229315802	-2.2856862868678096	-1.5855675645948741	person		9.9	Turtle	false	1.0	1.0	up	4.0	0.0	0.0	0.0	4.0	Nobody
40	-1	129.52912225745877	-8.278821429397413	-4.855252889375889	person		9.9	Turtle	false	1.0	1.0	up	9.0	0.0	0.0	0.0	9.0	Nobody
41	-1	203.43481833528858	-6.490977271306273	-7.771010369588654	person		9.9	Turtle	false	1.0	1.0	up	5.0	0.0	0.0	0.0	5.0	Nobody
42	-1	306.0427581710513	-3.0269781000243574	-0.6710699547959089	person		9.9	Turtle	false	1.0	1.0	up	4.0	0.0	0.0	0.0	4.0	Nobody
43	-1	76.16850445077131	-3.22335127884745	2.836915186928811	person		9.9	Turtle	false	1.0	1.0	up	2.0	0.0	0.0	0.0	2.0	Nobody
44	-1	92.31808570557098	-0.6716931927104093	2.126613195727818	person		9.9	Turtle	false	1.0	1.0	up	2.0	0.0	0.0	0.0	2.0	Nobody
45	-1	212.04622348216685	5.653438150063233	-7.189699921298701	person		9.9	Turtle	false	1.0	1.0	up	13.0	0.0	0.0	0.0	13.0	turtle 5
46	-1	61.87484677650485	6.2568455407437815	8.36710312558822	person		9.9	Turtle	false	1.0	1.0	up	3.0	0.0	0.0	0.0	3.0	Nobody
47	-1	62.596327202872146	6.188705389497568	-8.021783934425263	person		9.9	Turtle	false	1.0	1.0	up	10.0	0.0	0.0	0.0	10.0	Nobody
48	-1	84.944549609707	-0.23769263927064543	2.7731882471569946	person		9.9	Turtle	false	1.0	1.0	up	7.0	0.0	0.0	0.0	7.0	turtle 14
49	-1	233.06138411378038	-3.3145488955443057	3.579548297620173	person		9.9	Turtle	false	1.0	1.0	up	4.0	0.0	0.0	0.0	4.0	Nobody
50	-1	264.2717868073822	-1.6499000274084827	-3.731101719680905	person		9.9	Turtle	false	1.0	1.0	up	12.0	0.0	0.0	0.0	12.0	Nobody
51	-1	55.79088881358729	-0.18149393657862622	3.478358307695407	person		9.9	Turtle	false	1.0	1.0	up	10.0	0.0	0.0	0.0	10.0	turtle 48
52	-1	106.76291755862127	-6.190995960030051	-3.1410278246332113	person		9.9	Turtle	false	1.0	1.0	up	1.0	0.0	0.0	0.0	1.0	Nobody
53	-1	134.41416693661648	2.8165655466674338	-0.08074901974499704	person		9.9	Turtle	false	1.0	1.0	up	1.0	0.0	0.0	0.0	1.0	Nobody
54	-1	339.2995286875124	7.63389312591308	5.007973087534818	person		9.9	Turtle	false	1.0	1.0	up	9.0	0.0	0.0	0.0	9.0	Nobody
55	-1	317.6905927405839	6.211209810920429	-3.957643858544471	person		9.9	Turtle	false	1.0	1.0	up	9.0	0.0	0.0	0.0	9.0	Nobody
56	-1	123.20232492513632	-5.170739858919067	1.1166738165683676	person		9.9	Turtle	false	1.0	1.0	up	0.0	1.0	0.0	146.23999999999998	-1.0	Nobody
0	-1	192.59371328371262	4.758947151234837	-3.593675932306975	person		9.9	Turtle	false	1.0	1.0	up	6.0	0.0	0.0	0.0	6.0	Nobody
1	-1	187.76457439635482	-0.5705884061860195	8.251076541892497	person		9.9	Turtle	false	1.0	1.0	up	0.0	12.0	0.0	141.07999999999998	-12.0	Nobody
2	-1	76.18696047680356	-7.634409543281576	-3.368337363263633	person		9.9	Turtle	false	1.0	1.0	up	7.0	0.0	0.0	0.0	7.0	Nobody
3	-1	303.10947533868466	2.631230980987308	-5.686564422498253	person		9.9	Turtle	false	1.0	1.0	up	8.0	0.0	0.0	0.0	8.0	turtle 34
4	-1	48.513752292044444	5.309066574795877	8.093018872786507	person		9.9	Turtle	false	1.0	1.0	up	4.0	0.0	0.0	0.0	4.0	Nobody
5	-1	35.417649170327024	6.6948908450958475	-5.742868894280471	person		9.9	Turtle	false	1.0	1.0	up	3.0	0.0	0.0	0.0	3.0	Nobody
6	-1	100.52744525008359	5.438565306559137	-7.194948323660447	person		9.9	Turtle	false	1.0	1.0	up	0.0	0.0	0.0	0.0	0.0	Nobody
7	-1	226.9894695434446	-1.4215111465739967	8.406146755241773	person		9.9	Turtle	false	1.0	1.0	up	18.0	0.0	0.0	0.0	18.0	turtle 1
8	-1	275.80747894542856	-2.48806937720411	-4.051699537408469	person		9.9	Turtle	false	1.0	1.0	up	5.0	0.0	0.0	0.0	5.0	Nobody
9	-1	137.4489637248417	-3.969089701972898	0.543223506470704	person		9.9	Turtle	false	1.0	1.0	up	7.0	0.0	0.0	0.0	7.0	Nobody
10	-1	25.12701290723146	6.388246222206014	-3.0852286551391073	person		9.9	Turtle	false	1.0	1.0	up	4.0	0.0	0.0	0.0	4.0	Nobody
11	-1	206.56965906903167	-4.402124963521825	-6.650348211614727	person		9.9	Turtle	false	1.0	1.0	up	14.0	0.0	0.0	0.0	14.0	Nobody
12	-1	266.2144118147671	-4.674378627765607	-8.472491012403506	person		9.9	Turtle	false	1.0	1.0	up	4.0	0.0	0.0	0.0	4.0	Nobody
13	-1	243.15335923730277	-4.656632516532332	-3.6283785107712725	person		9.9	Turtle	false	1.0	1.0	up	1.0	0.0	0.0	0.0	1.0	Nobody
14	-1	337.2960169641734	-0.9180433224426479	3.899833033114655	person		9.9	Turtle	false	1.0	1.0	up	9.0	0.0	0.0	0.0	9.0	Nobody
15	-1	140.88053643865877	-7.838636940773662	5.624047236802224	person		9.9	Turtle	false	1.0	1.0	up	3.0	0.0	0.0	0.0	3.0	Nobody
16	-1	165.36585984143267	3.4829965661286932	3.0746356217910122	person		9.9	Turtle	false	1.0	1.0	up	10.0	0.0	0.0	0.0	10.0	Nobody
17	-1	358.79717886573326	5.809675350196688	0.2608859243905717	person		9.9	Turtle	false	1.0	1.0	up	5.0	0.0	0.0	0.0	5.0	Nobody
18	-1	311.0694746361802	-0.3488563033204999	-7.746779194710304	person		9.9	Turtle	false	1.0	1.0	up	19.0	0.0	0.0	0.0	19.0	Nobody
19	-1	332.1695471269112	-7.434559195990515	-7.457683920928339	person		9.9	Turtle	false	1.0	1.0	up	14.0	0.0	0.0	0.0	14.0	Nobody
20	-1	283.0524621705787	0.522648805963727	-8.065692663241059	person		9.9	Turtle	false	1.0	1.0	up	4.0	0.0	0.0	0.0	4.0	Nobody
21	-1	73.87236867670308	7.079712072383534	5.294683668376931	person		9.9	Turtle	false	1.0	1.0	up	9.0	0.0	0.0	0.0	9.0	Nobody
22	-1	3.9676623810107685	2.4714964988900854	-6.111029204677721	person		9.9	Turtle	false	1.0	1.0	up	0.0	0.0	0.0	0.0	0.0	turtle 26
23	-1	221.60439790247688	-2.259149556056934	0.2984442814237086	person		9.9	Turtle	false	1.0	1.0	up	1.0	0.0	0.0	0.0	1.0	Nobody
24	-1	290.19115513626963	1.035523690491284	-0.8390640536262532	person		9.9	Turtle	false	1.0	1.0	up	2.0	0.0	0.0	0.0	2.0	Nobody
25	-1	138.5531147345798	-4.475665824432475	0.2744949121173226	person		9.9	Turtle	false	1.0	1.0	up	10.0	0.0	0.0	0.0	10.0	Nobody
26	-1	193.12772096523375	1.377995193123767	-6.871728612664906	person		9.9	Turtle	false	1.0	1.0	up	7.0	0.0	0.0	0.0	7.0	Nobody
27	-1	259.86232192401013	-0.5048547561475775	5.838595515670148	person		9.9	Turtle	false	1.0	1.0	up	7.0	0.0	0.0	0.0	7.0	Nobody
28	-1	102.90531591093963	-3.6883278620145408	-4.914821744664655	person		9.9	Turtle	false	1.0	1.0	up	0.0	1.0	0.0	143.12	-1.0	Nobody
29	-1	108.26102193714962	0.778510108490515	4.749803767689091	person		9.9	Turtle	false	1.0	1.0	up	0.0	1.0	0.0	133.4	-1.0	turtle 35
30	-1	200.93454450755257	-6.462024499446405	0.5412824248736917	person		9.9	Turtle	false	1.0	1.0	up	8.0	0.0	0.0	0.0	8.0	Nobody
31	-1	259.98657714768706	-3.2935867962603695	-5.041390219460334	person		9.9	Turtle	false	1.0	1.0	up	0.0	9.0	0.0	138.4	-9.0	turtle 36
32	-1	251.24275785903566	-7.229717192599037	-3.205048572862907	person		9.9	Turtle	false	1.0	1.0	up	7.0	0.0	0.0	0.0	7.0	Nobody
33	-1	159.57795038071086	-4.250088209765492	6.862727345723813	person		9.9	Turtle	false	1.0	1.0	up	7.0	0.0	0.0	0.0	7.0	Nobody
34	-1	293.47347034820126	3.260979073457044	-5.853838007852325	person		9.9	Turtle	false	1.0	1.0	up	8.0	0.0	0.0	0.0	8.0	turtle 3
35	-1	156.63330910947138	1.8269642437912	4.45209181595999	person		9.9	Turtle	false	1.0	1.0	up	11.0	0.0	0.0	0.0	11.0	Nobody
36	-1	205.54215857005107	-3.453447490566247	-5.137484236563736	person		9.9	Turtle	false	1.0	1.0	up	8.0	0.0	0.0	0.0	8.0	Nobody
37	-1	78.8255612221235	-7.920624671223488	-7.794677061684036	person		9.9	Turtle	false	1.0	1.0	up	0.0	2.0	0.0	136.07999999999998	-2.0	Nobody
38	-1	333.4624863176929	5.303697573173475	5.188549560310792	person		9.9	Turtle	false	1.0	1.0	up	9.0	0.0	0.0	0.0	9.0	Nobody
39	-1	219.51546695051647	-1.9999782707477203	-3.0146371775341114	person		9.9	Turtle	false	1.0	1.0	up	4.0	0.0	0.0	0.0	4.0	Nobody
40	-1	141.2223381436462	-6.990119971278536	-4.733622056431928	person		9.9	Turtle	false	1.0	1.0	up	2.0	0.0	0.0	0.0	2.0	turtle 52
41	-1	150.80811347228405	-6.561551593015974	8.147642441154638	person		9.9	Turtle	false	1.0	1.0	up	0.0	0.0	0.0	0.0	0.0	Nobody
42	-1	329.12169133857674	-2.7414707127076836	-1.4992578502734542	person		9.9	Turtle	false	1.0	1.0	up	4.0	0.0	0.0	0.0	4.0	Nobody
43	-1	287.990293735475	-5.361654223188762	4.6501399536990515	person		9.9	Turtle	false	1.0	1.0	up	2.0	0.0	0.0	0.0	2.0	Nobody
44	-1	276.26875262293464	-1.447476812639252	2.7277250449165713	person		9.9	Turtle	false	1.0	1.0	up	0.0	0.0	0.0	0.0	0.0	turtle 48
45	-1	352.76500425053985	7.415835778169807	-6.666978857604478	person		9.9	Turtle	false	1.0	1.0	up	14.0	0.0	0.0	0.0	14.0	Nobody
46	-1	220.942000727635	5.765213800611855	5.673476383942353	person		9.9	Turtle	false	1.0	1.0	up	5.0	0.0	0.0	0.0	5.0	Nobody
47	-1	22.698836876022312	8.315687887111842	-7.334472550042203	person		9.9	Turtle	false	1.0	1.0	up	14.0	0.0	0.0	0.0	14.0	Nobody
48	-1	342.09359299746063	-1.3651460877302883	3.706870927211394	person		9.9	Turtle	false	1.0	1.0	up	6.0	0.0	0.0	0.0	6.0	turtle 14
49	-1	288.38085320264315	-5.2845810779018985	4.161246187763895	person		9.9	Turtle	false	1.0	1.0	up	4.0	0.0	0.0	0.0	4.0	Nobody
50	-1	12.998552817786276	-0.9895793046912718	-1.698400424513662	person		9.9	Turtle	false	1.0	1.0	up	12.0	0.0	0.0	0.0	12.0	turtle 39
51	-1	301.1591669169721	-1.2292661726399532	2.2691758041178223	person		9.9	Turtle	false	1.0	1.0	up	8.0	0.0	0.0	0.0	8.0	Nobody
52	-1	195.50407022246583	-7.028099716401134	-4.579156439928293	person		9.9	Turtle	false	1.0	1.0	up	4.0	0.0	0.0	142.07999999999998	4.0	Nobody
53	-1	94.41685477356127	5.022139299293024	-0.6720636099160491	person		9.9	Turtle	false	1.0	1.0	up	1.0	0.0	0.0	0.0	1.0	Nobody
54	-1	49.89387370452954	-7.8526190851726945	4.733559304840904	person		9.9	Turtle	false	1.0	1.0	up	9.0	0.0	0.0	0.0	9.0	Nobody
55	-1	170.3030541759333	5.597643615529101	-4.187566001420687	person		9.9	Turtle	false	1.0	1.0	up	7.0	0.0	0.0	0.0	7.0	Nobody
56	-1	313.3639647555561	-6.0765735521794095	1.8531932216772173	person		9.9	Turtle	false	1.0	1.0	up	0.0	1.0	0.0	134.07999999999998	-1.0	Nobody
0	-1	143.8959218576902	6.083890332617013	-4.966563658799831	person		9.9	Turtle	false	1.0	1.0	up	6.0	0.0	2.0	0.0	6.0	Nobody
1	-1	47.64365085244742	2.6965315385550066	7.408348835484194	person		9.9	Turtle	false	1.0	1.0	up	0.0	12.0	0.0	141.07999999999998	-12.0	Nobody
2	-1	300.03387318641336	-8.358870670361133	-4.052230992898892	person		9.9	Turtle	false	1.0	1.0	up	12.0	0.0	0.0	0.0	12.0	Nobody
3	-1	185.2035443545695	1.6387239278158965	-5.8346180079778724	person		9.9	Turtle	false	1.0	1.0	up	8.0	0.0	0.0	0.0	8.0	Nobody
4	-1	132.91513567632765	5.196019152575318	8.123695448987382	person		9.9	Turtle	false	1.0	1.0	up	0.0	1.0	0.0	134.32	-1.0	Nobody
5	-1	150.85889893880778	-8.489957018067608	-6.275736367998892	person		9.9	Turtle	false	1.0	1.0	up	8.0	0.0	0.0	0.0	8.0	turtle 45
6	-1	329.2369989162137	3.3187869463007793	-7.412935243131605	person		9.9	Turtle	false	1.0	1.0	up	5.0	0.0	0.0	0.0	5.0	Nobody
7	-1	213.43378132519626	-2.189776377628297	7.577206703832631	person		9.9	Turtle	false	1.0	1.0	up	18.0	0.0	0.0	0.0	18.0	Nobody
8	-1	209.98941245908276	-1.563528227043888	-2.838808949549798	person		9.9	Turtle	false	1.0	1.0	up	5.0	0.0	0.0	0.0	5.0	Nobody
9	-1	139.69229609620785	-2.3362305509524646	-0.7319508753092724	person		9.9	Turtle	false	1.0	1.0	up	9.0	0.0	0.0	0.0	9.0	Nobody
10	-1	294.87683817537686	3.95836291029749	-3.845019950779786	person		9.9	Turtle	false	1.0	1.0	up	0.0	1.0	0.0	135.32	-1.0	Nobody
11	-1	131.57689418101137	-3.3040827182327135	-7.198395846180031	person		9.9	Turtle	false	1.0	1.0	up	16.0	0.0	0.0	0.0	16.0	Nobody
12	-1	113.25680883325157	-3.1981326637558816	7.4966097554663635	person		9.9	Turtle	false	1.0	1.0	up	4.0	0.0	0.0	0.0	4.0	Nobody
13	-1	43.35087087756165	-4.119617767289231	-3.13708588810973	person		9.9	Turtle	false	1.0	1.0	up	1.0	0.0	0.0	0.0	1.0	Nobody
14	-1	146.54135017707736	2.030220254445424	3.403635485941126	person		9.9	Turtle	false	1.0	1.0	up	4.0	0.0	0.0	0.0	4.0	Nobody
15	-1	137.8895444522719	-7.666698528001662	4.766746347546293	person		9.9	Turtle	false	1.0	1.0	up	3.0	0.0	0.0	0.0	3.0	Nobody
16	-1	208.36487867565154	1.4092771753301505	3.0960366439463494	person		9.9	Turtle	false	1.0	1.0	up	15.0	0.0	0.0	0.0	15.0	Nobody
17	-1	316.79327789066906	7.733999125075414	0.5862566814525697	person		9.9	Turtle	false	1.0	1.0	up	5.0	0.0	0.0	0.0	5.0	Nobody
18	-1	233.77943818036948	-2.879731676145776	6.413240243407827	person		9.9	Turtle	false	1.0	1.0	up	24.0	0.0	0.0	0.0	24.0	Nobody
19	-1	203.08884150049607	-7.33825683769437	-7.91569399878572	person		9.9	Turtle	false	1.0	1.0	up	14.0	0.0	0.0	0.0	14.0	Nobody
20	-1	169.74397638444327	-1.780579944987881	-7.780993958059616	person		9.9	Turtle	false	1.0	1.0	up	0.0	1.0	0.0	132.79999999999998	-1.0	Nobody
21	-1	351.46990917312974	5.388784977566874	6.395138164981115	person		9.9	Turtle	false	1.0	1.0	up	9.0	0.0	-2.0	0.0	9.0	turtle 38
22	-1	200.47013745161158	1.0267617386287993	-6.919234354053521	person		9.9	Turtle	false	1.0	1.0	up	0.0	0.0	0.0	0.0	0.0	Nobody
23	-1	135.66753250825553	-0.6225589938640379	-0.35986749910864946	person		9.9	Turtle	false	1.0	1.0	up	1.0	0.0	0.0	0.0	1.0	turtle 42
24	-1	62.84184869761043	1.481171072104545	0.33834359655747215	person		9.9	Turtle	false	1.0	1.0	up	2.0	0.0	0.0	0.0	2.0	Nobody
25	-1	237.42162067953757	-6.184865044704004	-0.44773651775053774	person		9.9	Turtle	false	1.0	1.0	up	8.0	0.0	0.0	0.0	8.0	Nobody
26	-1	240.8509491574316	1.8275147868282904	-6.112538663031732	person		9.9	Turtle	false	1.0	1.0	up	7.0	0.0	0.0	0.0	7.0	turtle 3
27	-1	283.9245990865985	-0.26946039035315816	7.007540104015096	person		9.9	Turtle	false	1.0	1.0	up	7.0	0.0	0.0	0.0	7.0	Nobody
28	-1	129.16828114768205	-3.9759546483568435	-5.8907347383329185	person		9.9	Turtle	false	1.0	1.0	up	0.0	3.0	-5.0	134.23999999999998	-3.0	turtle 39
29	-1	110.4612513584209	3.052585372725638	3.5616134221243154	person		9.9	Turtle	false	1.0	1.0	up	4.0	0.0	0.0	133.4	4.0	Nobody
30	-1	88.86129005397771	-6.859442219609859	-0.12992729428267072	person		9.9	Turtle	false	1.0	1.0	up	8.0	0.0	0.0	0.0	8.0	Nobody
31	-1	188.3608327671626	-2.2035326374726245	-5.516333040285613	person		9.9	Turtle	false	1.0	1.0	up	0.0	4.0	0.0	138.4	-4.0	Nobody
32	-1	357.7734587935905	-8.338210080331473	-3.33292578899134	person		9.9	Turtle	false	1.0	1.0	up	2.0	0.0	0.0	0.0	2.0	Nobody
33	-1	297.23065447731665	-4.447271838149322	6.896165951136099	person		9.9	Turtle	false	1.0	1.0	up	7.0	0.0	0.0	0.0	7.0	Nobody
34	-1	335.8924339005167	4.476662986082062	-4.665921701512536	person		9.9	Turtle	false	1.0	1.0	up	8.0	0.0	0.0	0.0	8.0	Nobody
35	-1	211.60843851784472	2.648239550748291	3.4881931371972117	person		9.9	Turtle	false	1.0	1.0	up	6.0	0.0	0.0	0.0	6.0	Nobody
36	-1	111.0651035289768	-1.1010208008125155	-6.424188094607197	person		9.9	Turtle	false	1.0	1.0	up	3.0	0.0	0.0	0.0	3.0	Nobody
37	-1	324.92556593105496	-6.257296054735841	-7.926599892370328	person		9.9	Turtle	false	1.0	1.0	up	0.0	4.0	0.0	134.79999999999998	-4.0	Nobody
38	-1	47.48579147103955	5.360794796095118	6.1005696111413235	person		9.9	Turtle	false	1.0	1.0	up	9.0	0.0	2.0	0.0	9.0	Nobody
39	-1	209.53302108954108	-3.792776015951244	-5.80721152989709	person		9.9	Turtle	false	1.0	1.0	up	4.0	0.0	5.0	0.0	4.0	Nobody
40	-1	81.87757851436498	-4.394615800368485	-5.4454184815469455	person		9.9	Turtle	false	1.0	1.0	up	2.0	0.0	0.0	0.0	2.0	Nobody
41	-1	119.24937940859824	-5.222717033342472	8.396418643201807	person		9.9	Turtle	false	1.0	1.0	up	2.0	0.0	0.0	0.0	2.0	Nobody
42	-1	48.163316979547915	-0.8471583011058164	-0.2808027734974412	person		9.9	Turtle	false	1.0	1.0	up	4.0	0.0	0.0	0.0	4.0	turtle 23
43	-1	102.8496690639372	-5.107627114062764	4.157252564052225	person		9.9	Turtle	false	1.0	1.0	up	2.0	0.0	0.0	0.0	2.0	Nobody
44	-1	179.8113504816547	-0.5603806459052736	1.3612077155670101	person		9.9	Turtle	false	1.0	1.0	up	5.0	0.0	0.0	0.0	5.0	Nobody
45	-1	311.8053185376099	7.877448157655557	-5.340034283792479	person		9.9	Turtle	false	1.0	1.0	up	9.0	0.0	2.0	0.0	9.0	Nobody
46	-1	241.09728654426735	5.265988649357745	6.420563755906455	person		9.9	Turtle	false	1.0	1.0	up	5.0	0.0	0.0	0.0	5.0	turtle 38
47	-1	262.1698959353422	6.275404023452775	-6.218305716359756	person		9.9	Turtle	false	1.0	1.0	up	14.0	0.0	0.0	0.0	14.0	Nobody
48	-1	15.908565852669767	-1.4932127395795194	4.827071660233936	person		9.9	Turtle	false	1.0	1.0	up	6.0	0.0	0.0	0.0	6.0	Nobody
49	-1	141.61123236909737	-4.952853298038092	2.7084253687053597	person		9.9	Turtle	false	1.0	1.0	up	4.0	0.0	0.0	0.0	4.0	Nobody
50	-1	62.36330161181661	0.36542319589005934	-2.0342882976676924	person		9.9	Turtle	false	1.0	1.0	up	12.0	0.0	0.0	0.0	12.0	Nobody
51	-1	136.7575866912179	0.4415190550558189	3.3659991612503717	person		9.9	Turtle	false	1.0	1.0	up	3.0	0.0	0.0	0.0	3.0	Nobody
52	-1	244.53964062353566	7.738728947043873	-5.185215003005681	person		9.9	Turtle	false	1.0	1.0	up	4.0	0.0	-2.0	142.07999999999998	4.0	turtle 45
53	-1	311.01642965468056	5.216059762625578	-0.6718376213605266	person		9.9	Turtle	false	1.0	1.0	up	1.0	0.0	0.0	0.0	1.0	Nobody
54	-1	353.05267811799615	-6.641192248755983	6.001751794071209	person		9.9	Turtle	false	1.0	1.0	up	9.0	0.0	0.0	0.0	9.0	Nobody
55	-1	224.33339667783144	5.784163584282031	-5.11601842952988	person		9.9	Turtle	false	1.0	1.0	up	12.0	0.0	-2.0	0.0	12.0	turtle 0
56	-1	329.0797753471329	-7.063705148355224	1.8412941848926474	person		9.9	Turtle	false	1.0	1.0	up	0.0	1.0	0.0	134.07999999999998	-1.0	Nobody
0	-1	182.04601009944417	6.710580799868623	-5.024442577589125	person		9.9	Turtle	false	1.0	1.0	up	23.0	0.0	0.0	0.0	23.0	turtle 45
1	-1	20.000874254357086	1.3112681826904393	-7.678267590481704	person		9.9	Turtle	false	1.0	1.0	up	0.0	12.0	0.0	141.07999999999998	-12.0	Nobody
2	-1	92.16455021760265	-7.641795153196126	-3.2746212801767314	person		9.9	Turtle	false	1.0	1.0	up	15.0	0.0	0.0	0.0	15.0	Nobody
3	-1	94.91802251622903	0.8862528125215381	-6.741397864270661	person		9.9	Turtle	false	1.0	1.0	up	8.0	0.0	0.0	0.0	8.0	turtle 22
4	-1	233.09646348746577	4.395180219600752	6.436510393574489	person		9.9	Turtle	false	1.0	1.0	up	0.0	3.0	0.0	126.68	-3.0	turtle 38
5	-1	24.49970002844492	7.885540199897765	-4.360159736489585	person		9.9	Turtle	false	1.0	1.0	up	3.0	0.0	0.0	0.0	3.0	Nobody
6	-1	2.356598559100348	3.316990943822419	-7.4236802284660115	person		9.9	Turtle	false	1.0	1.0	up	5.0	0.0	0.0	0.0	5.0	Nobody
7	-1	283.8147538346266	-4.323214304510643	8.47953125126125	person		9.9	Turtle	false	1.0	1.0	up	18.0	0.0	0.0	0.0	18.0	Nobody
8	-1	290.15631338639207	-2.4970279522705647	-2.040409601533752	person		9.9	Turtle	false	1.0	1.0	up	2.0	0.0	0.0	0.0	2.0	turtle 23
9	-1	32.63084721650995	-2.0395473319657267	-0.3323715257881412	person		9.9	Turtle	false	1.0	1.0	up	9.0	0.0	0.0	0.0	9.0	Nobody
10	-1	108.2421805125341	4.914867038524616	-4.174889245615825	person		9.9	Turtle	false	1.0	1.0	up	0.0	1.0	0.0	135.32	-1.0	Nobody
11	-1	283.0841759688275	-4.629285314626059	-7.697773494872214	person		9.9	Turtle	false	1.0	1.0	up	16.0	0.0	0.0	0.0	16.0	Nobody
12	-1	288.4138414153802	-3.9057943245676565	7.747926514640422	person		9.9	Turtle	false	1.0	1.0	up	4.0	0.0	0.0	0.0	4.0	turtle 7
13	-1	115.81221856671687	-5.00355920868432	-4.156841170354963	person		9.9	Turtle	false	1.0	1.0	up	1.0	0.0	0.0	0.0	1.0	Nobody
14	-1	234.02744908590685	1.214324839212032	4.59385699958969	person		9.9	Turtle	false	1.0	1.0	up	2.0	0.0	0.0	0.0	2.0	Nobody
15	-1	13.091799015585764	-6.062811844774681	7.189429279933292	person		9.9	Turtle	false	1.0	1.0	up	3.0	0.0	0.0	0.0	3.0	Nobody
16	-1	190.0101217712388	1.0126128248153226	2.80289537868642	person		9.9	Turtle	false	1.0	1.0	up	17.0	0.0	0.0	0.0	17.0	Nobody
17	-1	45.56869595826663	7.147724644007091	-0.13142601687186473	person		9.9	Turtle	false	1.0	1.0	up	8.0	0.0	0.0	0.0	8.0	Nobody
18	-1	61.08682572683722	-1.5236910641883847	8.293083774461957	person		9.9	Turtle	false	1.0	1.0	up	24.0	0.0	0.0	0.0	24.0	Nobody
19	-1	328.10801601963385	-7.666170606297354	-7.012339612861389	person		9.9	Turtle	false	1.0	1.0	up	14.0	0.0	0.0	0.0	14.0	Nobody
20	-1	211.88123314237387	-0.9971998205863735	-7.656663082136912	person		9.9	Turtle	false	1.0	1.0	up	0.0	1.0	0.0	132.79999999999998	-1.0	Nobody
21	-1	210.3266059907554	6.45660189809147	4.956185613695168	person		9.9	Turtle	false	1.0	1.0	up	9.0	0.0	0.0	0.0	9.0	Nobody
22	-1	281.7478114119526	0.13753867027212208	-6.378335074432581	person		9.9	Turtle	false	1.0	1.0	up	0.0	0.0	0.0	0.0	0.0	Nobody
23	-1	286.5199336673419	-1.9602825755704791	-2.0392383364450115	person		9.9	Turtle	false	1.0	1.0	up	4.0	0.0	0.0	0.0	4.0	turtle 8
24	-1	213.83495262147406	2.2059209377508053	-1.2927994447700055	person		9.9	Turtle	false	1.0	1.0	up	2.0	0.0	0.0	0.0	2.0	Nobody
25	-1	178.9288335801475	-5.715037946061673	-3.362389172066478	person		9.9	Turtle	false	1.0	1.0	up	8.0	0.0	0.0	0.0	8.0	Nobody
26	-1	18.32218983503907	2.5939475074270653	-5.578244180601369	person		9.9	Turtle	false	1.0	1.0	up	7.0	0.0	0.0	0.0	7.0	Nobody
27	-1	167.25899372872297	-0.5109689606284673	6.310173135648388	person		9.9	Turtle	false	1.0	1.0	up	10.0	0.0	0.0	0.0	10.0	Nobody
28	-1	258.2824620134058	-3.1869063264296953	-6.185790481753503	person		9.9	Turtle	false	1.0	1.0	up	0.0	8.0	0.0	134.28	-8.0	Nobody
29	-1	291.3603907124435	3.4546836265194694	3.786092402879122	person		9.9	Turtle	false	1.0	1.0	up	6.0	0.0	0.0	133.4	6.0	Nobody
30	-1	125.90364549393541	-6.139410080865139	-0.5118683282754395	person		9.9	Turtle	false	1.0	1.0	up	8.0	0.0	0.0	0.0	8.0	Nobody
31	-1	71.46104467216276	-2.370308910937746	-4.1583435041764965	person		9.9	Turtle	false	1.0	1.0	up	0.0	4.0	0.0	138.4	-4.0	Nobody
32	-1	159.69439487554484	7.957265691551465	-2.569811899963337	person		9.9	Turtle	false	1.0	1.0	up	0.0	1.0	0.0	131.68	-1.0	turtle 2
33	-1	161.44129777296826	-4.8125965583909425	7.713691545968647	person		9.9	Turtle	false	1.0	1.0	up	7.0	0.0	0.0	0.0	7.0	turtle 41
34	-1	249.26326229177755	5.250748311112346	-6.0484219147230265	person		9.9	Turtle	false	1.0	1.0	up	8.0	0.0	0.0	0.0	8.0	Nobody
35	-1	255.6303937286446	3.405877600600358	4.146488437933496	person		9.9	Turtle	false	1.0	1.0	up	4.0	0.0	0.0	0.0	4.0	turtle 29
36	-1	25.22945707610586	-0.6326557855145949	-5.20405061501967	person		9.9	Turtle	false	1.0	1.0	up	3.0	0.0	0.0	0.0	3.0	Nobody
37	-1	244.22257159013097	-6.870023349377882	7.310354550095924	person		9.9	Turtle	false	1.0	1.0	up	0.0	4.0	0.0	134.79999999999998	-4.0	Nobody
38	-1	53.335392277863775	5.05182377119897	6.215952197114839	person		9.9	Turtle	false	1.0	1.0	up	13.0	0.0	0.0	0.0	13.0	Nobody
39	-1	57.54673053716586	-2.8418277116629365	-5.313880642510637	person		9.9	Turtle	false	1.0	1.0	up	11.0	0.0	0.0	0.0	11.0	Nobody
40	-1	133.92022354813827	-3.9510834687706486	-5.989307290998841	person		9.9	Turtle	false	1.0	1.0	up	0.0	0.0	0.0	0.0	0.0	turtle 39
41	-1	231.85978450742124	-6.128900898112429	7.698851671986487	person		9.9	Turtle	false	1.0	1.0	up	2.0	0.0	0.0	0.0	2.0	Nobody
42	-1	344.47710539274874	-1.0367212611698262	1.0346299361060105	person		9.9	Turtle	false	1.0	1.0	up	2.0	0.0	0.0	0.0	2.0	turtle 44
43	-1	59.65577209271544	-4.0776130705841585	2.68218917095402	person		9.9	Turtle	false	1.0	1.0	up	2.0	0.0	0.0	0.0	2.0	Nobody
44	-1	224.7958389077428	-1.2668121980252391	0.6508304880594247	person		9.9	Turtle	false	1.0	1.0	up	7.0	0.0	0.0	0.0	7.0	turtle 42
45	-1	156.5910094224273	7.489407332937269	-4.50978081015488	person		9.9	Turtle	false	1.0	1.0	up	4.0	0.0	0.0	0.0	4.0	turtle 5
46	-1	340.464559334983	6.64945333711636	7.743230115943961	person		9.9	Turtle	false	1.0	1.0	up	3.0	0.0	0.0	0.0	3.0	Nobody
47	-1	148.86813039336766	6.5257991944309595	-7.08107234829828	person		9.9	Turtle	false	1.0	1.0	up	14.0	0.0	0.0	0.0	14.0	Nobody
48	-1	343.401501739	-2.1912568669283683	6.830933199283177	person		9.9	Turtle	false	1.0	1.0	up	8.0	0.0	0.0	0.0	8.0	Nobody
49	-1	285.1424389692612	-5.8192464643353174	2.9969017155617625	person		9.9	Turtle	false	1.0	1.0	up	4.0	0.0	0.0	0.0	4.0	Nobody
50	-1	247.4089663686865	-1.1041306832632496	-1.186932803279632	person		9.9	Turtle	false	1.0	1.0	up	12.0	0.0	0.0	0.0	12.0	Nobody
51	-1	342.2709750028444	-0.8437180447647168	5.912872515200649	person		9.9	Turtle	false	1.0	1.0	up	0.0	2.0	0.0	128.68	-2.0	turtle 27
52	-1	4.491218035646739	5.861665724201734	-4.397717315503889	person		9.9	Turtle	false	1.0	1.0	up	2.0	0.0	0.0	142.07999999999998	2.0	turtle 55
53	-1	113.68674679684733	6.388927789541343	-0.6072103073343236	person		9.9	Turtle	false	1.0	1.0	up	0.0	2.0	0.0	130.68	-2.0	turtle 17
54	-1	286.32054600872004	-8.459896771240563	7.011228187677875	person		9.9	Turtle	false	1.0	1.0	up	9.0	0.0	0.0	0.0	9.0	Nobody
55	-1	334.05914020719536	6.177125698719153	-4.104751452862697	person		9.9	Turtle	false	1.0	1.0	up	7.0	0.0	0.0	0.0	7.0	Nobody
56	-1	72.88547339437811	-5.07152454842228	1.8930923869512757	person		9.9	Turtle	false	1.0	1.0	up	0.0	1.0	0.0	134.07999999999998	-1.0	Nobody
0	-1	354.1938542322015	8.208887593404928	-3.832240302464843	person		9.9	Turtle	false	1.0	1.0	up	21.0	0.0	0.0	0.0	21.0	Nobody
1	-1	38.00934307281062	0.5067062728105381	-7.593580355587779	person		9.9	Turtle	false	1.0	1.0	up	0.0	12.0	0.0	141.07999999999998	-12.0	Nobody
2	-1	158.02566489743782	-6.624094727748548	-3.1315297141746408	person		9.9	Turtle	false	1.0	1.0	up	15.0	0.0	0.0	0.0	15.0	Nobody
3	-1	76.37836296494754	2.0924142241326367	-6.560925352096387	person		9.9	Turtle	false	1.0	1.0	up	15.0	0.0	0.0	0.0	15.0	Nobody
4	-1	10.2785855020403	5.071028084174416	8.065897878855719	person		9.9	Turtle	false	1.0	1.0	up	0.0	3.0	0.0	126.68	-3.0	Nobody
5	-1	90.42753144604707	-7.848397538951495	-3.169526305555124	person		9.9	Turtle	false	1.0	1.0	up	10.0	0.0	0.0	0.0	10.0	Nobody
6	-1	34.778886312610155	3.3460617855905226	-4.951833270253717	person		9.9	Turtle	false	1.0	1.0	up	5.0	0.0	0.0	0.0	5.0	Nobody
7	-1	227.19476010228288	-3.2123765973092633	7.0900653665805855	person		9.9	Turtle	false	1.0	1.0	up	13.0	0.0	0.0	0.0	13.0	Nobody
8	-1	73.05478330839344	-1.2452412950831104	-2.298282651744179	person		9.9	Turtle	false	1.0	1.0	up	2.0	0.0	0.0	0.0	2.0	Nobody
9	-1	262.42486879851276	-2.3478641794850623	-2.3219171838077517	person		9.9	Turtle	false	1.0	1.0	up	9.0	0.0	0.0	0.0	9.0	Nobody
10	-1	234.4789793411976	2.27184359798204	-5.060371306125365	person		9.9	Turtle	false	1.0	1.0	up	0.0	1.0	0.0	135.32	-1.0	Nobody
11	-1	148.53671028051258	-4.814002089072424	-6.680241365850121	person		9.9	Turtle	false	1.0	1.0	up	14.0	0.0	0.0	0.0	14.0	turtle 40
12	-1	264.08938952270677	-3.5591181160341594	6.243832718978855	person		9.9	Turtle	false	1.0	1.0	up	4.0	0.0	0.0	0.0	4.0	Nobody
13	-1	164.2063791053779	-4.932521407544999	-5.021825318165694	person		9.9	Turtle	false	1.0	1.0	up	1.0	0.0	0.0	0.0	1.0	Nobody
14	-1	160.82920307549318	0.9919414792188899	2.282884907714192	person		9.9	Turtle	false	1.0	1.0	up	2.0	0.0	0.0	0.0	2.0	Nobody
15	-1	58.6908290151689	-3.8127243266204713	7.215182799125829	person		9.9	Turtle	false	1.0	1.0	up	0.0	7.0	0.0	117.91999999999999	-7.0	turtle 41
16	-1	353.9035774931554	0.32750770984336625	5.320698079635581	person		9.9	Turtle	false	1.0	1.0	up	17.0	0.0	0.0	0.0	17.0	Nobody
17	-1	158.13508050657612	-8.307321241789033	0.1268939183764407	person		9.9	Turtle	false	1.0	1.0	up	8.0	0.0	0.0	0.0	8.0	Nobody
18	-1	60.59915479829334	-0.4984866103731109	8.41812857456716	person		9.9	Turtle	false	1.0	1.0	up	29.0	0.0	0.0	0.0	29.0	Nobody
19	-1	41.79644281463078	-8.036253484264869	-4.611581639504482	person		9.9	Turtle	false	1.0	1.0	up	14.0	0.0	0.0	0.0	14.0	Nobody
20	-1	108.0726850821178	-0.3705466135254567	-7.971927914708321	person		9.9	Turtle	false	1.0	1.0	up	0.0	1.0	0.0	132.79999999999998	-1.0	Nobody
21	-1	257.70610156232055	5.872179269787906	5.256729474325689	person		9.9	Turtle	false	1.0	1.0	up	9.0	0.0	0.0	0.0	9.0	Nobody
22	-1	134.59688088612359	2.2085543130110836	-7.31307914670391	person		9.9	Turtle	false	1.0	1.0	up	0.0	5.0	0.0	122.91999999999999	-5.0	turtle 3
23	-1	64.76466133067203	-2.9791484225600926	-1.4504011976572717	person		9.9	Turtle	false	1.0	1.0	up	2.0	0.0	0.0	0.0	2.0	turtle 50
24	-1	200.85007987239993	3.720502180336851	-2.6733181760786735	person		9.9	Turtle	false	1.0	1.0	up	2.0	0.0	0.0	0.0	2.0	Nobody
25	-1	126.6326471733322	-5.7606351766429365	-5.5394522541789035	person		9.9	Turtle	false	1.0	1.0	up	8.0	0.0	0.0	0.0	8.0	Nobody
26	-1	273.95755634984494	-0.22836914469531344	-5.587537240723524	person		9.9	Turtle	false	1.0	1.0	up	5.0	0.0	0.0	0.0	5.0	Nobody
27	-1	296.5280924300521	-2.0111950024123746	6.55614904207976	person		9.9	Turtle	false	1.0	1.0	up	10.0	0.0	0.0	0.0	10.0	Nobody
28	-1	55.986830628682924	-2.3243096706172395	-4.869018605682472	person		9.9	Turtle	false	1.0	1.0	up	0.0	8.0	0.0	129.51999999999998	-8.0	Nobody
29	-1	16.02579544466306	3.7347596886581442	4.742133737253383	person		9.9	Turtle	false	1.0	1.0	up	6.0	0.0	0.0	133.4	6.0	Nobody
30	-1	126.72456823429968	-5.045286301632329	-3.019430019238888	person		9.9	Turtle	false	1.0	1.0	up	8.0	0.0	0.0	0.0	8.0	Nobody
31	-1	244.20152870512914	-3.2469197877367826	-4.657227086435104	person		9.9	Turtle	false	1.0	1.0	up	0.0	4.0	0.0	124.91999999999999	-4.0	turtle 28
32	-1	226.61279350035926	6.4163318415553485	-5.074720104673407	person		9.9	Turtle	false	1.0	1.0	up	0.0	6.0	0.0	127.51999999999998	-6.0	Nobody
33	-1	56.15147776189383	-3.8457390356553107	8.439188674393373	person		9.9	Turtle	false	1.0	1.0	up	12.0	0.0	0.0	0.0	12.0	turtle 41
34	-1	108.85598205256392	8.122841375435792	-6.8981755323071665	person		9.9	Turtle	false	1.0	1.0	up	13.0	0.0	0.0	0.0	13.0	Nobody
35	-1	167.28606783162502	2.0584969100352417	3.7227264494989063	person		9.9	Turtle	false	1.0	1.0	up	4.0	0.0	0.0	0.0	4.0	Nobody
36	-1	331.0481284647542	-1.680929183371088	-4.368087915003922	person		9.9	Turtle	false	1.0	1.0	up	1.0	0.0	0.0	0.0	1.0	turtle 39
37	-1	342.64901116678845	-6.819715970463389	-7.460561347517485	person		9.9	Turtle	false	1.0	1.0	up	0.0	4.0	0.0	134.79999999999998	-4.0	Nobody
38	-1	317.8539568007169	2.752227821413256	6.617208512924933	person		9.9	Turtle	false	1.0	1.0	up	13.0	0.0	0.0	0.0	13.0	Nobody
39	-1	200.3246916161705	-2.6167401151745144	-4.960226214770947	person		9.9	Turtle	false	1.0	1.0	up	13.0	0.0	0.0	0.0	13.0	turtle 28
40	-1	313.6457961633431	-6.129870293884167	-6.5712825085359245	person		9.9	Turtle	false	1.0	1.0	up	2.0	0.0	0.0	0.0	2.0	Nobody
41	-1	19.09674069169114	-3.9301799610577266	7.944378136596962	person		9.9	Turtle	false	1.0	1.0	up	7.0	0.0	0.0	0.0	7.0	Nobody
42	-1	208.57281750711195	-1.393163299639004	1.7257987731899391	person		9.9	Turtle	false	1.0	1.0	up	2.0	0.0	0.0	0.0	2.0	Nobody
43	-1	160.76252153411403	-4.122604917306644	1.844844497220389	person		9.9	Turtle	false	1.0	1.0	up	0.0	0.0	0.0	0.0	0.0	turtle 56
44	-1	147.74133816776725	0.7589451126208835	-0.6863469332860381	person		9.9	Turtle	false	1.0	1.0	up	7.0	0.0	0.0	0.0	7.0	Nobody
45	-1	259.3214072978136	4.891790339555221	-4.6528534201639395	person		9.9	Turtle	false	1.0	1.0	up	4.0	0.0	0.0	0.0	4.0	Nobody
46	-1	207.91890683341936	5.209307375677673	5.112835601956973	person		9.9	Turtle	false	1.0	1.0	up	3.0	0.0	0.0	0.0	3.0	Nobody
47	-1	357.18460836826114	6.77313869899246	-6.433334354126409	person		9.9	Turtle	false	1.0	1.0	up	9.0	0.0	0.0	0.0	9.0	Nobody
48	-1	188.3920324819788	-0.3731572258681809	6.137443967976264	person		9.9	Turtle	false	1.0	1.0	up	8.0	0.0	0.0	0.0	8.0	Nobody
49	-1	104.89800973642673	-4.639673031626161	2.1646010733924235	person		9.9	Turtle	false	1.0	1.0	up	4.0	0.0	0.0	0.0	4.0	Nobody
50	-1	339.6192023088532	-3.3513433841269253	-0.36526149344636805	person		9.9	Turtle	false	1.0	1.0	up	14.0	0.0	0.0	0.0	14.0	Nobody
51	-1	321.6897805690321	-1.1966734538218153	5.808648761189701	person		9.9	Turtle	false	1.0	1.0	up	0.0	2.0	0.0	128.68	-2.0	turtle 27
52	-1	57.84449531229433	7.26363096919908	-5.108012073700247	person		9.9	Turtle	false	1.0	1.0	up	2.0	0.0	0.0	142.07999999999998	2.0	Nobody
53	-1	119.92302225320074	7.525952698310081	0.8241393765289071	person		9.9	Turtle	false	1.0	1.0	up	0.0	2.0	0.0	130.68	-2.0	Nobody
54	-1	80.54587507637132	-7.637726868976619	7.524984574881933	person		9.9	Turtle	false	1.0	1.0	up	9.0	0.0	0.0	0.0	9.0	Nobody
55	-1	271.78273221409336	4.901431015580168	-4.175708046847264	person		9.9	Turtle	false	1.0	1.0	up	7.0	0.0	0.0	0.0	7.0	Nobody
56	-1	68.6358814639965	-2.7696947550408426	2.5430381936711397	person		9.9	Turtle	false	1.0	1.0	up	1.0	0.0	0.0	134.07999999999998	1.0	Nobody